{"level":30,"time":1781033887481,"pid":26204,"hostname":"preethika","requestId":"2ab500c4-a34e-4d04-8437-68205d300a59","method":"POST","url":"/api/match?random=0.8066382278036108","statusCode":500,"executionTimeMs":6704.51,"cacheStatus":"miss","filterParams":{},"paginationParams":{}}
{"level":30,"time":1781033888071,"pid":26204,"hostname":"preethika","requestId":"4aa662a7-3681-4b98-bff9-ec3d4febd2a7","method":"POST","url":"/api/match?random=0.3809372911996589","statusCode":500,"executionTimeMs":7280.05,"cacheStatus":"miss","filterParams":{},"paginationParams":{}}
{"level":30,"time":1781033888182,"pid":26204,"hostname":"preethika","requestId":"8dcf071e-f078-44a4-9821-f319b69cfb5f","method":"POST","url":"/api/match?random=0.0411179102210828","statusCode":500,"executionTimeMs":7380.79,"cacheStatus":"miss","filterParams":{},"paginationParams":{}}
{"level":30,"time":1781033888268,"pid":26204,"hostname":"preethika","requestId":"2a71c660-0435-452f-abfa-3bc8838fdda1","method":"POST","url":"/api/match?random=0.5964758968494526","statusCode":500,"executionTimeMs":7523.41,"cacheStatus":"miss","filterParams":{},"paginationParams":{}}
{"level":30,"time":1781033888830,"pid":26204,"hostname":"preethika","requestId":"f6cbff06-7c20-4701-8603-e2cda83f76c3","method":"POST","url":"/api/match?random=0.6903854708253414","statusCode":500,"executionTimeMs":8086.71,"cacheStatus":"miss","filterParams":{},"paginationParams":{}}
{"level":30,"time":1781033888924,"pid":26204,"hostname":"preethika","requestId":"83bfd38d-fe7f-41ad-b61d-0dc8fe1cce5a","method":"POST","url":"/api/match?random=0.38592360595804687","statusCode":500,"executionTimeMs":8191.04,"cacheStatus":"miss","filterParams":{},"paginationParams":{}}
{"level":30,"time":1781033889104,"pid":26204,"hostname":"preethika","requestId":"853d2a9c-0d25-4024-84aa-18e266f42074","method":"POST","url":"/api/match?random=0.26409141294563465","statusCode":500,"executionTimeMs":8391.95,"cacheStatus":"miss","filterParams":{},"paginationParams":{}}
{"level":30,"time":1781033889560,"pid":26204,"hostname":"preethika","requestId":"6ebf70be-075d-4cb3-b0de-d2418aad8ddd","method":"POST","url":"/api/match?random=0.33717203282948205","statusCode":500,"executionTimeMs":8804.18,"cacheStatus":"miss","filterParams":{},"paginationParams":{}}
{"level":30,"time":1781033889572,"pid":26204,"hostname":"preethika","requestId":"cdea8981-7311-4fa2-bafe-ebdabd22826a","method":"POST","url":"/api/match?random=0.3851652338994669","statusCode":500,"executionTimeMs":8802.6,"cacheStatus":"miss","filterParams":{},"paginationParams":{}}
{"level":30,"time":1781033889593,"pid":26204,"hostname":"preethika","requestId":"d6ddddec-45e5-43b6-932e-cf153e06d1e7","method":"POST","url":"/api/match?random=0.5513575162528677","statusCode":500,"executionTimeMs":8815.76,"cacheStatus":"miss","filterParams":{},"paginationParams":{}}
{"level":30,"time":1781033889707,"pid":26204,"hostname":"preethika","requestId":"b6eea049-f6e5-435d-9191-4e4188825127","method":"POST","url":"/api/match?random=0.13726513782435057","statusCode":500,"executionTimeMs":8969.22,"cacheStatus":"miss","filterParams":{},"paginationParams":{}}
{"level":30,"time":1781033890045,"pid":26204,"hostname":"preethika","requestId":"530e1d80-9d93-4466-b4a8-aafbde6d286d","method":"POST","url":"/api/match?random=0.35491014564233003","statusCode":500,"executionTimeMs":9297.87,"cacheStatus":"miss","filterParams":{},"paginationParams":{}}
{"level":30,"time":1781033890176,"pid":26204,"hostname":"preethika","requestId":"e086b156-0d47-4eea-8eb8-29c74bebe45e","method":"POST","url":"/api/match?random=0.055462066141738875","statusCode":500,"executionTimeMs":9430.16,"cacheStatus":"miss","filterParams":{},"paginationParams":{}}
{"level":30,"time":1781033890215,"pid":26204,"hostname":"preethika","requestId":"c4042048-24b1-4ad3-8705-1d6313b14606","method":"POST","url":"/api/match?random=0.9187713257720009","statusCode":500,"executionTimeMs":9489.88,"cacheStatus":"miss","filterParams":{},"paginationParams":{}}
{"level":30,"time":1781033890409,"pid":26204,"hostname":"preethika","requestId":"3bef57d7-0f5c-4bdf-8a89-fc70ae388465","method":"POST","url":"/api/match?random=0.19027176049278727","statusCode":500,"executionTimeMs":9647.76,"cacheStatus":"miss","filterParams":{},"paginationParams":{}}
{"level":30,"time":1781033890548,"pid":26204,"hostname":"preethika","requestId":"89079051-f561-49a6-b2e4-37e614e4cb29","method":"POST","url":"/api/match?random=0.05634470151582849","statusCode":500,"executionTimeMs":9754.23,"cacheStatus":"miss","filterParams":{},"paginationParams":{}}
{"level":30,"time":1781033890618,"pid":26204,"hostname":"preethika","requestId":"7697d6c4-7a96-4428-b542-a8a051b7b37b","method":"POST","url":"/api/match?random=0.31440420034670913","statusCode":500,"executionTimeMs":9875.93,"cacheStatus":"miss","filterParams":{},"paginationParams":{}}
{"level":30,"time":1781033890654,"pid":26204,"hostname":"preethika","requestId":"90b2caa0-a310-45f6-a1c2-5dc7c306b9d5","method":"POST","url":"/api/match?random=0.4242262079595822","statusCode":500,"executionTimeMs":9931.08,"cacheStatus":"miss","filterParams":{},"paginationParams":{}}
{"level":30,"time":1781033890712,"pid":26204,"hostname":"preethika","requestId":"bc26198a-7881-45b4-a6db-56c334f5cc17","method":"POST","url":"/api/match?random=0.7242712913135203","statusCode":500,"executionTimeMs":9971.86,"cacheStatus":"miss","filterParams":{},"paginationParams":{}}
{"level":30,"time":1781033890957,"pid":26204,"hostname":"preethika","requestId":"58297c4c-4e3d-4f78-a816-8b1bd5fca0d4","method":"POST","url":"/api/match?random=0.10707823592756816","statusCode":500,"executionTimeMs":10202.84,"cacheStatus":"miss","filterParams":{},"paginationParams":{}}
{"level":30,"time":1781033891082,"pid":26204,"hostname":"preethika","requestId":"ac1818ac-1224-4a86-adf9-004ebbd8c011","method":"POST","url":"/api/match?random=0.19694752595643417","statusCode":500,"executionTimeMs":10254.9,"cacheStatus":"miss","filterParams":{},"paginationParams":{}}
{"level":30,"time":1781033891152,"pid":26204,"hostname":"preethika","requestId":"36d28d3e-3e0f-4b76-a8c3-b7a1db47978e","method":"POST","url":"/api/match?random=0.4248760586318894","statusCode":500,"executionTimeMs":10386.99,"cacheStatus":"miss","filterParams":{},"paginationParams":{}}
{"level":30,"time":1781033891365,"pid":26204,"hostname":"preethika","requestId":"5014082a-07ee-4f50-b9c9-34e67ff54a91","method":"POST","url":"/api/match?random=0.43586938127721075","statusCode":500,"executionTimeMs":10635.64,"cacheStatus":"miss","filterParams":{},"paginationParams":{}}
{"level":30,"time":1781033891458,"pid":26204,"hostname":"preethika","requestId":"2963ad01-8848-44bd-abe2-6648a4aa5dd7","method":"POST","url":"/api/match?random=0.6851063348832058","statusCode":500,"executionTimeMs":10723.35,"cacheStatus":"miss","filterParams":{},"paginationParams":{}}
{"level":30,"time":1781033891518,"pid":26204,"hostname":"preethika","requestId":"e49c0aeb-5f4e-43cd-9b12-9686a7cbff75","method":"POST","url":"/api/match?random=0.06530749652444667","statusCode":500,"executionTimeMs":10756.19,"cacheStatus":"miss","filterParams":{},"paginationParams":{}}
{"level":30,"time":1781033891536,"pid":26204,"hostname":"preethika","requestId":"48a5119d-fca4-4e3c-bf99-f8068d1a164e","method":"POST","url":"/api/match?random=0.012386321121311772","statusCode":500,"executionTimeMs":10740.09,"cacheStatus":"miss","filterParams":{},"paginationParams":{}}
{"level":30,"time":1781033891585,"pid":26204,"hostname":"preethika","requestId":"e394fed0-a867-4688-b08b-9bc830cec5a3","method":"POST","url":"/api/match?random=0.9101278791067648","statusCode":500,"executionTimeMs":10757.56,"cacheStatus":"miss","filterParams":{},"paginationParams":{}}
{"level":30,"time":1781033891591,"pid":26204,"hostname":"preethika","requestId":"b93e3996-1916-420b-b2c7-6f9498ef87c4","method":"POST","url":"/api/match?random=0.2279368635747705","statusCode":500,"executionTimeMs":10773.47,"cacheStatus":"miss","filterParams":{},"paginationParams":{}}
{"level":30,"time":1781033891811,"pid":26204,"hostname":"preethika","requestId":"95511ebb-4bce-4cbc-ae2f-8c2f921d7387","method":"POST","url":"/api/match?random=0.7256200906398944","statusCode":500,"executionTimeMs":11068.62,"cacheStatus":"miss","filterParams":{},"paginationParams":{}}
{"level":30,"time":1781033891840,"pid":26204,"hostname":"preethika","requestId":"7cc64f24-be4c-4b2b-af9d-5a7c1bccd5c8","method":"POST","url":"/api/match?random=0.7635720214410837","statusCode":500,"executionTimeMs":11132.64,"cacheStatus":"miss","filterParams":{},"paginationParams":{}}
{"level":30,"time":1781033891847,"pid":26204,"hostname":"preethika","requestId":"33b64156-9b28-4c2f-8075-55fe1d16ded5","method":"POST","url":"/api/match?random=0.09125064969326013","statusCode":500,"executionTimeMs":11027.26,"cacheStatus":"miss","filterParams":{},"paginationParams":{}}
{"level":30,"time":1781033891908,"pid":26204,"hostname":"preethika","requestId":"b7f5e27a-236d-495b-979d-8290efca32e0","method":"POST","url":"/api/match?random=0.2581096062527022","statusCode":500,"executionTimeMs":11148.68,"cacheStatus":"miss","filterParams":{},"paginationParams":{}}
{"level":30,"time":1781033891926,"pid":26204,"hostname":"preethika","requestId":"3279176f-28e1-4842-b6a2-406893dd743d","method":"POST","url":"/api/match?random=0.7756436722734688","statusCode":500,"executionTimeMs":11177.51,"cacheStatus":"miss","filterParams":{},"paginationParams":{}}
{"level":30,"time":1781033891958,"pid":26204,"hostname":"preethika","requestId":"0d1553ab-85b1-45c3-81a9-62f1ee295afc","method":"POST","url":"/api/match?random=0.789427496831955","statusCode":500,"executionTimeMs":11170.88,"cacheStatus":"miss","filterParams":{},"paginationParams":{}}
{"level":30,"time":1781033891986,"pid":26204,"hostname":"preethika","requestId":"6c583dbd-17eb-48e0-9a3f-d231c7e5605f","method":"POST","url":"/api/match?random=0.06946561788653804","statusCode":500,"executionTimeMs":11171.26,"cacheStatus":"miss","filterParams":{},"paginationParams":{}}
{"level":30,"time":1781033892040,"pid":26204,"hostname":"preethika","requestId":"8160e67c-aca3-40b6-9d13-3fa91a7a210b","method":"POST","url":"/api/match?random=0.05456255850880076","statusCode":500,"executionTimeMs":11303.91,"cacheStatus":"miss","filterParams":{},"paginationParams":{}}
{"level":30,"time":1781033892108,"pid":26204,"hostname":"preethika","requestId":"15d3a43b-6102-4e46-9a96-10fc8a615219","method":"POST","url":"/api/match?random=0.2889742965766622","statusCode":500,"executionTimeMs":11309.44,"cacheStatus":"miss","filterParams":{},"paginationParams":{}}
{"level":30,"time":1781033892160,"pid":26204,"hostname":"preethika","requestId":"a9d67b55-78f8-44e3-ace3-1656e5344578","method":"POST","url":"/api/match?random=0.7642630220842574","statusCode":500,"executionTimeMs":11367.39,"cacheStatus":"miss","filterParams":{},"paginationParams":{}}
{"level":30,"time":1781033892189,"pid":26204,"hostname":"preethika","requestId":"c70a0ab3-2775-476b-9f9e-dcd2985a1aa5","method":"POST","url":"/api/match?random=0.8852356407107054","statusCode":500,"executionTimeMs":11416.74,"cacheStatus":"miss","filterParams":{},"paginationParams":{}}
{"level":30,"time":1781033892233,"pid":26204,"hostname":"preethika","requestId":"15c37fda-31a9-44db-9e5b-77048b33d5a8","method":"POST","url":"/api/match?random=0.2404140729872073","statusCode":500,"executionTimeMs":11429.07,"cacheStatus":"miss","filterParams":{},"paginationParams":{}}
{"level":30,"time":1781033892239,"pid":26204,"hostname":"preethika","requestId":"270edd29-fb3b-4712-9efd-de1a897025e7","method":"POST","url":"/api/match?random=0.3527174933883701","statusCode":500,"executionTimeMs":11427.94,"cacheStatus":"miss","filterParams":{},"paginationParams":{}}
{"level":30,"time":1781033892570,"pid":26204,"hostname":"preethika","requestId":"eff0107f-ea39-42e4-a533-97b11fdb7a00","method":"POST","url":"/api/match?random=0.9967356852058671","statusCode":500,"executionTimeMs":11743.21,"cacheStatus":"miss","filterParams":{},"paginationParams":{}}
{"level":30,"time":1781033892580,"pid":26204,"hostname":"preethika","requestId":"16b222a4-2dab-4098-927c-8049319e73ba","method":"POST","url":"/api/match?random=0.02006207694704565","statusCode":500,"executionTimeMs":11848.85,"cacheStatus":"miss","filterParams":{},"paginationParams":{}}
{"level":30,"time":1781033892659,"pid":26204,"hostname":"preethika","requestId":"19053f3b-96ae-41be-a6ba-3900f286c871","method":"POST","url":"/api/match?random=0.1568695697848601","statusCode":500,"executionTimeMs":11898.44,"cacheStatus":"miss","filterParams":{},"paginationParams":{}}
{"level":30,"time":1781033892824,"pid":26204,"hostname":"preethika","requestId":"fe4ae47d-bfa4-47c6-9429-fcf8a6c5dfed","method":"POST","url":"/api/match?random=0.5495658112868473","statusCode":500,"executionTimeMs":12050.52,"cacheStatus":"miss","filterParams":{},"paginationParams":{}}
{"level":30,"time":1781033892846,"pid":26204,"hostname":"preethika","requestId":"8cdbde46-8539-443e-881d-612816ccf560","method":"POST","url":"/api/match?random=0.5753446585740856","statusCode":500,"executionTimeMs":12037.93,"cacheStatus":"miss","filterParams":{},"paginationParams":{}}
{"level":30,"time":1781033892888,"pid":26204,"hostname":"preethika","requestId":"67ba838e-4227-41bf-94f6-fe799d765c9f","method":"POST","url":"/api/match?random=0.24703395277245477","statusCode":500,"executionTimeMs":12094.34,"cacheStatus":"miss","filterParams":{},"paginationParams":{}}
{"level":30,"time":1781033892909,"pid":26204,"hostname":"preethika","requestId":"93f95cf6-d33f-4b55-95d1-13677ea18f96","method":"POST","url":"/api/match?random=0.7427976024771528","statusCode":500,"executionTimeMs":12099.51,"cacheStatus":"miss","filterParams":{},"paginationParams":{}}
{"level":30,"time":1781033892921,"pid":26204,"hostname":"preethika","requestId":"3fda4acb-6d43-4245-a28f-faec6d94bd67","method":"POST","url":"/api/match?random=0.13144199380698307","statusCode":500,"executionTimeMs":12101.7,"cacheStatus":"miss","filterParams":{},"paginationParams":{}}
{"level":30,"time":1781033892943,"pid":26204,"hostname":"preethika","requestId":"e11ab44c-3097-449e-abc1-46c543ca87ed","method":"POST","url":"/api/match?random=0.736584599187845","statusCode":500,"executionTimeMs":12219.33,"cacheStatus":"miss","filterParams":{},"paginationParams":{}}
{"level":30,"time":1781033892976,"pid":26204,"hostname":"preethika","requestId":"7e7ffdf7-1270-4a38-a701-6229d100ef1a","method":"POST","url":"/api/match?random=0.3184948933931111","statusCode":500,"executionTimeMs":12150.92,"cacheStatus":"miss","filterParams":{},"paginationParams":{}}
{"level":30,"time":1781033892994,"pid":26204,"hostname":"preethika","requestId":"f9594401-662b-4257-99ae-8913abc5f45f","method":"POST","url":"/api/match?random=0.2750927907854994","statusCode":500,"executionTimeMs":12196.31,"cacheStatus":"miss","filterParams":{},"paginationParams":{}}
{"level":30,"time":1781033893110,"pid":26204,"hostname":"preethika","requestId":"691b329f-3b37-42e6-ac84-ca69550103f7","method":"POST","url":"/api/match?random=0.9150820931856389","statusCode":500,"executionTimeMs":12327.01,"cacheStatus":"miss","filterParams":{},"paginationParams":{}}
{"level":30,"time":1781033893148,"pid":26204,"hostname":"preethika","requestId":"15c8297d-60dc-4699-94e2-72767bdf9421","method":"POST","url":"/api/match?random=0.11013163930910319","statusCode":500,"executionTimeMs":12396.58,"cacheStatus":"miss","filterParams":{},"paginationParams":{}}
{"level":30,"time":1781033893178,"pid":26204,"hostname":"preethika","requestId":"43a7f5e7-47af-4d0e-b7e9-09da0da060c2","method":"POST","url":"/api/match?random=0.9579678496407746","statusCode":500,"executionTimeMs":12373.07,"cacheStatus":"miss","filterParams":{},"paginationParams":{}}
{"level":30,"time":1781033893332,"pid":26204,"hostname":"preethika","requestId":"747f1ae3-98dd-4a9f-a3e9-89e77d37bfd6","method":"POST","url":"/api/match?random=0.3002737017145738","statusCode":500,"executionTimeMs":12581.15,"cacheStatus":"miss","filterParams":{},"paginationParams":{}}
{"level":30,"time":1781033893348,"pid":26204,"hostname":"preethika","requestId":"fd0f767f-004b-4478-9c4f-22cc493ea171","method":"POST","url":"/api/match?random=0.7732788507412511","statusCode":500,"executionTimeMs":12524.54,"cacheStatus":"miss","filterParams":{},"paginationParams":{}}
{"level":30,"time":1781033893370,"pid":26204,"hostname":"preethika","requestId":"fd943cae-a024-4f55-ba46-80f99d8cf56d","method":"POST","url":"/api/match?random=0.133129408668188","statusCode":500,"executionTimeMs":12572.15,"cacheStatus":"miss","filterParams":{},"paginationParams":{}}
{"level":30,"time":1781033893377,"pid":26204,"hostname":"preethika","requestId":"a7cb6436-581c-414f-8948-cc847926a582","method":"POST","url":"/api/match?random=0.7094075416237495","statusCode":500,"executionTimeMs":12649.63,"cacheStatus":"miss","filterParams":{},"paginationParams":{}}
{"level":30,"time":1781033893386,"pid":26204,"hostname":"preethika","requestId":"9f33454d-a8e1-4a0a-9e40-dfd7caf95e74","method":"POST","url":"/api/match?random=0.27808656788844677","statusCode":500,"executionTimeMs":12567.08,"cacheStatus":"miss","filterParams":{},"paginationParams":{}}
{"level":30,"time":1781033893390,"pid":26204,"hostname":"preethika","requestId":"38abbe0c-6b01-49c2-9226-5c94697bb175","method":"POST","url":"/api/match?random=0.8785227064105376","statusCode":500,"executionTimeMs":12623.44,"cacheStatus":"miss","filterParams":{},"paginationParams":{}}
{"level":30,"time":1781033893427,"pid":26204,"hostname":"preethika","requestId":"6ce8f5f9-fef4-4f3f-88e7-a1ca0d43953f","method":"POST","url":"/api/match?random=0.10280659676923642","statusCode":500,"executionTimeMs":12631.94,"cacheStatus":"miss","filterParams":{},"paginationParams":{}}
{"level":30,"time":1781033893441,"pid":26204,"hostname":"preethika","requestId":"329cd6d5-1c80-40ea-adcf-3ad761d95adf","method":"POST","url":"/api/match?random=0.16822839933313927","statusCode":500,"executionTimeMs":12687.97,"cacheStatus":"miss","filterParams":{},"paginationParams":{}}
{"level":30,"time":1781033893487,"pid":26204,"hostname":"preethika","requestId":"30406c29-44af-4bbe-902a-5c63e9a795bc","method":"POST","url":"/api/match?random=0.800640782924132","statusCode":500,"executionTimeMs":12712.06,"cacheStatus":"miss","filterParams":{},"paginationParams":{}}
{"level":30,"time":1781033893518,"pid":26204,"hostname":"preethika","requestId":"640757e0-5ddd-4f55-9c0b-35345b2b3782","method":"POST","url":"/api/match?random=0.7844424206109581","statusCode":500,"executionTimeMs":12761.25,"cacheStatus":"miss","filterParams":{},"paginationParams":{}}
{"level":30,"time":1781033893526,"pid":26204,"hostname":"preethika","requestId":"6cba4c12-622f-4d4b-a3e2-f5762af42a98","method":"POST","url":"/api/match?random=0.9905658802988664","statusCode":500,"executionTimeMs":12699.82,"cacheStatus":"miss","filterParams":{},"paginationParams":{}}
{"level":30,"time":1781033893561,"pid":26204,"hostname":"preethika","requestId":"929fb3bb-2b6e-43af-8942-22b6eae1b63b","method":"POST","url":"/api/match?random=0.5286134997162082","statusCode":500,"executionTimeMs":12753.98,"cacheStatus":"miss","filterParams":{},"paginationParams":{}}
{"level":30,"time":1781033893587,"pid":26204,"hostname":"preethika","requestId":"397069a6-1d9c-4004-b44e-42c3972853d2","method":"POST","url":"/api/match?random=0.7953149293991681","statusCode":500,"executionTimeMs":12782.68,"cacheStatus":"miss","filterParams":{},"paginationParams":{}}
{"level":30,"time":1781033893618,"pid":26204,"hostname":"preethika","requestId":"c9e9daf9-3c28-46a6-9883-bbb79612f7b0","method":"POST","url":"/api/match?random=0.4980012021189575","statusCode":500,"executionTimeMs":12828.8,"cacheStatus":"miss","filterParams":{},"paginationParams":{}}
{"level":30,"time":1781033893659,"pid":26204,"hostname":"preethika","requestId":"18e80376-d785-4508-bce4-27514f53a5ec","method":"POST","url":"/api/match?random=0.3500424135604687","statusCode":500,"executionTimeMs":12837.81,"cacheStatus":"miss","filterParams":{},"paginationParams":{}}
{"level":30,"time":1781033893671,"pid":26204,"hostname":"preethika","requestId":"634591aa-b72e-43fb-ad2c-066cae459ee0","method":"POST","url":"/api/match?random=0.9330206898975997","statusCode":500,"executionTimeMs":12848.63,"cacheStatus":"miss","filterParams":{},"paginationParams":{}}
{"level":30,"time":1781033893688,"pid":26204,"hostname":"preethika","requestId":"3c899442-20bd-44c4-bab3-ac4e336b9f81","method":"POST","url":"/api/match?random=0.9982634473157865","statusCode":500,"executionTimeMs":12972.75,"cacheStatus":"miss","filterParams":{},"paginationParams":{}}
{"level":30,"time":1781033893719,"pid":26204,"hostname":"preethika","requestId":"67849dfc-03cb-434f-bce7-a770e929da0a","method":"POST","url":"/api/match?random=0.9347362386019464","statusCode":500,"executionTimeMs":12911.7,"cacheStatus":"miss","filterParams":{},"paginationParams":{}}
{"level":30,"time":1781033893725,"pid":26204,"hostname":"preethika","requestId":"23c5db24-ffbc-403d-b1b1-53047334998a","method":"POST","url":"/api/match?random=0.968384185274763","statusCode":500,"executionTimeMs":12912.12,"cacheStatus":"miss","filterParams":{},"paginationParams":{}}
{"level":30,"time":1781033893788,"pid":26204,"hostname":"preethika","requestId":"ae6cd407-f5db-4b22-a420-86f08f57d910","method":"POST","url":"/api/match?random=0.7993894845928802","statusCode":500,"executionTimeMs":12962.54,"cacheStatus":"miss","filterParams":{},"paginationParams":{}}
{"level":30,"time":1781033893829,"pid":26204,"hostname":"preethika","requestId":"d40024e6-d163-4eba-b506-e15eeb20c272","method":"POST","url":"/api/match?random=0.8539008510994108","statusCode":500,"executionTimeMs":13075.36,"cacheStatus":"miss","filterParams":{},"paginationParams":{}}
{"level":30,"time":1781033893839,"pid":26204,"hostname":"preethika","requestId":"90043c96-90ef-49a8-a924-22dd4a879cca","method":"POST","url":"/api/match?random=0.4891900973173453","statusCode":500,"executionTimeMs":13037.4,"cacheStatus":"miss","filterParams":{},"paginationParams":{}}
{"level":30,"time":1781033893904,"pid":26204,"hostname":"preethika","requestId":"df497ba1-7bdc-4b9e-abf2-be08e2104216","method":"POST","url":"/api/match?random=0.4633935133592564","statusCode":500,"executionTimeMs":13147.72,"cacheStatus":"miss","filterParams":{},"paginationParams":{}}
{"level":30,"time":1781033893918,"pid":26204,"hostname":"preethika","requestId":"5c007347-b7ad-403c-9646-969b87ebb010","method":"POST","url":"/api/match?random=0.3964037004459915","statusCode":500,"executionTimeMs":13147.28,"cacheStatus":"miss","filterParams":{},"paginationParams":{}}
{"level":30,"time":1781033894029,"pid":26204,"hostname":"preethika","requestId":"5f6040ba-debf-4aac-a752-c9a49924e199","method":"POST","url":"/api/match?random=0.7227547442091384","statusCode":500,"executionTimeMs":13212.56,"cacheStatus":"miss","filterParams":{},"paginationParams":{}}
{"level":30,"time":1781033894083,"pid":26204,"hostname":"preethika","requestId":"db400800-ce59-4990-9a0f-2ad942e31713","method":"POST","url":"/api/match?random=0.7447399472195595","statusCode":500,"executionTimeMs":13265.89,"cacheStatus":"miss","filterParams":{},"paginationParams":{}}
{"level":30,"time":1781033894098,"pid":26204,"hostname":"preethika","requestId":"98a6507b-2268-4d9d-98d2-eb9c7f2224fd","method":"POST","url":"/api/match?random=0.43934857782175163","statusCode":500,"executionTimeMs":13383.86,"cacheStatus":"miss","filterParams":{},"paginationParams":{}}
{"level":30,"time":1781033894104,"pid":26204,"hostname":"preethika","requestId":"da2acab8-07b8-4764-a25a-8cc4be2f1925","method":"POST","url":"/api/match?random=0.8483164356818345","statusCode":500,"executionTimeMs":13322.67,"cacheStatus":"miss","filterParams":{},"paginationParams":{}}
{"level":30,"time":1781033894171,"pid":26204,"hostname":"preethika","requestId":"ab4822ac-5525-4e12-92fd-15151c864c68","method":"POST","url":"/api/match?random=0.3144102588709623","statusCode":500,"executionTimeMs":13450.75,"cacheStatus":"miss","filterParams":{},"paginationParams":{}}
{"level":30,"time":1781033894179,"pid":26204,"hostname":"preethika","requestId":"7d9bcc5d-f677-4234-8b99-aae821983c51","method":"POST","url":"/api/match?random=0.6569461895849011","statusCode":500,"executionTimeMs":13388.67,"cacheStatus":"miss","filterParams":{},"paginationParams":{}}
{"level":30,"time":1781033894227,"pid":26204,"hostname":"preethika","requestId":"8a84074b-d619-4b50-8188-9b9a189fd058","method":"POST","url":"/api/match?random=0.37327230897481734","statusCode":500,"executionTimeMs":13404.49,"cacheStatus":"miss","filterParams":{},"paginationParams":{}}
{"level":30,"time":1781033894274,"pid":26204,"hostname":"preethika","requestId":"aacfb6b1-0648-4c11-b3c4-340b072c3def","method":"POST","url":"/api/match?random=0.029110409054112996","statusCode":500,"executionTimeMs":13463.84,"cacheStatus":"miss","filterParams":{},"paginationParams":{}}
{"level":30,"time":1781033894352,"pid":26204,"hostname":"preethika","requestId":"ed60b397-bd47-4914-9f06-4c38da2ee809","method":"POST","url":"/api/match?random=0.6859118610052692","statusCode":500,"executionTimeMs":13567.65,"cacheStatus":"miss","filterParams":{},"paginationParams":{}}
{"level":30,"time":1781033894377,"pid":26204,"hostname":"preethika","requestId":"9e226775-eaa2-48ee-8715-558342c60ec4","method":"POST","url":"/api/match?random=0.051019256303674876","statusCode":500,"executionTimeMs":13638.16,"cacheStatus":"miss","filterParams":{},"paginationParams":{}}
{"level":30,"time":1781033894386,"pid":26204,"hostname":"preethika","requestId":"aa52c07f-62a2-4a06-9cec-1dc557541e8e","method":"POST","url":"/api/match?random=0.25730908931962615","statusCode":500,"executionTimeMs":13627.85,"cacheStatus":"miss","filterParams":{},"paginationParams":{}}
{"level":30,"time":1781033894397,"pid":26204,"hostname":"preethika","requestId":"c19553e3-4f4b-49c7-85ff-837b5b0a8b73","method":"POST","url":"/api/match?random=0.6403173551063135","statusCode":500,"executionTimeMs":13572.62,"cacheStatus":"miss","filterParams":{},"paginationParams":{}}
{"level":30,"time":1781033894457,"pid":26204,"hostname":"preethika","requestId":"4d7357c9-be12-4be5-9c21-5d0ca822cb28","method":"POST","url":"/api/match?random=0.5504669723283184","statusCode":500,"executionTimeMs":13650.94,"cacheStatus":"miss","filterParams":{},"paginationParams":{}}
{"level":30,"time":1781033894488,"pid":26204,"hostname":"preethika","requestId":"2cd0ca72-a0c5-4165-b57f-1af9ba0fc7dd","method":"POST","url":"/api/match?random=0.14871083597016255","statusCode":500,"executionTimeMs":13667.49,"cacheStatus":"miss","filterParams":{},"paginationParams":{}}
{"level":30,"time":1781033894591,"pid":26204,"hostname":"preethika","requestId":"4d5d0d55-16cc-43b8-adca-93e5a6011093","method":"POST","url":"/api/match?random=0.6966652583580617","statusCode":500,"executionTimeMs":13781.94,"cacheStatus":"miss","filterParams":{},"paginationParams":{}}
{"level":30,"time":1781033894633,"pid":26204,"hostname":"preethika","requestId":"4ec1fea6-1f1e-41dc-84b0-68d96f4566f7","method":"POST","url":"/api/match?random=0.8824275912130837","statusCode":500,"executionTimeMs":13916.63,"cacheStatus":"miss","filterParams":{},"paginationParams":{}}
{"level":30,"time":1781033894748,"pid":26204,"hostname":"preethika","requestId":"e54610a5-633f-491e-bde3-006de9ddba20","method":"POST","url":"/api/match?random=0.7891972235674449","statusCode":500,"executionTimeMs":14021.87,"cacheStatus":"miss","filterParams":{},"paginationParams":{}}
{"level":30,"time":1781033894783,"pid":26204,"hostname":"preethika","requestId":"171429f2-8ef2-4344-a4d7-fc719783f0b9","method":"POST","url":"/api/match?random=0.5115865521007976","statusCode":500,"executionTimeMs":13991.91,"cacheStatus":"miss","filterParams":{},"paginationParams":{}}
{"level":30,"time":1781033894855,"pid":26204,"hostname":"preethika","requestId":"137988d4-809e-41a4-a6b1-8fb8d3022249","method":"POST","url":"/api/match?random=0.16287640669591985","statusCode":500,"executionTimeMs":14136.81,"cacheStatus":"miss","filterParams":{},"paginationParams":{}}
{"level":30,"time":1781033896024,"pid":26204,"hostname":"preethika","requestId":"3f3ec64e-3d9e-427c-b9a9-fa8a8581dcca","method":"POST","url":"/api/match?random=0.6064006161756257","statusCode":500,"executionTimeMs":15216.79,"cacheStatus":"miss","filterParams":{},"paginationParams":{}}
{"level":30,"time":1781033897560,"pid":26204,"hostname":"preethika","requestId":"50cd9156-1ca4-4b25-a3cd-5cfc62ff8672","method":"POST","url":"/api/match?random=0.4203474068991617","statusCode":500,"executionTimeMs":16829.9,"cacheStatus":"miss","filterParams":{},"paginationParams":{}}
{"level":30,"time":1781033942973,"pid":26204,"hostname":"preethika","requestId":"97740730-3163-4f15-8de3-1c217d404860","method":"POST","url":"/api/match?random=0.9571264457564006","statusCode":500,"executionTimeMs":43131.53,"cacheStatus":"miss","filterParams":{},"paginationParams":{}}
{"level":30,"time":1781033943109,"pid":26204,"hostname":"preethika","requestId":"8910e610-5280-4b85-90ce-809b779cc55a","method":"POST","url":"/api/match?random=0.024214232151414716","statusCode":500,"executionTimeMs":43331.58,"cacheStatus":"miss","filterParams":{},"paginationParams":{}}
{"level":30,"time":1781033943474,"pid":26204,"hostname":"preethika","requestId":"35964069-2359-43dd-89f2-434e61a3e944","method":"POST","url":"/api/match?random=0.35989080886373515","statusCode":500,"executionTimeMs":43647.43,"cacheStatus":"miss","filterParams":{},"paginationParams":{}}
{"level":30,"time":1781033943480,"pid":26204,"hostname":"preethika","requestId":"4b88cfe6-009c-41cd-ac71-48f38988d1f6","method":"POST","url":"/api/match?random=0.5363652338004097","statusCode":500,"executionTimeMs":43625.25,"cacheStatus":"miss","filterParams":{},"paginationParams":{}}
{"level":30,"time":1781033944085,"pid":26204,"hostname":"preethika","requestId":"58204fd1-51f8-4bb2-a556-70fa89536757","method":"POST","url":"/api/match?random=0.4468532202165363","statusCode":500,"executionTimeMs":44239.75,"cacheStatus":"miss","filterParams":{},"paginationParams":{}}
{"level":30,"time":1781033944570,"pid":26204,"hostname":"preethika","requestId":"152e3bac-a6ea-4eeb-be17-da3eecb0a838","method":"POST","url":"/api/match?random=0.019924265210322645","statusCode":500,"executionTimeMs":44710.08,"cacheStatus":"miss","filterParams":{},"paginationParams":{}}
{"level":30,"time":1781033944586,"pid":26204,"hostname":"preethika","requestId":"06c567a3-5cbd-4e53-bb75-43658538ddba","method":"POST","url":"/api/match?random=0.9381631955686003","statusCode":500,"executionTimeMs":44729.74,"cacheStatus":"miss","filterParams":{},"paginationParams":{}}
{"level":30,"time":1781033944731,"pid":26204,"hostname":"preethika","requestId":"984caa79-8b4d-4f6b-bccc-dd4b7d469430","method":"POST","url":"/api/match?random=0.15937763876240685","statusCode":500,"executionTimeMs":44853.68,"cacheStatus":"miss","filterParams":{},"paginationParams":{}}
{"level":30,"time":1781033944795,"pid":26204,"hostname":"preethika","requestId":"1ddf0f9f-1dfd-4a50-92e7-7550695a9a8e","method":"POST","url":"/api/match?random=0.2609209560519681","statusCode":500,"executionTimeMs":44984.57,"cacheStatus":"miss","filterParams":{},"paginationParams":{}}
{"level":30,"time":1781033944823,"pid":26204,"hostname":"preethika","requestId":"3badf2ba-41fe-4810-aaad-4696195bbf46","method":"POST","url":"/api/match?random=0.5236697060796565","statusCode":500,"executionTimeMs":45041.2,"cacheStatus":"miss","filterParams":{},"paginationParams":{}}
{"level":30,"time":1781033944862,"pid":26204,"hostname":"preethika","requestId":"57fe181d-8255-40b5-833a-0b8901532756","method":"POST","url":"/api/match?random=0.764159425754799","statusCode":500,"executionTimeMs":45057.69,"cacheStatus":"miss","filterParams":{},"paginationParams":{}}
{"level":30,"time":1781033945004,"pid":26204,"hostname":"preethika","requestId":"8fb7961c-3ba9-409f-9a55-dbb3118ae943","method":"POST","url":"/api/match?random=0.21175289076328174","statusCode":500,"executionTimeMs":45152.79,"cacheStatus":"miss","filterParams":{},"paginationParams":{}}
{"level":30,"time":1781033945188,"pid":26204,"hostname":"preethika","requestId":"305e8b76-2ef2-4672-8ef0-e0379f0c5de4","method":"POST","url":"/api/match?random=0.5884510152826716","statusCode":500,"executionTimeMs":45344.26,"cacheStatus":"miss","filterParams":{},"paginationParams":{}}
{"level":30,"time":1781033945199,"pid":26204,"hostname":"preethika","requestId":"c5ad12f4-6484-4830-9532-e6dd8abc28fb","method":"POST","url":"/api/match?random=0.7270085141479932","statusCode":500,"executionTimeMs":45334.36,"cacheStatus":"miss","filterParams":{},"paginationParams":{}}
{"level":30,"time":1781033945391,"pid":26204,"hostname":"preethika","requestId":"ea261ad8-81de-4f37-ba12-e8822e6bb622","method":"POST","url":"/api/match?random=0.07983161152507301","statusCode":500,"executionTimeMs":45543.6,"cacheStatus":"miss","filterParams":{},"paginationParams":{}}
{"level":30,"time":1781033945457,"pid":26204,"hostname":"preethika","requestId":"433f57c4-eab5-493c-8ad2-492d57267724","method":"POST","url":"/api/match?random=0.6509950439763708","statusCode":500,"executionTimeMs":45601.26,"cacheStatus":"miss","filterParams":{},"paginationParams":{}}
{"level":30,"time":1781033945544,"pid":26204,"hostname":"preethika","requestId":"001144f5-af91-4249-bb49-e18959a57b48","method":"POST","url":"/api/match?random=0.2321834041138291","statusCode":500,"executionTimeMs":45709.38,"cacheStatus":"miss","filterParams":{},"paginationParams":{}}
{"level":30,"time":1781033945717,"pid":26204,"hostname":"preethika","requestId":"77b16381-00b8-4c13-8d58-8be766a0d5d5","method":"POST","url":"/api/match?random=0.5971908572104965","statusCode":500,"executionTimeMs":45847.37,"cacheStatus":"miss","filterParams":{},"paginationParams":{}}
{"level":30,"time":1781033945726,"pid":26204,"hostname":"preethika","requestId":"c826be4b-6369-4dfa-9230-52a9f29b6b56","method":"POST","url":"/api/match?random=0.41369170182414927","statusCode":500,"executionTimeMs":45858.79,"cacheStatus":"miss","filterParams":{},"paginationParams":{}}
{"level":30,"time":1781033945774,"pid":26204,"hostname":"preethika","requestId":"dbc77b2a-14a5-4a10-9e8a-f28d0c3ad370","method":"POST","url":"/api/match?random=0.6968510897393521","statusCode":500,"executionTimeMs":45960.53,"cacheStatus":"miss","filterParams":{},"paginationParams":{}}
{"level":30,"time":1781033945887,"pid":26204,"hostname":"preethika","requestId":"87077270-4a24-4386-b4fc-0ca36bd7a28a","method":"POST","url":"/api/match?random=0.6210185996745825","statusCode":500,"executionTimeMs":46003.77,"cacheStatus":"miss","filterParams":{},"paginationParams":{}}
{"level":30,"time":1781033945897,"pid":26204,"hostname":"preethika","requestId":"f8ec8b29-f2da-449e-83f2-7f0fd07ca7ad","method":"POST","url":"/api/match?random=0.750461448132381","statusCode":500,"executionTimeMs":46096.95,"cacheStatus":"miss","filterParams":{},"paginationParams":{}}
{"level":30,"time":1781033945929,"pid":26204,"hostname":"preethika","requestId":"95632de5-d19f-48ea-b138-7299da6147a0","method":"POST","url":"/api/match?random=0.13843315889841734","statusCode":500,"executionTimeMs":46104.44,"cacheStatus":"miss","filterParams":{},"paginationParams":{}}
{"level":30,"time":1781033945941,"pid":26204,"hostname":"preethika","requestId":"86f5877f-6108-49f7-9164-3be8443b262a","method":"POST","url":"/api/match?random=0.2318597146061001","statusCode":500,"executionTimeMs":46153.45,"cacheStatus":"miss","filterParams":{},"paginationParams":{}}
{"level":30,"time":1781033945953,"pid":26204,"hostname":"preethika","requestId":"17ec0593-d982-4aee-86ec-5839912542ae","method":"POST","url":"/api/match?random=0.30648681960116186","statusCode":500,"executionTimeMs":46121.17,"cacheStatus":"miss","filterParams":{},"paginationParams":{}}
{"level":30,"time":1781033946099,"pid":26204,"hostname":"preethika","requestId":"01246167-d385-4d92-9f9b-740d74c1020b","method":"POST","url":"/api/match?random=0.8490963200861914","statusCode":500,"executionTimeMs":46279.46,"cacheStatus":"miss","filterParams":{},"paginationParams":{}}
{"level":30,"time":1781033946137,"pid":26204,"hostname":"preethika","requestId":"f5ffd95a-e1c2-4d40-9107-8d6ee4c23253","method":"POST","url":"/api/match?random=0.21540370671810427","statusCode":500,"executionTimeMs":46286.7,"cacheStatus":"miss","filterParams":{},"paginationParams":{}}
{"level":30,"time":1781033946396,"pid":26204,"hostname":"preethika","requestId":"12af8307-82c4-4587-823e-b1e5b70b0663","method":"POST","url":"/api/match?random=0.9700143182197845","statusCode":500,"executionTimeMs":46554.67,"cacheStatus":"miss","filterParams":{},"paginationParams":{}}
{"level":30,"time":1781033946407,"pid":26204,"hostname":"preethika","requestId":"791b6886-8598-44e9-8279-397a98aab080","method":"POST","url":"/api/match?random=0.9709478329508978","statusCode":500,"executionTimeMs":46584.92,"cacheStatus":"miss","filterParams":{},"paginationParams":{}}
{"level":30,"time":1781033946488,"pid":26204,"hostname":"preethika","requestId":"cedc35da-5b53-45fc-9d9c-c486dd5d2b14","method":"POST","url":"/api/match?random=0.7383587417295061","statusCode":500,"executionTimeMs":46675.44,"cacheStatus":"miss","filterParams":{},"paginationParams":{}}
{"level":30,"time":1781033946593,"pid":26204,"hostname":"preethika","requestId":"52459c05-c083-4544-aadb-bcf8428e3121","method":"POST","url":"/api/match?random=0.47775214489365236","statusCode":500,"executionTimeMs":46747.2,"cacheStatus":"miss","filterParams":{},"paginationParams":{}}
{"level":30,"time":1781033946649,"pid":26204,"hostname":"preethika","requestId":"c1431627-8806-4cc0-b91b-ccd2cc5b80c4","method":"POST","url":"/api/match?random=0.8759580213370095","statusCode":500,"executionTimeMs":46784.4,"cacheStatus":"miss","filterParams":{},"paginationParams":{}}
{"level":30,"time":1781033946785,"pid":26204,"hostname":"preethika","requestId":"a4271811-755a-45cf-bc6d-38a7c23bef4c","method":"POST","url":"/api/match?random=0.7390557480790549","statusCode":500,"executionTimeMs":46942.73,"cacheStatus":"miss","filterParams":{},"paginationParams":{}}
{"level":30,"time":1781033946932,"pid":26204,"hostname":"preethika","requestId":"5cc40d46-f5cb-4a1a-8b72-ddd36fa0e8e5","method":"POST","url":"/api/match?random=0.4296710465764839","statusCode":500,"executionTimeMs":47077.43,"cacheStatus":"miss","filterParams":{},"paginationParams":{}}
{"level":30,"time":1781033946976,"pid":26204,"hostname":"preethika","requestId":"3ce41ff1-d3a3-477d-937e-579a6f7024bb","method":"POST","url":"/api/match?random=0.6896702001732498","statusCode":500,"executionTimeMs":47185.19,"cacheStatus":"miss","filterParams":{},"paginationParams":{}}
{"level":30,"time":1781033947032,"pid":26204,"hostname":"preethika","requestId":"6ec9c973-c8b0-435e-aea9-1acf17f1f8cb","method":"POST","url":"/api/match?random=0.7289319072642788","statusCode":500,"executionTimeMs":47163.63,"cacheStatus":"miss","filterParams":{},"paginationParams":{}}
{"level":30,"time":1781033947074,"pid":26204,"hostname":"preethika","requestId":"b3113166-feae-4c7d-8cd6-f5d06c692fb3","method":"POST","url":"/api/match?random=0.2275355772788421","statusCode":500,"executionTimeMs":47442.21,"cacheStatus":"miss","filterParams":{},"paginationParams":{}}
{"level":30,"time":1781033947093,"pid":26204,"hostname":"preethika","requestId":"ade4fff5-48d2-40a9-b7dd-25873ea338c7","method":"POST","url":"/api/match?random=0.9754040172116156","statusCode":500,"executionTimeMs":47222.97,"cacheStatus":"miss","filterParams":{},"paginationParams":{}}
{"level":30,"time":1781033947269,"pid":26204,"hostname":"preethika","requestId":"341075fe-ec87-4e0a-9de6-cc618871f546","method":"POST","url":"/api/match?random=0.1815244539184666","statusCode":500,"executionTimeMs":47425.91,"cacheStatus":"miss","filterParams":{},"paginationParams":{}}
{"level":30,"time":1781033947393,"pid":26204,"hostname":"preethika","requestId":"a5474aab-63d0-472a-87c9-36c8698c59fd","method":"POST","url":"/api/match?random=0.05761858581580559","statusCode":500,"executionTimeMs":47518.39,"cacheStatus":"miss","filterParams":{},"paginationParams":{}}
{"level":30,"time":1781033947617,"pid":26204,"hostname":"preethika","requestId":"e30f64d4-6ba9-4a78-8a22-28ae4b302198","method":"POST","url":"/api/match?random=0.14671691700662093","statusCode":500,"executionTimeMs":47729.28,"cacheStatus":"miss","filterParams":{},"paginationParams":{}}
{"level":30,"time":1781033947889,"pid":26204,"hostname":"preethika","requestId":"ebab2c45-c8c9-4966-919a-f38b04991216","method":"POST","url":"/api/match?random=0.19911603083084306","statusCode":500,"executionTimeMs":48013.61,"cacheStatus":"miss","filterParams":{},"paginationParams":{}}
{"level":30,"time":1781033947968,"pid":26204,"hostname":"preethika","requestId":"f97a2fc0-44a2-4c23-a202-887be6ee9cce","method":"POST","url":"/api/match?random=0.5408409031347396","statusCode":500,"executionTimeMs":48086.92,"cacheStatus":"miss","filterParams":{},"paginationParams":{}}
{"level":30,"time":1781033948076,"pid":26204,"hostname":"preethika","requestId":"6beafe48-bdd7-4122-a047-7d166736b93f","method":"POST","url":"/api/match?random=0.8765958705372987","statusCode":500,"executionTimeMs":48172.62,"cacheStatus":"miss","filterParams":{},"paginationParams":{}}
{"level":30,"time":1781033948155,"pid":26204,"hostname":"preethika","requestId":"97fcf629-7e05-446d-bd84-f34ffa9cfe97","method":"POST","url":"/api/match?random=0.368533616960371","statusCode":500,"executionTimeMs":48329.33,"cacheStatus":"miss","filterParams":{},"paginationParams":{}}
{"level":30,"time":1781033948317,"pid":26204,"hostname":"preethika","requestId":"e832b9f2-9432-44d7-a0be-925f0af6b478","method":"POST","url":"/api/match?random=0.7450012311406273","statusCode":500,"executionTimeMs":48444.35,"cacheStatus":"miss","filterParams":{},"paginationParams":{}}
{"level":30,"time":1781033948402,"pid":26204,"hostname":"preethika","requestId":"df85e57d-b605-4e66-aac7-d27f29eb478b","method":"POST","url":"/api/match?random=0.8670616786309755","statusCode":500,"executionTimeMs":48596.45,"cacheStatus":"miss","filterParams":{},"paginationParams":{}}
{"level":30,"time":1781033948409,"pid":26204,"hostname":"preethika","requestId":"9aa2ad33-1974-41d1-a524-ed09116666e5","method":"POST","url":"/api/match?random=0.9548475293649308","statusCode":500,"executionTimeMs":48588.03,"cacheStatus":"miss","filterParams":{},"paginationParams":{}}
{"level":30,"time":1781033948473,"pid":26204,"hostname":"preethika","requestId":"c23a78df-84dc-452a-93bb-ad2b6627ee25","method":"POST","url":"/api/match?random=0.1334230449665017","statusCode":500,"executionTimeMs":48688.04,"cacheStatus":"miss","filterParams":{},"paginationParams":{}}
{"level":30,"time":1781033948668,"pid":26204,"hostname":"preethika","requestId":"8fe34709-d1a3-4332-b274-870d4cee028d","method":"POST","url":"/api/match?random=0.03906879377455308","statusCode":500,"executionTimeMs":48821.45,"cacheStatus":"miss","filterParams":{},"paginationParams":{}}
{"level":30,"time":1781033948696,"pid":26204,"hostname":"preethika","requestId":"c9dbb5d4-b96c-4d5c-a3ce-57bf9b323a46","method":"POST","url":"/api/match?random=0.09521750928429418","statusCode":500,"executionTimeMs":48915.93,"cacheStatus":"miss","filterParams":{},"paginationParams":{}}
{"level":30,"time":1781033948837,"pid":26204,"hostname":"preethika","requestId":"fef90db8-9388-46e4-b5f7-b29f41baee5a","method":"POST","url":"/api/match?random=0.7253936180472105","statusCode":500,"executionTimeMs":49038.32,"cacheStatus":"miss","filterParams":{},"paginationParams":{}}
{"level":30,"time":1781033948874,"pid":26204,"hostname":"preethika","requestId":"18e0d026-2b14-4924-9bd2-b2418b185908","method":"POST","url":"/api/match?random=0.41595068701568416","statusCode":500,"executionTimeMs":49001.29,"cacheStatus":"miss","filterParams":{},"paginationParams":{}}
{"level":30,"time":1781033949022,"pid":26204,"hostname":"preethika","requestId":"afbe10e9-8fda-438a-aaa4-e8ba960a448e","method":"POST","url":"/api/match?random=0.631365658371233","statusCode":500,"executionTimeMs":49219.14,"cacheStatus":"miss","filterParams":{},"paginationParams":{}}
{"level":30,"time":1781033949071,"pid":26204,"hostname":"preethika","requestId":"e606adfd-f03b-407d-a0ea-9fbe44833067","method":"POST","url":"/api/match?random=0.5228680702651589","statusCode":500,"executionTimeMs":49199.98,"cacheStatus":"miss","filterParams":{},"paginationParams":{}}
{"level":30,"time":1781033949251,"pid":26204,"hostname":"preethika","requestId":"4d941b30-28f2-4adf-a0e4-067ad774e3ee","method":"POST","url":"/api/match?random=0.3464044744434509","statusCode":500,"executionTimeMs":49401.82,"cacheStatus":"miss","filterParams":{},"paginationParams":{}}
{"level":30,"time":1781033949258,"pid":26204,"hostname":"preethika","requestId":"2f5eca6b-13bf-4cdf-86e4-476e6005fdfc","method":"POST","url":"/api/match?random=0.48297099279892564","statusCode":500,"executionTimeMs":49382.66,"cacheStatus":"miss","filterParams":{},"paginationParams":{}}
{"level":30,"time":1781033949323,"pid":26204,"hostname":"preethika","requestId":"6cd1bcd2-8d52-47bd-ae7a-6ed8a4329253","method":"POST","url":"/api/match?random=0.2081622463624513","statusCode":500,"executionTimeMs":49459.65,"cacheStatus":"miss","filterParams":{},"paginationParams":{}}
{"level":30,"time":1781033949374,"pid":26204,"hostname":"preethika","requestId":"669f8361-7753-4bd9-9f20-e150a1bebaf0","method":"POST","url":"/api/match?random=0.2703379413033924","statusCode":500,"executionTimeMs":49492.22,"cacheStatus":"miss","filterParams":{},"paginationParams":{}}
{"level":30,"time":1781033949502,"pid":26204,"hostname":"preethika","requestId":"3b61b675-ef6d-40b6-96c1-44424438257d","method":"POST","url":"/api/match?random=0.503906322653269","statusCode":500,"executionTimeMs":49712.26,"cacheStatus":"miss","filterParams":{},"paginationParams":{}}
{"level":30,"time":1781033949527,"pid":26204,"hostname":"preethika","requestId":"0df91460-415f-494c-8bcf-d05fcd111aea","method":"POST","url":"/api/match?random=0.9570878034730996","statusCode":500,"executionTimeMs":49703.52,"cacheStatus":"miss","filterParams":{},"paginationParams":{}}
{"level":30,"time":1781033949544,"pid":26204,"hostname":"preethika","requestId":"1a3d6715-15c8-478b-9984-26bcecc482b1","method":"POST","url":"/api/match?random=0.13840944115281983","statusCode":500,"executionTimeMs":49686.43,"cacheStatus":"miss","filterParams":{},"paginationParams":{}}
{"level":30,"time":1781033949559,"pid":26204,"hostname":"preethika","requestId":"407b9091-862d-4e35-aaf7-e443322f95cd","method":"POST","url":"/api/match?random=0.9429498951120945","statusCode":500,"executionTimeMs":49688.14,"cacheStatus":"miss","filterParams":{},"paginationParams":{}}
{"level":30,"time":1781033949571,"pid":26204,"hostname":"preethika","requestId":"ab4f0b22-0bc1-4d4f-a635-5044582fa5d4","method":"POST","url":"/api/match?random=0.5336099722953629","statusCode":500,"executionTimeMs":49697.59,"cacheStatus":"miss","filterParams":{},"paginationParams":{}}
{"level":30,"time":1781033949613,"pid":26204,"hostname":"preethika","requestId":"54bee3f9-fd31-425b-8349-e2c18bc9c80c","method":"POST","url":"/api/match?random=0.2856252309908476","statusCode":500,"executionTimeMs":49811.34,"cacheStatus":"miss","filterParams":{},"paginationParams":{}}
{"level":30,"time":1781033949632,"pid":26204,"hostname":"preethika","requestId":"064c5d4d-a9c7-45c6-a96e-bb2645af2c20","method":"POST","url":"/api/match?random=0.41466105985678103","statusCode":500,"executionTimeMs":49766.66,"cacheStatus":"miss","filterParams":{},"paginationParams":{}}
{"level":30,"time":1781033949708,"pid":26204,"hostname":"preethika","requestId":"48440b38-7dba-4e3e-9e93-b33c53e40dfd","method":"POST","url":"/api/match?random=0.2597826876401277","statusCode":500,"executionTimeMs":49841.54,"cacheStatus":"miss","filterParams":{},"paginationParams":{}}
{"level":30,"time":1781033949785,"pid":26204,"hostname":"preethika","requestId":"419c8b09-93ae-4649-bdbc-b04b25828c84","method":"POST","url":"/api/match?random=0.9576358966271221","statusCode":500,"executionTimeMs":49914.48,"cacheStatus":"miss","filterParams":{},"paginationParams":{}}
{"level":30,"time":1781033949796,"pid":26204,"hostname":"preethika","requestId":"92c0ff3f-521d-4737-a0d1-0c283abb403e","method":"POST","url":"/api/match?random=0.4989215818795991","statusCode":500,"executionTimeMs":50013.43,"cacheStatus":"miss","filterParams":{},"paginationParams":{}}
{"level":30,"time":1781033949828,"pid":26204,"hostname":"preethika","requestId":"08c91554-2303-464e-a732-3bf8361de537","method":"POST","url":"/api/match?random=0.4478642034360847","statusCode":500,"executionTimeMs":49992.08,"cacheStatus":"miss","filterParams":{},"paginationParams":{}}
{"level":30,"time":1781033949869,"pid":26204,"hostname":"preethika","requestId":"6a9495ad-dc68-4b53-b28f-b19a6bdf5771","method":"POST","url":"/api/match?random=0.03004832157862891","statusCode":500,"executionTimeMs":50007.29,"cacheStatus":"miss","filterParams":{},"paginationParams":{}}
{"level":30,"time":1781033950111,"pid":26204,"hostname":"preethika","requestId":"fe553ef3-f0f5-4607-8a1c-581e5ba96a23","method":"POST","url":"/api/match?random=0.5208177937612577","statusCode":500,"executionTimeMs":50226.26,"cacheStatus":"miss","filterParams":{},"paginationParams":{}}
{"level":30,"time":1781033950123,"pid":26204,"hostname":"preethika","requestId":"3f07a781-a137-476c-97f4-3d8ff8f06dc3","method":"POST","url":"/api/match?random=0.5566715229532431","statusCode":500,"executionTimeMs":50284.04,"cacheStatus":"miss","filterParams":{},"paginationParams":{}}
{"level":30,"time":1781033950202,"pid":26204,"hostname":"preethika","requestId":"42e2fd19-69d6-4ee8-afa4-752f5377dcb9","method":"POST","url":"/api/match?random=0.1881381029947511","statusCode":500,"executionTimeMs":50332.62,"cacheStatus":"miss","filterParams":{},"paginationParams":{}}
{"level":30,"time":1781033950295,"pid":26204,"hostname":"preethika","requestId":"522020b7-8e21-400c-98b2-3813801d335d","method":"POST","url":"/api/match?random=0.17771655174205137","statusCode":500,"executionTimeMs":50432.58,"cacheStatus":"miss","filterParams":{},"paginationParams":{}}
{"level":30,"time":1781033950304,"pid":26204,"hostname":"preethika","requestId":"9c83093d-bd14-48e3-9462-c49e6ac21850","method":"POST","url":"/api/match?random=0.7745998263549436","statusCode":500,"executionTimeMs":50384.35,"cacheStatus":"miss","filterParams":{},"paginationParams":{}}
{"level":30,"time":1781033950380,"pid":26204,"hostname":"preethika","requestId":"b47aadad-0a38-4f89-b1e2-7c38fce2e59f","method":"POST","url":"/api/match?random=0.7728378022224724","statusCode":500,"executionTimeMs":50499.49,"cacheStatus":"miss","filterParams":{},"paginationParams":{}}
{"level":30,"time":1781033950551,"pid":26204,"hostname":"preethika","requestId":"0fa9b263-5312-428d-98eb-012ee4914e6f","method":"POST","url":"/api/match?random=0.7960821127300475","statusCode":500,"executionTimeMs":50711.94,"cacheStatus":"miss","filterParams":{},"paginationParams":{}}
{"level":30,"time":1781033950715,"pid":26204,"hostname":"preethika","requestId":"0b414103-ccba-4dec-a658-cb2f573b99f2","method":"POST","url":"/api/match?random=0.9039052486874879","statusCode":500,"executionTimeMs":50903.73,"cacheStatus":"miss","filterParams":{},"paginationParams":{}}
{"level":30,"time":1781033950732,"pid":26204,"hostname":"preethika","requestId":"3656a848-796a-4928-919b-f2deaf33de2b","method":"POST","url":"/api/match?random=0.5868015397080555","statusCode":500,"executionTimeMs":50916.74,"cacheStatus":"miss","filterParams":{},"paginationParams":{}}
{"level":30,"time":1781033950740,"pid":26204,"hostname":"preethika","requestId":"2b9b8729-3fa9-44a3-8d73-f44e7a5d2253","method":"POST","url":"/api/match?random=0.3073519525570487","statusCode":500,"executionTimeMs":50860.78,"cacheStatus":"miss","filterParams":{},"paginationParams":{}}
{"level":30,"time":1781033950780,"pid":26204,"hostname":"preethika","requestId":"56fbbdf5-4743-4124-a194-b4f416cda54d","method":"POST","url":"/api/match?random=0.44008531513324245","statusCode":500,"executionTimeMs":50867.05,"cacheStatus":"miss","filterParams":{},"paginationParams":{}}
{"level":30,"time":1781033950835,"pid":26204,"hostname":"preethika","requestId":"7cfae632-149a-48e4-a03c-4a9ced982e17","method":"POST","url":"/api/match?random=0.6358860481215427","statusCode":500,"executionTimeMs":51055.97,"cacheStatus":"miss","filterParams":{},"paginationParams":{}}
{"level":30,"time":1781033950985,"pid":26204,"hostname":"preethika","requestId":"7dfde1b6-0eeb-4195-ba12-c8be02f09301","method":"POST","url":"/api/match?random=0.012449902600293106","statusCode":500,"executionTimeMs":51108.18,"cacheStatus":"miss","filterParams":{},"paginationParams":{}}
{"level":30,"time":1781033951028,"pid":26204,"hostname":"preethika","requestId":"3df66e67-e3cc-455c-8e39-e95f59d80cfb","method":"POST","url":"/api/match?random=0.434070845623054","statusCode":500,"executionTimeMs":51197.98,"cacheStatus":"miss","filterParams":{},"paginationParams":{}}
{"level":30,"time":1781033951133,"pid":26204,"hostname":"preethika","requestId":"d90a5789-1d16-4dee-a2f0-170a41c59165","method":"POST","url":"/api/match?random=0.34602334152645176","statusCode":500,"executionTimeMs":51240.62,"cacheStatus":"miss","filterParams":{},"paginationParams":{}}
{"level":30,"time":1781033951162,"pid":26204,"hostname":"preethika","requestId":"706ad43c-b35f-412f-91bd-765b3ed3de1e","method":"POST","url":"/api/match?random=0.9813509146659294","statusCode":500,"executionTimeMs":51383.92,"cacheStatus":"miss","filterParams":{},"paginationParams":{}}
{"level":30,"time":1781033951171,"pid":26204,"hostname":"preethika","requestId":"6759566b-b69d-40a9-8112-258fda3dcfe4","method":"POST","url":"/api/match?random=0.6611216527997001","statusCode":500,"executionTimeMs":51536.43,"cacheStatus":"miss","filterParams":{},"paginationParams":{}}
{"level":30,"time":1781033951183,"pid":26204,"hostname":"preethika","requestId":"960e8fad-28c6-444f-bec8-cbb015225082","method":"POST","url":"/api/match?random=0.25039066160389334","statusCode":500,"executionTimeMs":51391.38,"cacheStatus":"miss","filterParams":{},"paginationParams":{}}
{"level":30,"time":1781033951217,"pid":26204,"hostname":"preethika","requestId":"25cdd9fc-829e-46d5-86a3-87459909b4d1","method":"POST","url":"/api/match?random=0.7483317675289076","statusCode":500,"executionTimeMs":51288.96,"cacheStatus":"miss","filterParams":{},"paginationParams":{}}
{"level":30,"time":1781033951227,"pid":26204,"hostname":"preethika","requestId":"70990b4b-52c6-4141-a228-83b7edd226f5","method":"POST","url":"/api/match?random=0.6312107174680828","statusCode":500,"executionTimeMs":51317.4,"cacheStatus":"miss","filterParams":{},"paginationParams":{}}
{"level":30,"time":1781033951390,"pid":26204,"hostname":"preethika","requestId":"51702d6b-9323-4ac3-96da-d1e37609dd6b","method":"POST","url":"/api/match?random=0.36535349027355823","statusCode":500,"executionTimeMs":51515.67,"cacheStatus":"miss","filterParams":{},"paginationParams":{}}
{"level":30,"time":1781033951404,"pid":26204,"hostname":"preethika","requestId":"4c9c3f6c-c62b-4131-8108-5d35af1718d9","method":"POST","url":"/api/match?random=0.5920596931284352","statusCode":500,"executionTimeMs":51609.77,"cacheStatus":"miss","filterParams":{},"paginationParams":{}}
{"level":30,"time":1781033951426,"pid":26204,"hostname":"preethika","requestId":"9ba40ee1-5149-4f4d-a117-a9f894a69b8e","method":"POST","url":"/api/match?random=0.7864571919622252","statusCode":500,"executionTimeMs":51617.79,"cacheStatus":"miss","filterParams":{},"paginationParams":{}}
{"level":30,"time":1781033951531,"pid":26204,"hostname":"preethika","requestId":"4bb52092-b210-444c-b55c-8831816686ca","method":"POST","url":"/api/match?random=0.08958346280631124","statusCode":500,"executionTimeMs":51620.59,"cacheStatus":"miss","filterParams":{},"paginationParams":{}}
{"level":30,"time":1781033951595,"pid":26204,"hostname":"preethika","requestId":"ef0eb5d5-7de0-4395-924d-cdfac38bff8b","method":"POST","url":"/api/match?random=0.6238909968425015","statusCode":500,"executionTimeMs":51731.04,"cacheStatus":"miss","filterParams":{},"paginationParams":{}}
{"level":30,"time":1781033951639,"pid":26204,"hostname":"preethika","requestId":"943b9648-d459-4a5a-8029-e0fca3e2aca3","method":"POST","url":"/api/match?random=0.4116804068216766","statusCode":500,"executionTimeMs":51803.94,"cacheStatus":"miss","filterParams":{},"paginationParams":{}}
{"level":30,"time":1781033951839,"pid":26204,"hostname":"preethika","requestId":"4cbd965e-9ed9-4365-8f62-ce8f11e8b0c2","method":"POST","url":"/api/match?random=0.7293162313370121","statusCode":500,"executionTimeMs":51992.2,"cacheStatus":"miss","filterParams":{},"paginationParams":{}}
{"level":30,"time":1781033951857,"pid":26204,"hostname":"preethika","requestId":"21aeee98-a2df-4e5e-b828-756949096ace","method":"POST","url":"/api/match?random=0.5334011508646168","statusCode":500,"executionTimeMs":52059.81,"cacheStatus":"miss","filterParams":{},"paginationParams":{}}
{"level":30,"time":1781033951897,"pid":26204,"hostname":"preethika","requestId":"452055f1-dca0-43c0-8c33-47f9fa4b7e70","method":"POST","url":"/api/match?random=0.8577034166316246","statusCode":500,"executionTimeMs":52003.69,"cacheStatus":"miss","filterParams":{},"paginationParams":{}}
{"level":30,"time":1781033951914,"pid":26204,"hostname":"preethika","requestId":"bbcb690e-27b2-4f2f-ac68-16694a3f26e1","method":"POST","url":"/api/match?random=0.672931244726793","statusCode":500,"executionTimeMs":52027.49,"cacheStatus":"miss","filterParams":{},"paginationParams":{}}
{"level":30,"time":1781033952068,"pid":26204,"hostname":"preethika","requestId":"8e4148db-6d16-430a-be17-553ff2f66f91","method":"POST","url":"/api/match?random=0.6522264172159826","statusCode":500,"executionTimeMs":52267.42,"cacheStatus":"miss","filterParams":{},"paginationParams":{}}
{"level":30,"time":1781033952080,"pid":26204,"hostname":"preethika","requestId":"d55d8c79-238b-4b35-bcf8-9c500e27b9a2","method":"POST","url":"/api/match?random=0.5489702096475293","statusCode":500,"executionTimeMs":52188.35,"cacheStatus":"miss","filterParams":{},"paginationParams":{}}
{"level":30,"time":1781033952092,"pid":26204,"hostname":"preethika","requestId":"b687f35d-ef10-4887-af7d-52ff8e6b68b3","method":"POST","url":"/api/match?random=0.9765236799608126","statusCode":500,"executionTimeMs":52298.52,"cacheStatus":"miss","filterParams":{},"paginationParams":{}}
{"level":30,"time":1781033952122,"pid":26204,"hostname":"preethika","requestId":"dac7caa2-e29e-4802-a88d-653aef28c9be","method":"POST","url":"/api/match?random=0.08506147214675353","statusCode":500,"executionTimeMs":52215.98,"cacheStatus":"miss","filterParams":{},"paginationParams":{}}
{"level":30,"time":1781033952170,"pid":26204,"hostname":"preethika","requestId":"b0e20e0a-7ca8-4adb-8a38-90801648f356","method":"POST","url":"/api/match?random=0.5912637709882969","statusCode":500,"executionTimeMs":52242.47,"cacheStatus":"miss","filterParams":{},"paginationParams":{}}
{"level":30,"time":1781033952216,"pid":26204,"hostname":"preethika","requestId":"bae27662-1a7e-4b06-8441-03b3f84706be","method":"POST","url":"/api/match?random=0.056041037787195824","statusCode":500,"executionTimeMs":52358.36,"cacheStatus":"miss","filterParams":{},"paginationParams":{}}
{"level":30,"time":1781033952259,"pid":26204,"hostname":"preethika","requestId":"cbe33a0d-10e9-402a-93ca-781a75620e43","method":"POST","url":"/api/match?random=0.38774612607998216","statusCode":500,"executionTimeMs":52364.4,"cacheStatus":"miss","filterParams":{},"paginationParams":{}}
{"level":30,"time":1781033952387,"pid":26204,"hostname":"preethika","requestId":"81f6230e-5b9a-4b05-b1a2-f5b8304a0f1d","method":"POST","url":"/api/match?random=0.18385758325956725","statusCode":500,"executionTimeMs":52493.2,"cacheStatus":"miss","filterParams":{},"paginationParams":{}}
{"level":30,"time":1781033952405,"pid":26204,"hostname":"preethika","requestId":"8e090968-330a-437d-a172-9b7941a4bb40","method":"POST","url":"/api/match?random=0.8201355069629648","statusCode":500,"executionTimeMs":52508.37,"cacheStatus":"miss","filterParams":{},"paginationParams":{}}
{"level":30,"time":1781033952451,"pid":26204,"hostname":"preethika","requestId":"d740d06d-11d0-4dca-860f-8511ee23387b","method":"POST","url":"/api/match?random=0.28226728628954545","statusCode":500,"executionTimeMs":52642.11,"cacheStatus":"miss","filterParams":{},"paginationParams":{}}
{"level":30,"time":1781033952633,"pid":26204,"hostname":"preethika","requestId":"689df3b1-0551-48df-a46d-85bb20ca75f0","method":"POST","url":"/api/match?random=0.37560296503933244","statusCode":500,"executionTimeMs":52719.82,"cacheStatus":"miss","filterParams":{},"paginationParams":{}}
{"level":30,"time":1781033952652,"pid":26204,"hostname":"preethika","requestId":"8d5b9c12-3063-4774-b05d-073a9b462e40","method":"POST","url":"/api/match?random=0.37422281683959135","statusCode":500,"executionTimeMs":52780.09,"cacheStatus":"miss","filterParams":{},"paginationParams":{}}
{"level":30,"time":1781033952669,"pid":26204,"hostname":"preethika","requestId":"48d84e18-09e4-41c8-91f1-d6ff7777e75d","method":"POST","url":"/api/match?random=0.8760401219234308","statusCode":500,"executionTimeMs":52758.36,"cacheStatus":"miss","filterParams":{},"paginationParams":{}}
{"level":30,"time":1781033952708,"pid":26204,"hostname":"preethika","requestId":"f078a739-a7de-4013-841f-0bc7b7424a81","method":"POST","url":"/api/match?random=0.708293373508875","statusCode":500,"executionTimeMs":52849.22,"cacheStatus":"miss","filterParams":{},"paginationParams":{}}
{"level":30,"time":1781033952717,"pid":26204,"hostname":"preethika","requestId":"74a33c94-5bff-484d-a9b4-19db8e5315b2","method":"POST","url":"/api/match?random=0.27039040467268194","statusCode":500,"executionTimeMs":52807.75,"cacheStatus":"miss","filterParams":{},"paginationParams":{}}
{"level":30,"time":1781033952731,"pid":26204,"hostname":"preethika","requestId":"b20200fd-4246-4b5b-a6e9-5ffdf4581b46","method":"POST","url":"/api/match?random=0.0782915880431958","statusCode":500,"executionTimeMs":52877.36,"cacheStatus":"miss","filterParams":{},"paginationParams":{}}
{"level":30,"time":1781033952826,"pid":26204,"hostname":"preethika","requestId":"fbdc4bf1-fa34-4c0d-9c00-3b31d414d525","method":"POST","url":"/api/match?random=0.8467635700663332","statusCode":500,"executionTimeMs":53030.71,"cacheStatus":"miss","filterParams":{},"paginationParams":{}}
{"level":30,"time":1781033952924,"pid":26204,"hostname":"preethika","requestId":"28ccce88-f4d2-4613-86ad-e594f4258f43","method":"POST","url":"/api/match?random=0.7233692110448002","statusCode":500,"executionTimeMs":53002.06,"cacheStatus":"miss","filterParams":{},"paginationParams":{}}
{"level":30,"time":1781033952987,"pid":26204,"hostname":"preethika","requestId":"351d2b22-a69d-401d-bf7d-bc3dc96a01fa","method":"POST","url":"/api/match?random=0.6006550074644081","statusCode":500,"executionTimeMs":53043.59,"cacheStatus":"miss","filterParams":{},"paginationParams":{}}
{"level":30,"time":1781033953020,"pid":26204,"hostname":"preethika","requestId":"e07548d2-67f4-4995-b9bb-7e8fba2e3b28","method":"POST","url":"/api/match?random=0.7984080372076336","statusCode":500,"executionTimeMs":53129.09,"cacheStatus":"miss","filterParams":{},"paginationParams":{}}
{"level":30,"time":1781033953058,"pid":26204,"hostname":"preethika","requestId":"74e4eb25-ea55-4ad8-8cfe-7aadb7d3c204","method":"POST","url":"/api/match?random=0.1741685331336762","statusCode":500,"executionTimeMs":53124.02,"cacheStatus":"miss","filterParams":{},"paginationParams":{}}
{"level":30,"time":1781033953134,"pid":26204,"hostname":"preethika","requestId":"8afd7321-e64c-40ad-8e6e-d160fc70cbc8","method":"POST","url":"/api/match?random=0.06713910792961819","statusCode":500,"executionTimeMs":53229.23,"cacheStatus":"miss","filterParams":{},"paginationParams":{}}
{"level":30,"time":1781033953142,"pid":26204,"hostname":"preethika","requestId":"e15b6dee-781d-41da-a0ff-9e8f257ddded","method":"POST","url":"/api/match?random=0.4690351291524124","statusCode":500,"executionTimeMs":53255.42,"cacheStatus":"miss","filterParams":{},"paginationParams":{}}
{"level":30,"time":1781033953186,"pid":26204,"hostname":"preethika","requestId":"76511603-988e-425a-bd73-87d6fb4be542","method":"POST","url":"/api/match?random=0.6357202091702527","statusCode":500,"executionTimeMs":53353.22,"cacheStatus":"miss","filterParams":{},"paginationParams":{}}
{"level":30,"time":1781033953291,"pid":26204,"hostname":"preethika","requestId":"8f708b4b-b7d5-4724-93ba-9337ea611119","method":"POST","url":"/api/match?random=0.48383156779084713","statusCode":500,"executionTimeMs":53415.06,"cacheStatus":"miss","filterParams":{},"paginationParams":{}}
{"level":30,"time":1781033953473,"pid":26204,"hostname":"preethika","requestId":"d49a1911-5cfb-4fe3-a4eb-2d2d533e5461","method":"POST","url":"/api/match?random=0.8568118346198177","statusCode":500,"executionTimeMs":53519.4,"cacheStatus":"miss","filterParams":{},"paginationParams":{}}
{"level":30,"time":1781033953517,"pid":26204,"hostname":"preethika","requestId":"39da3604-efe1-4483-a9eb-cf2ca017360b","method":"POST","url":"/api/match?random=0.8132212826303351","statusCode":500,"executionTimeMs":53615.59,"cacheStatus":"miss","filterParams":{},"paginationParams":{}}
{"level":30,"time":1781033953549,"pid":26204,"hostname":"preethika","requestId":"92f99665-d666-455a-8e90-cc98580bbf6a","method":"POST","url":"/api/match?random=0.7357481647769981","statusCode":500,"executionTimeMs":53763.21,"cacheStatus":"miss","filterParams":{},"paginationParams":{}}
{"level":30,"time":1781033953580,"pid":26204,"hostname":"preethika","requestId":"dbe2ff8d-664e-4cd5-b40d-d24f94ffd1d7","method":"POST","url":"/api/match?random=0.9413656869343179","statusCode":500,"executionTimeMs":53762.7,"cacheStatus":"miss","filterParams":{},"paginationParams":{}}
{"level":30,"time":1781033953595,"pid":26204,"hostname":"preethika","requestId":"78f88cd2-b0c1-41c1-93c3-9b6bf86efdf1","method":"POST","url":"/api/match?random=0.0785227879983299","statusCode":500,"executionTimeMs":53722.45,"cacheStatus":"miss","filterParams":{},"paginationParams":{}}
{"level":30,"time":1781033953676,"pid":26204,"hostname":"preethika","requestId":"347916f4-9253-4b51-8c19-790332d2e7d1","method":"POST","url":"/api/match?random=0.2360380269797009","statusCode":500,"executionTimeMs":53763.77,"cacheStatus":"miss","filterParams":{},"paginationParams":{}}
{"level":30,"time":1781033953783,"pid":26204,"hostname":"preethika","requestId":"848a5fb2-33a2-4a89-b5ca-671e52584830","method":"POST","url":"/api/match?random=0.7844597411683194","statusCode":500,"executionTimeMs":53964.82,"cacheStatus":"miss","filterParams":{},"paginationParams":{}}
{"level":30,"time":1781033953878,"pid":26204,"hostname":"preethika","requestId":"a1b249dc-1a50-4b18-b4e1-9def498d3e42","method":"POST","url":"/api/match?random=0.819017019003335","statusCode":500,"executionTimeMs":53920.53,"cacheStatus":"miss","filterParams":{},"paginationParams":{}}
{"level":30,"time":1781033953961,"pid":26204,"hostname":"preethika","requestId":"28489624-8f13-4155-a6b8-f5ef71f8d8eb","method":"POST","url":"/api/match?random=0.3756961116796669","statusCode":500,"executionTimeMs":54056.25,"cacheStatus":"miss","filterParams":{},"paginationParams":{}}
{"level":30,"time":1781033954024,"pid":26204,"hostname":"preethika","requestId":"edce128e-ca0a-4c5f-959f-a28b5e78dd40","method":"POST","url":"/api/match?random=0.3264434271970962","statusCode":500,"executionTimeMs":54138.08,"cacheStatus":"miss","filterParams":{},"paginationParams":{}}
{"level":30,"time":1781033954092,"pid":26204,"hostname":"preethika","requestId":"8b9b5cf0-0dfa-4fdc-bbe0-63d2f9a74449","method":"POST","url":"/api/match?random=0.6122887173392082","statusCode":500,"executionTimeMs":54118.81,"cacheStatus":"miss","filterParams":{},"paginationParams":{}}
{"level":30,"time":1781033954135,"pid":26204,"hostname":"preethika","requestId":"840a634b-9960-4db6-8600-91358b6387e1","method":"POST","url":"/api/match?random=0.17877184587090023","statusCode":500,"executionTimeMs":54226.58,"cacheStatus":"miss","filterParams":{},"paginationParams":{}}
{"level":30,"time":1781033954340,"pid":26204,"hostname":"preethika","requestId":"d33384a4-df54-4254-ac82-6f7d38e5cb61","method":"POST","url":"/api/match?random=0.3569104228337676","statusCode":500,"executionTimeMs":54452.11,"cacheStatus":"miss","filterParams":{},"paginationParams":{}}
{"level":30,"time":1781033954360,"pid":26204,"hostname":"preethika","requestId":"8d703438-a2b2-41a9-9a2f-29d49d06308f","method":"POST","url":"/api/match?random=0.5200649820298324","statusCode":500,"executionTimeMs":54553.12,"cacheStatus":"miss","filterParams":{},"paginationParams":{}}
{"level":30,"time":1781033954391,"pid":26204,"hostname":"preethika","requestId":"b5c6dbb2-6aef-4876-aded-6abc22c12677","method":"POST","url":"/api/match?random=0.0328764311244798","statusCode":500,"executionTimeMs":54453.1,"cacheStatus":"miss","filterParams":{},"paginationParams":{}}
{"level":30,"time":1781033954444,"pid":26204,"hostname":"preethika","requestId":"7bf86d8d-e38c-433d-975d-668053fdd3ea","method":"POST","url":"/api/match?random=0.5442199386893973","statusCode":500,"executionTimeMs":54619.36,"cacheStatus":"miss","filterParams":{},"paginationParams":{}}
{"level":30,"time":1781033954475,"pid":26204,"hostname":"preethika","requestId":"3f086bce-aea8-4a50-8523-8479e62b81f2","method":"POST","url":"/api/match?random=0.764372137454234","statusCode":500,"executionTimeMs":54585.39,"cacheStatus":"miss","filterParams":{},"paginationParams":{}}
{"level":30,"time":1781033954485,"pid":26204,"hostname":"preethika","requestId":"b6cd0773-5c7a-4fe5-b569-bad32b02583e","method":"POST","url":"/api/match?random=0.5822197731427095","statusCode":500,"executionTimeMs":54560.69,"cacheStatus":"miss","filterParams":{},"paginationParams":{}}
{"level":30,"time":1781033954496,"pid":26204,"hostname":"preethika","requestId":"fe4b1124-f6e0-48cf-b2f3-13e679ac1b6b","method":"POST","url":"/api/match?random=0.2795917571250206","statusCode":500,"executionTimeMs":54594.04,"cacheStatus":"miss","filterParams":{},"paginationParams":{}}
{"level":30,"time":1781033954505,"pid":26204,"hostname":"preethika","requestId":"d7bb53da-1db0-4d23-87db-f94f985d6c89","method":"POST","url":"/api/match?random=0.7626655607727773","statusCode":500,"executionTimeMs":54576.07,"cacheStatus":"miss","filterParams":{},"paginationParams":{}}
{"level":30,"time":1781033954575,"pid":26204,"hostname":"preethika","requestId":"e1dbde81-3d94-41c7-912b-4a2780312edb","method":"POST","url":"/api/match?random=0.9881436038648979","statusCode":500,"executionTimeMs":54755.69,"cacheStatus":"miss","filterParams":{},"paginationParams":{}}
{"level":30,"time":1781033954596,"pid":26204,"hostname":"preethika","requestId":"86c78a30-77e8-4c99-acdc-875b60753c2f","method":"POST","url":"/api/match?random=0.9376883914664109","statusCode":500,"executionTimeMs":54705.48,"cacheStatus":"miss","filterParams":{},"paginationParams":{}}
{"level":30,"time":1781033954813,"pid":26204,"hostname":"preethika","requestId":"5788033e-3215-4448-bca0-a43143914a6e","method":"POST","url":"/api/match?random=0.8336560339825423","statusCode":500,"executionTimeMs":54912.5,"cacheStatus":"miss","filterParams":{},"paginationParams":{}}
{"level":30,"time":1781033954829,"pid":26204,"hostname":"preethika","requestId":"4796487d-7953-4c97-99d3-42823740b05e","method":"POST","url":"/api/match?random=0.7199330133028328","statusCode":500,"executionTimeMs":54948.48,"cacheStatus":"miss","filterParams":{},"paginationParams":{}}
{"level":30,"time":1781033954849,"pid":26204,"hostname":"preethika","requestId":"1c9c1298-ac41-45ab-a0e9-12e5ca1ca2af","method":"POST","url":"/api/match?random=0.3426063673619988","statusCode":500,"executionTimeMs":54925.72,"cacheStatus":"miss","filterParams":{},"paginationParams":{}}
{"level":30,"time":1781033954864,"pid":26204,"hostname":"preethika","requestId":"a8767863-a403-4ae3-b7f3-c700cf12af78","method":"POST","url":"/api/match?random=0.5208260522937131","statusCode":500,"executionTimeMs":54969.21,"cacheStatus":"miss","filterParams":{},"paginationParams":{}}
{"level":30,"time":1781033954880,"pid":26204,"hostname":"preethika","requestId":"14e635be-8137-4d44-a782-549fc0d0b473","method":"POST","url":"/api/match?random=0.3572768847912111","statusCode":500,"executionTimeMs":54938.41,"cacheStatus":"miss","filterParams":{},"paginationParams":{}}
{"level":30,"time":1781033954926,"pid":26204,"hostname":"preethika","requestId":"e4f2efc7-6a5d-4b20-befc-28a0a8adf7a2","method":"POST","url":"/api/match?random=0.21253684374537718","statusCode":500,"executionTimeMs":55122.11,"cacheStatus":"miss","filterParams":{},"paginationParams":{}}
{"level":30,"time":1781033954941,"pid":26204,"hostname":"preethika","requestId":"0dbdfcf1-c4cb-4c82-aff6-bb064dcadf7a","method":"POST","url":"/api/match?random=0.9077502091853717","statusCode":500,"executionTimeMs":54978.62,"cacheStatus":"miss","filterParams":{},"paginationParams":{}}
{"level":30,"time":1781033954987,"pid":26204,"hostname":"preethika","requestId":"37baf6b1-e1c2-4805-9d37-b7778287123e","method":"POST","url":"/api/match?random=0.8777492673212837","statusCode":500,"executionTimeMs":55065.31,"cacheStatus":"miss","filterParams":{},"paginationParams":{}}
{"level":30,"time":1781033955001,"pid":26204,"hostname":"preethika","requestId":"fdc17dc3-459c-4fe0-b3a2-7017d6e2b2ed","method":"POST","url":"/api/match?random=0.19090863261757196","statusCode":500,"executionTimeMs":55023.31,"cacheStatus":"miss","filterParams":{},"paginationParams":{}}
{"level":30,"time":1781033955183,"pid":26204,"hostname":"preethika","requestId":"c51571d2-d29e-4c9a-928d-e5238e68a165","method":"POST","url":"/api/match?random=0.849864489926982","statusCode":500,"executionTimeMs":55282.57,"cacheStatus":"miss","filterParams":{},"paginationParams":{}}
{"level":30,"time":1781033955194,"pid":26204,"hostname":"preethika","requestId":"2d6b4b3b-0f5f-4adf-a6cb-256d3df3fe05","method":"POST","url":"/api/match?random=0.37001467548597433","statusCode":500,"executionTimeMs":55268.41,"cacheStatus":"miss","filterParams":{},"paginationParams":{}}
{"level":30,"time":1781033955211,"pid":26204,"hostname":"preethika","requestId":"903a0276-ce8a-4ea9-a36c-9c5e7d1555eb","method":"POST","url":"/api/match?random=0.4031205096315744","statusCode":500,"executionTimeMs":55279.54,"cacheStatus":"miss","filterParams":{},"paginationParams":{}}
{"level":30,"time":1781033955326,"pid":26204,"hostname":"preethika","requestId":"7282e53a-2624-467f-820c-1ae7c18c5112","method":"POST","url":"/api/match?random=0.6571095966409233","statusCode":500,"executionTimeMs":55385.35,"cacheStatus":"miss","filterParams":{},"paginationParams":{}}
{"level":30,"time":1781033955476,"pid":26204,"hostname":"preethika","requestId":"a4496f1b-cc6e-45ce-9261-784cf21d16be","method":"POST","url":"/api/match?random=0.6438120991514942","statusCode":500,"executionTimeMs":55580.59,"cacheStatus":"miss","filterParams":{},"paginationParams":{}}
{"level":30,"time":1781033955505,"pid":26204,"hostname":"preethika","requestId":"2f2bc020-cdea-4d2c-b022-7b61f2e5a814","method":"POST","url":"/api/match?random=0.4309636594632056","statusCode":500,"executionTimeMs":55709.19,"cacheStatus":"miss","filterParams":{},"paginationParams":{}}
{"level":30,"time":1781033955523,"pid":26204,"hostname":"preethika","requestId":"421e7fe6-0acc-436c-9232-d6c43799daab","method":"POST","url":"/api/match?random=0.43479199324807416","statusCode":500,"executionTimeMs":55594.26,"cacheStatus":"miss","filterParams":{},"paginationParams":{}}
{"level":30,"time":1781033955534,"pid":26204,"hostname":"preethika","requestId":"a45546f7-e1e9-4aea-8b62-88b29589abc5","method":"POST","url":"/api/match?random=0.25732187403859275","statusCode":500,"executionTimeMs":55596.57,"cacheStatus":"miss","filterParams":{},"paginationParams":{}}
{"level":30,"time":1781033955550,"pid":26204,"hostname":"preethika","requestId":"7067e101-0ad2-4eba-a8d7-75c40b7e563c","method":"POST","url":"/api/match?random=0.4556080665617368","statusCode":500,"executionTimeMs":55648.75,"cacheStatus":"miss","filterParams":{},"paginationParams":{}}
{"level":30,"time":1781033955563,"pid":26204,"hostname":"preethika","requestId":"b3b8b5aa-97c6-401a-82be-4eeecfa00ee9","method":"POST","url":"/api/match?random=0.5762435870261413","statusCode":500,"executionTimeMs":55655.81,"cacheStatus":"miss","filterParams":{},"paginationParams":{}}
{"level":30,"time":1781033955583,"pid":26204,"hostname":"preethika","requestId":"f833d88c-76a8-4801-aa77-2181691b2314","method":"POST","url":"/api/match?random=0.5328909799160606","statusCode":500,"executionTimeMs":55652.27,"cacheStatus":"miss","filterParams":{},"paginationParams":{}}
{"level":30,"time":1781033955603,"pid":26204,"hostname":"preethika","requestId":"e2052a88-47c8-4028-a24c-963fa38799a7","method":"POST","url":"/api/match?random=0.9450863811804822","statusCode":500,"executionTimeMs":55696.03,"cacheStatus":"miss","filterParams":{},"paginationParams":{}}
{"level":30,"time":1781033955619,"pid":26204,"hostname":"preethika","requestId":"a121ee23-ab65-4dae-92f7-fcba19ddfce5","method":"POST","url":"/api/match?random=0.8145421871392375","statusCode":500,"executionTimeMs":55721.79,"cacheStatus":"miss","filterParams":{},"paginationParams":{}}
{"level":30,"time":1781033955645,"pid":26204,"hostname":"preethika","requestId":"503bedcb-8ebe-4b0c-9351-c75b282319f9","method":"POST","url":"/api/match?random=0.5669453055672071","statusCode":500,"executionTimeMs":55807.46,"cacheStatus":"miss","filterParams":{},"paginationParams":{}}
{"level":30,"time":1781033955834,"pid":26204,"hostname":"preethika","requestId":"d905a029-fd2e-42b1-95c6-394bf868a845","method":"POST","url":"/api/match?random=0.7549777379331675","statusCode":500,"executionTimeMs":55891.49,"cacheStatus":"miss","filterParams":{},"paginationParams":{}}
{"level":30,"time":1781033955874,"pid":26204,"hostname":"preethika","requestId":"5bc794b0-994b-4c38-b52d-0d280ec97a49","method":"POST","url":"/api/match?random=0.09145221780679624","statusCode":500,"executionTimeMs":55976.62,"cacheStatus":"miss","filterParams":{},"paginationParams":{}}
{"level":30,"time":1781033955935,"pid":26204,"hostname":"preethika","requestId":"4ebf2d3d-4b50-4e84-a018-153d26ab63f1","method":"POST","url":"/api/match?random=0.09037981231394077","statusCode":500,"executionTimeMs":56035.62,"cacheStatus":"miss","filterParams":{},"paginationParams":{}}
{"level":30,"time":1781033955973,"pid":26204,"hostname":"preethika","requestId":"89f4c43e-1a42-4104-b491-04232ff47ce0","method":"POST","url":"/api/match?random=0.49758063768294836","statusCode":500,"executionTimeMs":56043.09,"cacheStatus":"miss","filterParams":{},"paginationParams":{}}
{"level":30,"time":1781033956059,"pid":26204,"hostname":"preethika","requestId":"9edc8144-2f73-4ded-b1a9-97e6c3240498","method":"POST","url":"/api/match?random=0.07935376287689344","statusCode":500,"executionTimeMs":56238.41,"cacheStatus":"miss","filterParams":{},"paginationParams":{}}
{"level":30,"time":1781033956106,"pid":26204,"hostname":"preethika","requestId":"e7c70b1f-2f2b-4026-9486-67049c6a23e9","method":"POST","url":"/api/match?random=0.07170298259808683","statusCode":500,"executionTimeMs":56146.86,"cacheStatus":"miss","filterParams":{},"paginationParams":{}}
{"level":30,"time":1781033956122,"pid":26204,"hostname":"preethika","requestId":"0d4576b2-2ec4-48cd-9f14-66982b6a068c","method":"POST","url":"/api/match?random=0.7189114810037676","statusCode":500,"executionTimeMs":56186.53,"cacheStatus":"miss","filterParams":{},"paginationParams":{}}
{"level":30,"time":1781033956149,"pid":26204,"hostname":"preethika","requestId":"2d88468d-0d0a-402f-a8f0-1f425f8ee781","method":"POST","url":"/api/match?random=0.4176010161602872","statusCode":500,"executionTimeMs":56210.97,"cacheStatus":"miss","filterParams":{},"paginationParams":{}}
{"level":30,"time":1781033956157,"pid":26204,"hostname":"preethika","requestId":"85c9e724-086b-4e66-a54a-77135bf5b0fa","method":"POST","url":"/api/match?random=0.16554500800669603","statusCode":500,"executionTimeMs":56383.93,"cacheStatus":"miss","filterParams":{},"paginationParams":{}}
{"level":30,"time":1781033956185,"pid":26204,"hostname":"preethika","requestId":"d86f7e3b-cdb5-4d98-af06-9f9932d832f0","method":"POST","url":"/api/match?random=0.7830035436688154","statusCode":500,"executionTimeMs":56280.23,"cacheStatus":"miss","filterParams":{},"paginationParams":{}}
{"level":30,"time":1781033956251,"pid":26204,"hostname":"preethika","requestId":"c5104888-77a2-4b94-b438-bc2a2c2ad70d","method":"POST","url":"/api/match?random=0.42974333574329826","statusCode":500,"executionTimeMs":56327.19,"cacheStatus":"miss","filterParams":{},"paginationParams":{}}
{"level":30,"time":1781033956271,"pid":26204,"hostname":"preethika","requestId":"ab326173-8528-4095-8a2e-0cc91ce00fde","method":"POST","url":"/api/match?random=0.7342064426224741","statusCode":500,"executionTimeMs":56336.03,"cacheStatus":"miss","filterParams":{},"paginationParams":{}}
{"level":30,"time":1781033956385,"pid":26204,"hostname":"preethika","requestId":"7287b08c-ee4a-46ca-a5af-9ba7c57f19ce","method":"POST","url":"/api/match?random=0.8127120845097535","statusCode":500,"executionTimeMs":56485.55,"cacheStatus":"miss","filterParams":{},"paginationParams":{}}
{"level":30,"time":1781033956550,"pid":26204,"hostname":"preethika","requestId":"6a52612f-dc0f-4adb-8853-1f93eaead5df","method":"POST","url":"/api/match?random=0.9259867170905889","statusCode":500,"executionTimeMs":56647.34,"cacheStatus":"miss","filterParams":{},"paginationParams":{}}
{"level":30,"time":1781033956567,"pid":26204,"hostname":"preethika","requestId":"ddbef918-61c2-4a99-99a7-7126e38b77d2","method":"POST","url":"/api/match?random=0.6327827543989459","statusCode":500,"executionTimeMs":56763.07,"cacheStatus":"miss","filterParams":{},"paginationParams":{}}
{"level":30,"time":1781033956592,"pid":26204,"hostname":"preethika","requestId":"57283121-1841-4c05-a75d-cc7aa1a05fd7","method":"POST","url":"/api/match?random=0.6525116706405005","statusCode":500,"executionTimeMs":56615.47,"cacheStatus":"miss","filterParams":{},"paginationParams":{}}
{"level":30,"time":1781033956615,"pid":26204,"hostname":"preethika","requestId":"fe9a109b-bc90-41b8-8650-ce4521702dd7","method":"POST","url":"/api/match?random=0.918404644515336","statusCode":500,"executionTimeMs":56706.94,"cacheStatus":"miss","filterParams":{},"paginationParams":{}}
{"level":30,"time":1781033956639,"pid":26204,"hostname":"preethika","requestId":"0f9977ba-bc5f-4f90-8657-8ec29b7b317d","method":"POST","url":"/api/match?random=0.6342013225740464","statusCode":500,"executionTimeMs":56753.78,"cacheStatus":"miss","filterParams":{},"paginationParams":{}}
{"level":30,"time":1781033956752,"pid":26204,"hostname":"preethika","requestId":"b0dcc1fa-478f-4f57-b761-112299d72651","method":"POST","url":"/api/match?random=0.6594970143202918","statusCode":500,"executionTimeMs":56864.02,"cacheStatus":"miss","filterParams":{},"paginationParams":{}}
{"level":30,"time":1781033956764,"pid":26204,"hostname":"preethika","requestId":"0bc1d178-e7e9-4cc8-a0b4-5660a783d6d1","method":"POST","url":"/api/match?random=0.47899820367276136","statusCode":500,"executionTimeMs":56888.65,"cacheStatus":"miss","filterParams":{},"paginationParams":{}}
{"level":30,"time":1781033956785,"pid":26204,"hostname":"preethika","requestId":"a9d5dac0-056b-4ce2-8d06-52fb10a67539","method":"POST","url":"/api/match?random=0.5099577329234266","statusCode":500,"executionTimeMs":56854.47,"cacheStatus":"miss","filterParams":{},"paginationParams":{}}
{"level":30,"time":1781033956853,"pid":26204,"hostname":"preethika","requestId":"b1dabb0a-a325-40f4-90b8-9dc1d76e64ec","method":"POST","url":"/api/match?random=0.026845691013649864","statusCode":500,"executionTimeMs":56858.37,"cacheStatus":"miss","filterParams":{},"paginationParams":{}}
{"level":30,"time":1781033956912,"pid":26204,"hostname":"preethika","requestId":"03972670-4867-4ae9-8c37-221338c8f467","method":"POST","url":"/api/match?random=0.1730355842405935","statusCode":500,"executionTimeMs":57008.73,"cacheStatus":"miss","filterParams":{},"paginationParams":{}}
{"level":30,"time":1781033956954,"pid":26204,"hostname":"preethika","requestId":"1afe4f75-6237-46a1-a7a2-cbc07386ab15","method":"POST","url":"/api/match?random=0.7557074130576962","statusCode":500,"executionTimeMs":57032.96,"cacheStatus":"miss","filterParams":{},"paginationParams":{}}
{"level":30,"time":1781033956989,"pid":26204,"hostname":"preethika","requestId":"5425f6ba-7e84-44f0-b4fd-2bfa2cc6cd45","method":"POST","url":"/api/match?random=0.4984561667062237","statusCode":500,"executionTimeMs":56998.36,"cacheStatus":"miss","filterParams":{},"paginationParams":{}}
{"level":30,"time":1781033957022,"pid":26204,"hostname":"preethika","requestId":"9a289a66-b3e9-471b-abfb-69a7ba734c3d","method":"POST","url":"/api/match?random=0.7493144487158871","statusCode":500,"executionTimeMs":57078.48,"cacheStatus":"miss","filterParams":{},"paginationParams":{}}
{"level":30,"time":1781033957121,"pid":26204,"hostname":"preethika","requestId":"09e8bf17-7fed-4fcd-aee1-e27a722feeb6","method":"POST","url":"/api/match?random=0.5507299264276615","statusCode":500,"executionTimeMs":57168.04,"cacheStatus":"miss","filterParams":{},"paginationParams":{}}
{"level":30,"time":1781033957179,"pid":26204,"hostname":"preethika","requestId":"48cc7f7d-8d1e-4edb-bfc9-2229f32971b2","method":"POST","url":"/api/match?random=0.4235630423053325","statusCode":500,"executionTimeMs":57256.58,"cacheStatus":"miss","filterParams":{},"paginationParams":{}}
{"level":30,"time":1781033957186,"pid":26204,"hostname":"preethika","requestId":"ea4e6a0d-c96e-43c2-a54a-ed7a3ab8a733","method":"POST","url":"/api/match?random=0.18702042748925884","statusCode":500,"executionTimeMs":57239.38,"cacheStatus":"miss","filterParams":{},"paginationParams":{}}
{"level":30,"time":1781033957192,"pid":26204,"hostname":"preethika","requestId":"47be3dc6-5b39-4869-99c4-99f2ce79e405","method":"POST","url":"/api/match?random=0.716374614148503","statusCode":500,"executionTimeMs":57251.86,"cacheStatus":"miss","filterParams":{},"paginationParams":{}}
{"level":30,"time":1781033957264,"pid":26204,"hostname":"preethika","requestId":"a93f1003-df07-439c-bf5c-eb5736eb680a","method":"POST","url":"/api/match?random=0.7658295804354007","statusCode":500,"executionTimeMs":57307.66,"cacheStatus":"miss","filterParams":{},"paginationParams":{}}
{"level":30,"time":1781033957316,"pid":26204,"hostname":"preethika","requestId":"5179311f-309f-4bf5-b533-881f1844e3ed","method":"POST","url":"/api/match?random=0.24522133680300406","statusCode":500,"executionTimeMs":57414.58,"cacheStatus":"miss","filterParams":{},"paginationParams":{}}
{"level":30,"time":1781033957578,"pid":26204,"hostname":"preethika","requestId":"7d96474b-6479-4639-9933-a56ee15a2148","method":"POST","url":"/api/match?random=0.5006145288164103","statusCode":500,"executionTimeMs":57610.63,"cacheStatus":"miss","filterParams":{},"paginationParams":{}}
{"level":30,"time":1781033957621,"pid":26204,"hostname":"preethika","requestId":"8883e90e-38db-47d1-adde-5cd833bee364","method":"POST","url":"/api/match?random=0.838626703680414","statusCode":500,"executionTimeMs":57657.77,"cacheStatus":"miss","filterParams":{},"paginationParams":{}}
{"level":30,"time":1781033957641,"pid":26204,"hostname":"preethika","requestId":"4ec58d10-1289-4ef0-9d4c-e434f49a9594","method":"POST","url":"/api/match?random=0.38357738143287357","statusCode":500,"executionTimeMs":57689.24,"cacheStatus":"miss","filterParams":{},"paginationParams":{}}
{"level":30,"time":1781033957692,"pid":26204,"hostname":"preethika","requestId":"ec875978-abd4-455e-95d2-f459f0d2df14","method":"POST","url":"/api/match?random=0.13589439201535147","statusCode":500,"executionTimeMs":57896.95,"cacheStatus":"miss","filterParams":{},"paginationParams":{}}
{"level":30,"time":1781033957741,"pid":26204,"hostname":"preethika","requestId":"90260a3c-56a8-416b-a0f8-d5a1c2328fe2","method":"POST","url":"/api/match?random=0.4040314468419386","statusCode":500,"executionTimeMs":57879.59,"cacheStatus":"miss","filterParams":{},"paginationParams":{}}
{"level":30,"time":1781033957933,"pid":26204,"hostname":"preethika","requestId":"25df99c7-c664-43f9-a426-eac761f72713","method":"POST","url":"/api/match?random=0.6418534089915637","statusCode":500,"executionTimeMs":57962.01,"cacheStatus":"miss","filterParams":{},"paginationParams":{}}
{"level":30,"time":1781033957955,"pid":26204,"hostname":"preethika","requestId":"6b884d75-8ce9-401d-9448-e404055f7ac6","method":"POST","url":"/api/match?random=0.47516567340198335","statusCode":500,"executionTimeMs":58020.96,"cacheStatus":"miss","filterParams":{},"paginationParams":{}}
{"level":30,"time":1781033957970,"pid":26204,"hostname":"preethika","requestId":"b1442571-d62b-4227-b3d4-8bbde2afe024","method":"POST","url":"/api/match?random=0.8942374548285958","statusCode":500,"executionTimeMs":57994.64,"cacheStatus":"miss","filterParams":{},"paginationParams":{}}
{"level":30,"time":1781033958047,"pid":26204,"hostname":"preethika","requestId":"56b357a5-808a-4a55-9bc0-ec21d4d6ff58","method":"POST","url":"/api/match?random=0.15142623857459436","statusCode":500,"executionTimeMs":58118.38,"cacheStatus":"miss","filterParams":{},"paginationParams":{}}
{"level":30,"time":1781033958104,"pid":26204,"hostname":"preethika","requestId":"8c3d831a-5a30-4392-93fd-40fa4870f3d3","method":"POST","url":"/api/match?random=0.26555675396487466","statusCode":500,"executionTimeMs":58170.85,"cacheStatus":"miss","filterParams":{},"paginationParams":{}}
{"level":30,"time":1781033958137,"pid":26204,"hostname":"preethika","requestId":"51adbf79-7e8c-4e6b-9240-2993b05490e5","method":"POST","url":"/api/match?random=0.056098138321772906","statusCode":500,"executionTimeMs":58253.36,"cacheStatus":"miss","filterParams":{},"paginationParams":{}}
{"level":30,"time":1781033958181,"pid":26204,"hostname":"preethika","requestId":"85658a9c-e4e8-41e6-ae67-afb32fa25a15","method":"POST","url":"/api/match?random=0.9576707055635476","statusCode":500,"executionTimeMs":58211.08,"cacheStatus":"miss","filterParams":{},"paginationParams":{}}
{"level":30,"time":1781033958221,"pid":26204,"hostname":"preethika","requestId":"507034e2-cc57-4889-9efe-e206db1156d3","method":"POST","url":"/api/match?random=0.6177766609768836","statusCode":500,"executionTimeMs":58241.78,"cacheStatus":"miss","filterParams":{},"paginationParams":{}}
{"level":30,"time":1781033958277,"pid":26204,"hostname":"preethika","requestId":"bdcb57f9-2269-4336-87eb-b7764bd49f06","method":"POST","url":"/api/match?random=0.1988509800351541","statusCode":500,"executionTimeMs":58309.97,"cacheStatus":"miss","filterParams":{},"paginationParams":{}}
{"level":30,"time":1781033958284,"pid":26204,"hostname":"preethika","requestId":"69e83a95-b05c-42ea-8417-abf408d2555a","method":"POST","url":"/api/match?random=0.9651508573190024","statusCode":500,"executionTimeMs":58359.78,"cacheStatus":"miss","filterParams":{},"paginationParams":{}}
{"level":30,"time":1781033958294,"pid":26204,"hostname":"preethika","requestId":"323e7c8f-ee31-4ccf-b69d-abbc2302bed2","method":"POST","url":"/api/match?random=0.07607370933740976","statusCode":500,"executionTimeMs":58333.5,"cacheStatus":"miss","filterParams":{},"paginationParams":{}}
{"level":30,"time":1781033958456,"pid":26204,"hostname":"preethika","requestId":"6793cdde-3087-491f-92ed-313f2dbed836","method":"POST","url":"/api/match?random=0.9875256910409136","statusCode":500,"executionTimeMs":58584.89,"cacheStatus":"miss","filterParams":{},"paginationParams":{}}
{"level":30,"time":1781033958549,"pid":26204,"hostname":"preethika","requestId":"a73ea936-9e39-4ce5-be63-4f4a29d3ef2a","method":"POST","url":"/api/match?random=0.5541608219535457","statusCode":500,"executionTimeMs":58588,"cacheStatus":"miss","filterParams":{},"paginationParams":{}}
{"level":30,"time":1781033958623,"pid":26204,"hostname":"preethika","requestId":"810d8ef9-c64d-4057-9dae-a56ae7bd5294","method":"POST","url":"/api/match?random=0.9834313607351803","statusCode":500,"executionTimeMs":58763.83,"cacheStatus":"miss","filterParams":{},"paginationParams":{}}
{"level":30,"time":1781033958668,"pid":26204,"hostname":"preethika","requestId":"7fc62fbd-83de-451d-9fbd-e7d4a8ce4395","method":"POST","url":"/api/match?random=0.29447466781924736","statusCode":500,"executionTimeMs":58723.62,"cacheStatus":"miss","filterParams":{},"paginationParams":{}}
{"level":30,"time":1781033958678,"pid":26204,"hostname":"preethika","requestId":"ecc5264f-43f1-4e7f-8e59-d5302c96bf2a","method":"POST","url":"/api/match?random=0.3913347581048212","statusCode":500,"executionTimeMs":58753.3,"cacheStatus":"miss","filterParams":{},"paginationParams":{}}
{"level":30,"time":1781033958703,"pid":26204,"hostname":"preethika","requestId":"c40bf547-6909-4337-a8df-ce7b16a31554","method":"POST","url":"/api/match?random=0.11876914678257822","statusCode":500,"executionTimeMs":58728.51,"cacheStatus":"miss","filterParams":{},"paginationParams":{}}
{"level":30,"time":1781033958774,"pid":26204,"hostname":"preethika","requestId":"37cbc2ae-95ee-4cec-946c-a642e2b8ff46","method":"POST","url":"/api/match?random=0.16296740788388364","statusCode":500,"executionTimeMs":58987.41,"cacheStatus":"miss","filterParams":{},"paginationParams":{}}
{"level":30,"time":1781033958874,"pid":26204,"hostname":"preethika","requestId":"7417df59-5fd3-4960-8e54-3073523fb96e","method":"POST","url":"/api/match?random=0.1528308005162906","statusCode":500,"executionTimeMs":58967.12,"cacheStatus":"miss","filterParams":{},"paginationParams":{}}
{"level":30,"time":1781033959012,"pid":26204,"hostname":"preethika","requestId":"3f2ee4eb-b32b-4201-bcae-0b3b64fff08b","method":"POST","url":"/api/match?random=0.16479746904456372","statusCode":500,"executionTimeMs":59057.69,"cacheStatus":"miss","filterParams":{},"paginationParams":{}}
{"level":30,"time":1781033959019,"pid":26204,"hostname":"preethika","requestId":"014fffa2-fa82-457b-9dc8-fdd6660bb3eb","method":"POST","url":"/api/match?random=0.43406653020752906","statusCode":500,"executionTimeMs":59131.78,"cacheStatus":"miss","filterParams":{},"paginationParams":{}}
{"level":30,"time":1781033959064,"pid":26204,"hostname":"preethika","requestId":"92597717-3b51-425f-8533-ac7d6d64a22f","method":"POST","url":"/api/match?random=0.06727031909150427","statusCode":500,"executionTimeMs":59040.18,"cacheStatus":"miss","filterParams":{},"paginationParams":{}}
{"level":30,"time":1781033959071,"pid":26204,"hostname":"preethika","requestId":"4d32b94d-7574-480c-a8ab-c074c643c0c0","method":"POST","url":"/api/match?random=0.6370598266815348","statusCode":500,"executionTimeMs":59046.31,"cacheStatus":"miss","filterParams":{},"paginationParams":{}}
{"level":30,"time":1781033959104,"pid":26204,"hostname":"preethika","requestId":"ef2dd23e-3814-47c6-9b6a-1b3212aa2efc","method":"POST","url":"/api/match?random=0.7460971970234271","statusCode":500,"executionTimeMs":59105.48,"cacheStatus":"miss","filterParams":{},"paginationParams":{}}
{"level":30,"time":1781033959111,"pid":26204,"hostname":"preethika","requestId":"a66b83e2-a67b-413a-b6b5-85e811696fb5","method":"POST","url":"/api/match?random=0.7311511688269139","statusCode":500,"executionTimeMs":59244.86,"cacheStatus":"miss","filterParams":{},"paginationParams":{}}
{"level":30,"time":1781033959147,"pid":26204,"hostname":"preethika","requestId":"e7512cf7-c78e-412e-bffa-54a7cc767438","method":"POST","url":"/api/match?random=0.045931793050121295","statusCode":500,"executionTimeMs":59201.32,"cacheStatus":"miss","filterParams":{},"paginationParams":{}}
{"level":30,"time":1781033959318,"pid":26204,"hostname":"preethika","requestId":"7d831bd1-1063-4efe-a221-1f5860301366","method":"POST","url":"/api/match?random=0.7116824475816554","statusCode":500,"executionTimeMs":59321.37,"cacheStatus":"miss","filterParams":{},"paginationParams":{}}
{"level":30,"time":1781033959359,"pid":26204,"hostname":"preethika","requestId":"8e571e4a-ecf0-47a4-ab9b-5da812730453","method":"POST","url":"/api/match?random=0.6074964436282815","statusCode":500,"executionTimeMs":59341.35,"cacheStatus":"miss","filterParams":{},"paginationParams":{}}
{"level":30,"time":1781033959370,"pid":26204,"hostname":"preethika","requestId":"036575ff-97d1-408f-92a0-5f67c87cc3cd","method":"POST","url":"/api/match?random=0.6347960890206314","statusCode":500,"executionTimeMs":59493.22,"cacheStatus":"miss","filterParams":{},"paginationParams":{}}
{"level":30,"time":1781033959405,"pid":26204,"hostname":"preethika","requestId":"0ad77126-e49c-4de6-9ccc-d4846940ee2e","method":"POST","url":"/api/match?random=0.20926464407871048","statusCode":500,"executionTimeMs":59459.69,"cacheStatus":"miss","filterParams":{},"paginationParams":{}}
{"level":30,"time":1781033959419,"pid":26204,"hostname":"preethika","requestId":"3d3ffebf-085d-4824-a8b2-e882506d0a4d","method":"POST","url":"/api/match?random=0.08316575011910876","statusCode":500,"executionTimeMs":59542.18,"cacheStatus":"miss","filterParams":{},"paginationParams":{}}
{"level":30,"time":1781033959433,"pid":26204,"hostname":"preethika","requestId":"03d3f392-4169-456a-8855-fa05a82f3c94","method":"POST","url":"/api/match?random=0.0676202147976177","statusCode":500,"executionTimeMs":59464.8,"cacheStatus":"miss","filterParams":{},"paginationParams":{}}
{"level":30,"time":1781033959469,"pid":26204,"hostname":"preethika","requestId":"aade9e18-e57d-4068-9b30-8e2634db466e","method":"POST","url":"/api/match?random=0.1182775344207625","statusCode":500,"executionTimeMs":59585.91,"cacheStatus":"miss","filterParams":{},"paginationParams":{}}
{"level":30,"time":1781033959722,"pid":26204,"hostname":"preethika","requestId":"39846e23-7d13-4093-914d-a1ace84c1f79","method":"POST","url":"/api/match?random=0.6661361061597726","statusCode":500,"executionTimeMs":59830.64,"cacheStatus":"miss","filterParams":{},"paginationParams":{}}
{"level":30,"time":1781033959769,"pid":26204,"hostname":"preethika","requestId":"da1c0f27-a6a7-45df-82a0-8fa8a883e687","method":"POST","url":"/api/match?random=0.49081307935333673","statusCode":500,"executionTimeMs":59847.5,"cacheStatus":"miss","filterParams":{},"paginationParams":{}}
{"level":30,"time":1781033959819,"pid":26204,"hostname":"preethika","requestId":"6ad5e304-a90f-4034-b05e-7ee43ddc5dcc","method":"POST","url":"/api/match?random=0.07939327553555753","statusCode":500,"executionTimeMs":59912.86,"cacheStatus":"miss","filterParams":{},"paginationParams":{}}
{"level":30,"time":1781033959869,"pid":26204,"hostname":"preethika","requestId":"a0af3cc7-f7d2-469a-80ea-fd9b63629fee","method":"POST","url":"/api/match?random=0.9038086170982444","statusCode":500,"executionTimeMs":59936.24,"cacheStatus":"miss","filterParams":{},"paginationParams":{}}
{"level":30,"time":1781033959926,"pid":26204,"hostname":"preethika","requestId":"e13f0f1a-1a97-42ef-807b-925ca2988431","method":"POST","url":"/api/match?random=0.9462188100425233","statusCode":500,"executionTimeMs":59944.1,"cacheStatus":"miss","filterParams":{},"paginationParams":{}}
{"level":30,"time":1781033959952,"pid":26204,"hostname":"preethika","requestId":"d3bf6bd7-dbeb-466a-9ce0-3f80cc885b7a","method":"POST","url":"/api/match?random=0.46459996875980236","statusCode":500,"executionTimeMs":59897.99,"cacheStatus":"miss","filterParams":{},"paginationParams":{}}
{"level":30,"time":1781033959999,"pid":26204,"hostname":"preethika","requestId":"13abc66c-416a-43ba-9584-0a718dab5297","method":"POST","url":"/api/match?random=0.37006012850515346","statusCode":500,"executionTimeMs":60106.48,"cacheStatus":"miss","filterParams":{},"paginationParams":{}}
{"level":30,"time":1781033960019,"pid":26204,"hostname":"preethika","requestId":"6086bf90-37dc-485a-b871-5edafa9064eb","method":"POST","url":"/api/match?random=0.7520216153375134","statusCode":500,"executionTimeMs":60042.1,"cacheStatus":"miss","filterParams":{},"paginationParams":{}}
{"level":30,"time":1781033960149,"pid":26204,"hostname":"preethika","requestId":"2a9bce64-b916-4b37-b6e4-0c870a62b9ba","method":"POST","url":"/api/match?random=0.5205311437197606","statusCode":500,"executionTimeMs":60170.41,"cacheStatus":"miss","filterParams":{},"paginationParams":{}}
{"level":30,"time":1781033960175,"pid":26204,"hostname":"preethika","requestId":"27025153-bd58-4616-a678-910942576cdb","method":"POST","url":"/api/match?random=0.2971614366713269","statusCode":500,"executionTimeMs":60219.59,"cacheStatus":"miss","filterParams":{},"paginationParams":{}}
{"level":30,"time":1781033960218,"pid":26204,"hostname":"preethika","requestId":"19a092eb-d7c6-4a2f-91f4-5d26a1ac2c09","method":"POST","url":"/api/match?random=0.10045014485746995","statusCode":500,"executionTimeMs":60295.39,"cacheStatus":"miss","filterParams":{},"paginationParams":{}}
{"level":30,"time":1781033960262,"pid":26204,"hostname":"preethika","requestId":"67e2a15d-4a62-49d3-9870-d4d3cc9ce6ca","method":"POST","url":"/api/match?random=0.42830501565565227","statusCode":500,"executionTimeMs":60255.86,"cacheStatus":"miss","filterParams":{},"paginationParams":{}}
{"level":30,"time":1781033960319,"pid":26204,"hostname":"preethika","requestId":"e8ae99e5-1521-4065-999a-f026ba211fa1","method":"POST","url":"/api/match?random=0.30598828806229306","statusCode":500,"executionTimeMs":60280.97,"cacheStatus":"miss","filterParams":{},"paginationParams":{}}
{"level":30,"time":1781033960341,"pid":26204,"hostname":"preethika","requestId":"44f1a62d-a55c-4392-a978-5fb03e119381","method":"POST","url":"/api/match?random=0.9870368295261993","statusCode":500,"executionTimeMs":60348.69,"cacheStatus":"miss","filterParams":{},"paginationParams":{}}
{"level":30,"time":1781033960352,"pid":26204,"hostname":"preethika","requestId":"2931a449-4cf3-4c94-8ea5-8489a1e1b347","method":"POST","url":"/api/match?random=0.5598941554730179","statusCode":500,"executionTimeMs":60342.59,"cacheStatus":"miss","filterParams":{},"paginationParams":{}}
{"level":30,"time":1781033960404,"pid":26204,"hostname":"preethika","requestId":"c1f4bc18-ed08-45da-b060-112f9b13ef33","method":"POST","url":"/api/match?random=0.5306282600154877","statusCode":500,"executionTimeMs":60430.87,"cacheStatus":"miss","filterParams":{},"paginationParams":{}}
{"level":30,"time":1781033960519,"pid":26204,"hostname":"preethika","requestId":"edd49dc8-1653-4024-860e-0f600a6cd6f0","method":"POST","url":"/api/match?random=0.7361126341015869","statusCode":500,"executionTimeMs":60568.42,"cacheStatus":"miss","filterParams":{},"paginationParams":{}}
{"level":30,"time":1781033960578,"pid":26204,"hostname":"preethika","requestId":"281f2015-f8e0-4a9a-b4c2-530cc6a7f654","method":"POST","url":"/api/match?random=0.5790380952077856","statusCode":500,"executionTimeMs":60635.86,"cacheStatus":"miss","filterParams":{},"paginationParams":{}}
{"level":30,"time":1781033960585,"pid":26204,"hostname":"preethika","requestId":"95d9cce0-9aff-4c97-9653-a167a5bb03be","method":"POST","url":"/api/match?random=0.4680295801982475","statusCode":500,"executionTimeMs":60574.31,"cacheStatus":"miss","filterParams":{},"paginationParams":{}}
{"level":30,"time":1781033960718,"pid":26204,"hostname":"preethika","requestId":"7a21abc6-65a2-4150-9a02-f5e17e79c225","method":"POST","url":"/api/match?random=0.20519555150023416","statusCode":500,"executionTimeMs":60857.76,"cacheStatus":"miss","filterParams":{},"paginationParams":{}}
{"level":30,"time":1781033960784,"pid":26204,"hostname":"preethika","requestId":"ebca330f-9244-42aa-98fd-fe4707b82bdb","method":"POST","url":"/api/match?random=0.9494041082827143","statusCode":500,"executionTimeMs":60837.84,"cacheStatus":"miss","filterParams":{},"paginationParams":{}}
{"level":30,"time":1781033960800,"pid":26204,"hostname":"preethika","requestId":"014b2e8d-39d2-4dfd-b842-f8bf18e212c2","method":"POST","url":"/api/match?random=0.5902565923840715","statusCode":500,"executionTimeMs":60806.21,"cacheStatus":"miss","filterParams":{},"paginationParams":{}}
{"level":30,"time":1781033960917,"pid":26204,"hostname":"preethika","requestId":"5138186e-80b6-4ba7-9e0a-b230bafe8e53","method":"POST","url":"/api/match?random=0.5993967115250869","statusCode":500,"executionTimeMs":61078.36,"cacheStatus":"miss","filterParams":{},"paginationParams":{}}
{"level":30,"time":1781033960924,"pid":26204,"hostname":"preethika","requestId":"04ab432c-8845-486e-811d-411023268643","method":"POST","url":"/api/match?random=0.31331739790643476","statusCode":500,"executionTimeMs":61015.22,"cacheStatus":"miss","filterParams":{},"paginationParams":{}}
{"level":30,"time":1781033961019,"pid":26204,"hostname":"preethika","requestId":"79c6a341-6930-46e3-a148-83707f68abd5","method":"POST","url":"/api/match?random=0.8119375734241561","statusCode":500,"executionTimeMs":61080.22,"cacheStatus":"miss","filterParams":{},"paginationParams":{}}
{"level":30,"time":1781033961090,"pid":26204,"hostname":"preethika","requestId":"9abfc3eb-6824-46f9-ad3f-1cf0e90a32f2","method":"POST","url":"/api/match?random=0.3577622353419274","statusCode":500,"executionTimeMs":61074.99,"cacheStatus":"miss","filterParams":{},"paginationParams":{}}
{"level":30,"time":1781033961126,"pid":26204,"hostname":"preethika","requestId":"0d1be792-4a0a-40ac-80dd-65e90e7aae37","method":"POST","url":"/api/match?random=0.36912199153475567","statusCode":500,"executionTimeMs":61168.38,"cacheStatus":"miss","filterParams":{},"paginationParams":{}}
{"level":30,"time":1781033961248,"pid":26204,"hostname":"preethika","requestId":"67c299e8-3718-48d9-bb73-f75166c016a0","method":"POST","url":"/api/match?random=0.012261290426011096","statusCode":500,"executionTimeMs":61338.51,"cacheStatus":"miss","filterParams":{},"paginationParams":{}}
{"level":30,"time":1781033961258,"pid":26204,"hostname":"preethika","requestId":"25589c84-5e3c-49ce-88a3-cdd9874b6f2c","method":"POST","url":"/api/match?random=0.48574098405304333","statusCode":500,"executionTimeMs":61347.52,"cacheStatus":"miss","filterParams":{},"paginationParams":{}}
{"level":30,"time":1781033961265,"pid":26204,"hostname":"preethika","requestId":"9a561947-9d15-46fb-ae2a-d12f1feb93d8","method":"POST","url":"/api/match?random=0.04987237137568146","statusCode":500,"executionTimeMs":61280.75,"cacheStatus":"miss","filterParams":{},"paginationParams":{}}
{"level":30,"time":1781033961275,"pid":26204,"hostname":"preethika","requestId":"c8bb2e0e-47b1-4f8c-8bdf-17c71235e7e8","method":"POST","url":"/api/match?random=0.515692887736374","statusCode":500,"executionTimeMs":61322.05,"cacheStatus":"miss","filterParams":{},"paginationParams":{}}
{"level":30,"time":1781033961284,"pid":26204,"hostname":"preethika","requestId":"5c6de863-a1a0-4fdc-9366-5861aa286b54","method":"POST","url":"/api/match?random=0.17413278887907513","statusCode":500,"executionTimeMs":61262.06,"cacheStatus":"miss","filterParams":{},"paginationParams":{}}
{"level":30,"time":1781033961298,"pid":26204,"hostname":"preethika","requestId":"f84b32c2-b344-49db-bc32-abc05d2a9d8a","method":"POST","url":"/api/match?random=0.18201677495866164","statusCode":500,"executionTimeMs":61312.04,"cacheStatus":"miss","filterParams":{},"paginationParams":{}}
{"level":30,"time":1781033961317,"pid":26204,"hostname":"preethika","requestId":"69ebff1a-a76a-49b0-8962-887538a589a5","method":"POST","url":"/api/match?random=0.9390491824069671","statusCode":500,"executionTimeMs":61392.25,"cacheStatus":"miss","filterParams":{},"paginationParams":{}}
{"level":30,"time":1781033961509,"pid":26204,"hostname":"preethika","requestId":"b3ee9c73-3c09-4456-9d32-db113a16adae","method":"POST","url":"/api/match?random=0.7803196327482511","statusCode":500,"executionTimeMs":61532.83,"cacheStatus":"miss","filterParams":{},"paginationParams":{}}
{"level":30,"time":1781033961615,"pid":26204,"hostname":"preethika","requestId":"f3512a56-60d0-44e2-86d1-f728eb5c369e","method":"POST","url":"/api/match?random=0.4831331186651271","statusCode":500,"executionTimeMs":61604.27,"cacheStatus":"miss","filterParams":{},"paginationParams":{}}
{"level":30,"time":1781033961694,"pid":26204,"hostname":"preethika","requestId":"61c47113-0b36-4f96-b940-cb0c69cb1ada","method":"POST","url":"/api/match?random=0.18150958493212332","statusCode":500,"executionTimeMs":61702.01,"cacheStatus":"miss","filterParams":{},"paginationParams":{}}
{"level":30,"time":1781033961720,"pid":26204,"hostname":"preethika","requestId":"0acf6737-6631-44b1-8422-20088e24758e","method":"POST","url":"/api/match?random=0.38819376973123987","statusCode":500,"executionTimeMs":61782.72,"cacheStatus":"miss","filterParams":{},"paginationParams":{}}
{"level":30,"time":1781033961744,"pid":26204,"hostname":"preethika","requestId":"31837530-05ca-457b-8418-202b558310ea","method":"POST","url":"/api/match?random=0.8610662646135354","statusCode":500,"executionTimeMs":61738.9,"cacheStatus":"miss","filterParams":{},"paginationParams":{}}
{"level":30,"time":1781033961821,"pid":26204,"hostname":"preethika","requestId":"5a6d64f3-064f-4908-a38f-f380893e9694","method":"POST","url":"/api/match?random=0.5277618939275313","statusCode":500,"executionTimeMs":61927.06,"cacheStatus":"miss","filterParams":{},"paginationParams":{}}
{"level":30,"time":1781033961907,"pid":26204,"hostname":"preethika","requestId":"e9940fcc-df5d-4fcf-ad91-c14c32b01e31","method":"POST","url":"/api/match?random=0.1468423748026344","statusCode":500,"executionTimeMs":61891.13,"cacheStatus":"miss","filterParams":{},"paginationParams":{}}
{"level":30,"time":1781033961958,"pid":26204,"hostname":"preethika","requestId":"0892070b-c2cc-4d01-93fd-3ed0bcdd2d4a","method":"POST","url":"/api/match?random=0.99485007901461","statusCode":500,"executionTimeMs":61990.65,"cacheStatus":"miss","filterParams":{},"paginationParams":{}}
{"level":30,"time":1781033962023,"pid":26204,"hostname":"preethika","requestId":"ab6a6f27-71ba-4526-8647-e4c59e800d64","method":"POST","url":"/api/match?random=0.4168129526659803","statusCode":500,"executionTimeMs":62068.5,"cacheStatus":"miss","filterParams":{},"paginationParams":{}}
{"level":30,"time":1781033962113,"pid":26204,"hostname":"preethika","requestId":"8040924d-ce74-4798-87a4-7cfc3252a800","method":"POST","url":"/api/match?random=0.816909548250395","statusCode":500,"executionTimeMs":62092.8,"cacheStatus":"miss","filterParams":{},"paginationParams":{}}
{"level":30,"time":1781033962120,"pid":26204,"hostname":"preethika","requestId":"f01c71b3-1d6c-4bfb-b9c5-472c5aafb8df","method":"POST","url":"/api/match?random=0.5228808526878459","statusCode":500,"executionTimeMs":62166.03,"cacheStatus":"miss","filterParams":{},"paginationParams":{}}
{"level":30,"time":1781033962149,"pid":26204,"hostname":"preethika","requestId":"ccec5c52-5e26-43a9-ac90-76695b3b6279","method":"POST","url":"/api/match?random=0.6187809278739227","statusCode":500,"executionTimeMs":62211.79,"cacheStatus":"miss","filterParams":{},"paginationParams":{}}
{"level":30,"time":1781033962179,"pid":26204,"hostname":"preethika","requestId":"343e6316-8fd6-4d6f-824e-ed32d9a95e06","method":"POST","url":"/api/match?random=0.9029761739110014","statusCode":500,"executionTimeMs":62219.8,"cacheStatus":"miss","filterParams":{},"paginationParams":{}}
{"level":30,"time":1781033962240,"pid":26204,"hostname":"preethika","requestId":"999abbbd-51eb-4915-aa1e-de4c5188d24e","method":"POST","url":"/api/match?random=0.9357774988495215","statusCode":500,"executionTimeMs":62232.3,"cacheStatus":"miss","filterParams":{},"paginationParams":{}}
{"level":30,"time":1781033962318,"pid":26204,"hostname":"preethika","requestId":"f07f25a2-8c0b-42e2-9cbc-1f4903cb852d","method":"POST","url":"/api/match?random=0.4311653926652055","statusCode":500,"executionTimeMs":62378.86,"cacheStatus":"miss","filterParams":{},"paginationParams":{}}
{"level":30,"time":1781033962336,"pid":26204,"hostname":"preethika","requestId":"6a2151dd-4abd-4f51-b2b1-b668a1a134ec","method":"POST","url":"/api/match?random=0.3305478946748166","statusCode":500,"executionTimeMs":62323,"cacheStatus":"miss","filterParams":{},"paginationParams":{}}
{"level":30,"time":1781033962415,"pid":26204,"hostname":"preethika","requestId":"863855ed-a551-4fc3-985d-cfbfa7803d89","method":"POST","url":"/api/match?random=0.4994675188744149","statusCode":500,"executionTimeMs":62368.15,"cacheStatus":"miss","filterParams":{},"paginationParams":{}}
{"level":30,"time":1781033962432,"pid":26204,"hostname":"preethika","requestId":"462f51e1-d534-4254-8f94-eab1f0ead8e1","method":"POST","url":"/api/match?random=0.9255845631141091","statusCode":500,"executionTimeMs":62403.46,"cacheStatus":"miss","filterParams":{},"paginationParams":{}}
{"level":30,"time":1781033962487,"pid":26204,"hostname":"preethika","requestId":"81fe8536-c85e-4774-8bb0-aa228c741015","method":"POST","url":"/api/match?random=0.5890911606429243","statusCode":500,"executionTimeMs":62474.7,"cacheStatus":"miss","filterParams":{},"paginationParams":{}}
{"level":30,"time":1781033962504,"pid":26204,"hostname":"preethika","requestId":"040e9afc-ba6e-4475-86c9-2392046cfe3b","method":"POST","url":"/api/match?random=0.4716303820705463","statusCode":500,"executionTimeMs":62416.71,"cacheStatus":"miss","filterParams":{},"paginationParams":{}}
{"level":30,"time":1781033962595,"pid":26204,"hostname":"preethika","requestId":"718bd3f0-ab62-4942-8c08-253f040b242b","method":"POST","url":"/api/match?random=0.22403883837698535","statusCode":500,"executionTimeMs":62565.07,"cacheStatus":"miss","filterParams":{},"paginationParams":{}}
{"level":30,"time":1781033962605,"pid":26204,"hostname":"preethika","requestId":"374c3c76-acf9-4f30-b84f-a2da242609da","method":"POST","url":"/api/match?random=0.6059701489860203","statusCode":500,"executionTimeMs":62694.42,"cacheStatus":"miss","filterParams":{},"paginationParams":{}}
{"level":30,"time":1781033962634,"pid":26204,"hostname":"preethika","requestId":"863f5303-2d73-42a7-8f9b-62c2804fbba7","method":"POST","url":"/api/match?random=0.4430280558899202","statusCode":500,"executionTimeMs":62654,"cacheStatus":"miss","filterParams":{},"paginationParams":{}}
{"level":30,"time":1781033962674,"pid":26204,"hostname":"preethika","requestId":"7fb5e721-bf85-48e4-b906-53d065c1d727","method":"POST","url":"/api/match?random=0.04998765070123601","statusCode":500,"executionTimeMs":62708.62,"cacheStatus":"miss","filterParams":{},"paginationParams":{}}
{"level":30,"time":1781033962719,"pid":26204,"hostname":"preethika","requestId":"2a07f51c-b6a0-4515-9f7c-5eba63314eec","method":"POST","url":"/api/match?random=0.15559534725257373","statusCode":500,"executionTimeMs":62699.12,"cacheStatus":"miss","filterParams":{},"paginationParams":{}}
{"level":30,"time":1781033962738,"pid":26204,"hostname":"preethika","requestId":"23512ba1-3904-433e-a5c5-57e77821209e","method":"POST","url":"/api/match?random=0.7191556981984673","statusCode":500,"executionTimeMs":62847.21,"cacheStatus":"miss","filterParams":{},"paginationParams":{}}
{"level":30,"time":1781033962753,"pid":26204,"hostname":"preethika","requestId":"d636db96-67fd-4634-8f7f-d88e0a3f4919","method":"POST","url":"/api/match?random=0.3825764773462361","statusCode":500,"executionTimeMs":62858.86,"cacheStatus":"miss","filterParams":{},"paginationParams":{}}
{"level":30,"time":1781033962811,"pid":26204,"hostname":"preethika","requestId":"e671b232-f097-4291-85ba-2865c70813e1","method":"POST","url":"/api/match?random=0.10285692149529146","statusCode":500,"executionTimeMs":62836.57,"cacheStatus":"miss","filterParams":{},"paginationParams":{}}
{"level":30,"time":1781033962819,"pid":26204,"hostname":"preethika","requestId":"42e4171d-ef05-497a-a9a6-47e45ee41daa","method":"POST","url":"/api/match?random=0.907350200616327","statusCode":500,"executionTimeMs":62811.74,"cacheStatus":"miss","filterParams":{},"paginationParams":{}}
{"level":30,"time":1781033962837,"pid":26204,"hostname":"preethika","requestId":"2a35cf1e-09bc-4eaf-bacc-df964990beaf","method":"POST","url":"/api/match?random=0.7161591860263194","statusCode":500,"executionTimeMs":62875.87,"cacheStatus":"miss","filterParams":{},"paginationParams":{}}
{"level":30,"time":1781033962869,"pid":26204,"hostname":"preethika","requestId":"39cebf32-5846-4ac8-b68f-2711a094781d","method":"POST","url":"/api/match?random=0.7997377402634205","statusCode":500,"executionTimeMs":62921.19,"cacheStatus":"miss","filterParams":{},"paginationParams":{}}
{"level":30,"time":1781033962906,"pid":26204,"hostname":"preethika","requestId":"34102771-7304-4ca9-84e5-231ac2365caf","method":"POST","url":"/api/match?random=0.3512705822827913","statusCode":500,"executionTimeMs":62953.35,"cacheStatus":"miss","filterParams":{},"paginationParams":{}}
{"level":30,"time":1781033962922,"pid":26204,"hostname":"preethika","requestId":"4f3b613a-1582-4d7e-8518-8efc44d50bcf","method":"POST","url":"/api/match?random=0.7180471906212429","statusCode":500,"executionTimeMs":62899.41,"cacheStatus":"miss","filterParams":{},"paginationParams":{}}
{"level":30,"time":1781033962933,"pid":26204,"hostname":"preethika","requestId":"ea45f3d9-cf17-4363-ab36-920989c8974b","method":"POST","url":"/api/match?random=0.01406045800522504","statusCode":500,"executionTimeMs":62914.02,"cacheStatus":"miss","filterParams":{},"paginationParams":{}}
{"level":30,"time":1781033962946,"pid":26204,"hostname":"preethika","requestId":"264f50ab-a3ba-4647-a61f-838ec1627380","method":"POST","url":"/api/match?random=0.36790317336523604","statusCode":500,"executionTimeMs":63049.82,"cacheStatus":"miss","filterParams":{},"paginationParams":{}}
{"level":30,"time":1781033962955,"pid":26204,"hostname":"preethika","requestId":"10c45caf-2deb-4b04-a0d3-a8a3a5870cc7","method":"POST","url":"/api/match?random=0.03633096448703199","statusCode":500,"executionTimeMs":63034.89,"cacheStatus":"miss","filterParams":{},"paginationParams":{}}
{"level":30,"time":1781033962964,"pid":26204,"hostname":"preethika","requestId":"11e655a5-2c48-4268-ba00-72efe6d32e74","method":"POST","url":"/api/match?random=0.6479239540225088","statusCode":500,"executionTimeMs":62923.56,"cacheStatus":"miss","filterParams":{},"paginationParams":{}}
{"level":30,"time":1781033963118,"pid":26204,"hostname":"preethika","requestId":"39ad994c-6c49-4100-a744-7f2a4f789782","method":"POST","url":"/api/match?random=0.5535353631213837","statusCode":500,"executionTimeMs":63081.73,"cacheStatus":"miss","filterParams":{},"paginationParams":{}}
{"level":30,"time":1781033963171,"pid":26204,"hostname":"preethika","requestId":"f18f8b3c-024f-4934-a93f-2c0654188a15","method":"POST","url":"/api/match?random=0.7726903180106208","statusCode":500,"executionTimeMs":63180.17,"cacheStatus":"miss","filterParams":{},"paginationParams":{}}
{"level":30,"time":1781033963182,"pid":26204,"hostname":"preethika","requestId":"bc5ab256-c801-4d39-8552-900509144c81","method":"POST","url":"/api/match?random=0.5659325951774883","statusCode":500,"executionTimeMs":63216.05,"cacheStatus":"miss","filterParams":{},"paginationParams":{}}
{"level":30,"time":1781033963192,"pid":26204,"hostname":"preethika","requestId":"a8ff8313-f84f-43b1-ae5b-3e7d5d403c0c","method":"POST","url":"/api/match?random=0.6309436231650305","statusCode":500,"executionTimeMs":63205.43,"cacheStatus":"miss","filterParams":{},"paginationParams":{}}
{"level":30,"time":1781033963202,"pid":26204,"hostname":"preethika","requestId":"3d1e9e71-3437-4051-8a90-ef0ce11ca4d6","method":"POST","url":"/api/match?random=0.4669801398267823","statusCode":500,"executionTimeMs":63274.28,"cacheStatus":"miss","filterParams":{},"paginationParams":{}}
{"level":30,"time":1781033963248,"pid":26204,"hostname":"preethika","requestId":"e75315de-875a-49d7-9d51-8ed88d622da2","method":"POST","url":"/api/match?random=0.710134636387922","statusCode":500,"executionTimeMs":63252.48,"cacheStatus":"miss","filterParams":{},"paginationParams":{}}
{"level":30,"time":1781033963268,"pid":26204,"hostname":"preethika","requestId":"8b5cffc9-c0b2-4afa-8bc4-482ab114c04e","method":"POST","url":"/api/match?random=0.3237880518965395","statusCode":500,"executionTimeMs":63313.18,"cacheStatus":"miss","filterParams":{},"paginationParams":{}}
{"level":30,"time":1781033963289,"pid":26204,"hostname":"preethika","requestId":"66454d89-e660-4509-b6fb-bb0ff628fe47","method":"POST","url":"/api/match?random=0.9322859298137642","statusCode":500,"executionTimeMs":63254.75,"cacheStatus":"miss","filterParams":{},"paginationParams":{}}
{"level":30,"time":1781033963307,"pid":26204,"hostname":"preethika","requestId":"10b0fdb9-c1a8-4dbd-92c0-144f926db6a9","method":"POST","url":"/api/match?random=0.048317082899688835","statusCode":500,"executionTimeMs":63348.87,"cacheStatus":"miss","filterParams":{},"paginationParams":{}}
{"level":30,"time":1781033963339,"pid":26204,"hostname":"preethika","requestId":"e5c93743-9df5-4e14-90b7-e95b0fb188b7","method":"POST","url":"/api/match?random=0.9473675115691524","statusCode":500,"executionTimeMs":63345.5,"cacheStatus":"miss","filterParams":{},"paginationParams":{}}
{"level":30,"time":1781033963396,"pid":26204,"hostname":"preethika","requestId":"a595c6c6-4966-4814-a578-72784a590518","method":"POST","url":"/api/match?random=0.9043215424196509","statusCode":500,"executionTimeMs":63369.64,"cacheStatus":"miss","filterParams":{},"paginationParams":{}}
{"level":30,"time":1781033963498,"pid":26204,"hostname":"preethika","requestId":"736a312d-526a-4abd-95c0-7e7643ae0555","method":"POST","url":"/api/match?random=0.7294556662071636","statusCode":500,"executionTimeMs":63540.67,"cacheStatus":"miss","filterParams":{},"paginationParams":{}}
{"level":30,"time":1781033963509,"pid":26204,"hostname":"preethika","requestId":"edd04aae-8f86-4af3-9caf-56a8a971258b","method":"POST","url":"/api/match?random=0.08059937398128603","statusCode":500,"executionTimeMs":63457.4,"cacheStatus":"miss","filterParams":{},"paginationParams":{}}
{"level":30,"time":1781033963523,"pid":26204,"hostname":"preethika","requestId":"99dcac9d-9987-4756-9367-ca65991bd340","method":"POST","url":"/api/match?random=0.6826176213088135","statusCode":500,"executionTimeMs":63548.31,"cacheStatus":"miss","filterParams":{},"paginationParams":{}}
{"level":30,"time":1781033963549,"pid":26204,"hostname":"preethika","requestId":"1fd49f86-6f74-4768-903e-052f19d3613a","method":"POST","url":"/api/match?random=0.4462171691368453","statusCode":500,"executionTimeMs":63478.26,"cacheStatus":"miss","filterParams":{},"paginationParams":{}}
{"level":30,"time":1781033963624,"pid":26204,"hostname":"preethika","requestId":"0de68c2e-1cac-40b1-b291-0f68abba2167","method":"POST","url":"/api/match?random=0.28210271481392946","statusCode":500,"executionTimeMs":63674.75,"cacheStatus":"miss","filterParams":{},"paginationParams":{}}
{"level":30,"time":1781033963649,"pid":26204,"hostname":"preethika","requestId":"d4565581-6cb3-4c6a-bf20-1096acd1fdce","method":"POST","url":"/api/match?random=0.9757390715412457","statusCode":500,"executionTimeMs":63575.85,"cacheStatus":"miss","filterParams":{},"paginationParams":{}}
{"level":30,"time":1781033963755,"pid":26204,"hostname":"preethika","requestId":"50999d42-7bd7-4387-bc3e-2015f7414734","method":"POST","url":"/api/match?random=0.6393009343513785","statusCode":500,"executionTimeMs":63813.26,"cacheStatus":"miss","filterParams":{},"paginationParams":{}}
{"level":30,"time":1781033963782,"pid":26204,"hostname":"preethika","requestId":"4ceb770c-2539-461a-a194-37749ea72357","method":"POST","url":"/api/match?random=0.8371000729580245","statusCode":500,"executionTimeMs":63744.84,"cacheStatus":"miss","filterParams":{},"paginationParams":{}}
{"level":30,"time":1781033963869,"pid":26204,"hostname":"preethika","requestId":"5aacb9a3-ba1a-473d-9ce1-a0ef0fba52d7","method":"POST","url":"/api/match?random=0.07965012589572718","statusCode":500,"executionTimeMs":63919.15,"cacheStatus":"miss","filterParams":{},"paginationParams":{}}
{"level":30,"time":1781033964025,"pid":26204,"hostname":"preethika","requestId":"8de0cfd8-500f-44bd-a7fd-ffd596fef398","method":"POST","url":"/api/match?random=0.3281156063715178","statusCode":500,"executionTimeMs":64003.71,"cacheStatus":"miss","filterParams":{},"paginationParams":{}}
{"level":30,"time":1781033964033,"pid":26204,"hostname":"preethika","requestId":"5435e706-9cf1-4ffd-abdd-16bf50a6d0aa","method":"POST","url":"/api/match?random=0.0684074530165577","statusCode":500,"executionTimeMs":64060.67,"cacheStatus":"miss","filterParams":{},"paginationParams":{}}
{"level":30,"time":1781033964159,"pid":26204,"hostname":"preethika","requestId":"33cfa28a-87d6-4338-997e-4a6f7f439a3c","method":"POST","url":"/api/match?random=0.9603864844364274","statusCode":500,"executionTimeMs":64113.64,"cacheStatus":"miss","filterParams":{},"paginationParams":{}}
{"level":30,"time":1781033964166,"pid":26204,"hostname":"preethika","requestId":"952442f0-3650-4584-90bd-c66b897a2528","method":"POST","url":"/api/match?random=0.8336069942330901","statusCode":500,"executionTimeMs":64140.55,"cacheStatus":"miss","filterParams":{},"paginationParams":{}}
{"level":30,"time":1781033964197,"pid":26204,"hostname":"preethika","requestId":"6500803a-62a9-41ba-ab1b-86299f1412aa","method":"POST","url":"/api/match?random=0.2342317759034369","statusCode":500,"executionTimeMs":64119.46,"cacheStatus":"miss","filterParams":{},"paginationParams":{}}
{"level":30,"time":1781033964266,"pid":26204,"hostname":"preethika","requestId":"5c33ebd7-12b4-4cd9-ab83-fd0abab82597","method":"POST","url":"/api/match?random=0.9357212410699325","statusCode":500,"executionTimeMs":64297.15,"cacheStatus":"miss","filterParams":{},"paginationParams":{}}
{"level":30,"time":1781033964372,"pid":26204,"hostname":"preethika","requestId":"449bed90-bef3-4c54-bcbd-8d12b13b0279","method":"POST","url":"/api/match?random=0.5037384337916133","statusCode":500,"executionTimeMs":64294.14,"cacheStatus":"miss","filterParams":{},"paginationParams":{}}
{"level":30,"time":1781033964447,"pid":26204,"hostname":"preethika","requestId":"dd6136eb-ea5d-44a0-8613-558fb46e1771","method":"POST","url":"/api/match?random=0.6720732363746746","statusCode":500,"executionTimeMs":64321.37,"cacheStatus":"miss","filterParams":{},"paginationParams":{}}
{"level":30,"time":1781033964569,"pid":26204,"hostname":"preethika","requestId":"453c2cdd-5ac4-4359-af49-36809bf22de6","method":"POST","url":"/api/match?random=0.6679556798718411","statusCode":500,"executionTimeMs":64503.44,"cacheStatus":"miss","filterParams":{},"paginationParams":{}}
{"level":30,"time":1781033964680,"pid":26204,"hostname":"preethika","requestId":"f29641ef-062f-4cf7-84d7-3cf15765da39","method":"POST","url":"/api/match?random=0.36099629756814977","statusCode":500,"executionTimeMs":64691.42,"cacheStatus":"miss","filterParams":{},"paginationParams":{}}
{"level":30,"time":1781033964717,"pid":26204,"hostname":"preethika","requestId":"731048fc-804f-4f18-b8a1-6456e2958312","method":"POST","url":"/api/match?random=0.33660346096338234","statusCode":500,"executionTimeMs":64708.97,"cacheStatus":"miss","filterParams":{},"paginationParams":{}}
{"level":30,"time":1781033964785,"pid":26204,"hostname":"preethika","requestId":"562f3cec-c4ac-4052-b117-30c23b82171c","method":"POST","url":"/api/match?random=0.10296166908292315","statusCode":500,"executionTimeMs":64679.2,"cacheStatus":"miss","filterParams":{},"paginationParams":{}}
{"level":30,"time":1781033964798,"pid":26204,"hostname":"preethika","requestId":"b72cce57-d622-410a-8e09-09bd93b6662f","method":"POST","url":"/api/match?random=0.21935007021972308","statusCode":500,"executionTimeMs":64872.1,"cacheStatus":"miss","filterParams":{},"paginationParams":{}}
{"level":30,"time":1781033964820,"pid":26204,"hostname":"preethika","requestId":"1007efa9-b64a-4701-afeb-60303d1c2f69","method":"POST","url":"/api/match?random=0.9089335130057534","statusCode":500,"executionTimeMs":64857.73,"cacheStatus":"miss","filterParams":{},"paginationParams":{}}
{"level":30,"time":1781033964856,"pid":26204,"hostname":"preethika","requestId":"3d519246-517d-46f3-a816-0bb19bbabdae","method":"POST","url":"/api/match?random=0.40002508386191193","statusCode":500,"executionTimeMs":64822.47,"cacheStatus":"miss","filterParams":{},"paginationParams":{}}
{"level":30,"time":1781033965025,"pid":26204,"hostname":"preethika","requestId":"e8e5538e-e769-4abc-addc-975617f48741","method":"POST","url":"/api/match?random=0.23255269320944794","statusCode":500,"executionTimeMs":64954.08,"cacheStatus":"miss","filterParams":{},"paginationParams":{}}
{"level":30,"time":1781033965053,"pid":26204,"hostname":"preethika","requestId":"bba913f0-5ed6-4d04-9de3-043edaa2d0c6","method":"POST","url":"/api/match?random=0.15496863504561542","statusCode":500,"executionTimeMs":65134.13,"cacheStatus":"miss","filterParams":{},"paginationParams":{}}
{"level":30,"time":1781033965141,"pid":26204,"hostname":"preethika","requestId":"e69b9fb2-d21d-44cd-b4b9-e3580f04a768","method":"POST","url":"/api/match?random=0.2567899790594985","statusCode":500,"executionTimeMs":65151.16,"cacheStatus":"miss","filterParams":{},"paginationParams":{}}
{"level":30,"time":1781033965167,"pid":26204,"hostname":"preethika","requestId":"46f08fc2-1311-46f2-b55f-e8b1f5b5ba36","method":"POST","url":"/api/match?random=0.7861491807886367","statusCode":500,"executionTimeMs":65128.47,"cacheStatus":"miss","filterParams":{},"paginationParams":{}}
{"level":30,"time":1781033965212,"pid":26204,"hostname":"preethika","requestId":"45fab61b-2f04-47ef-a90f-1ed119907240","method":"POST","url":"/api/match?random=0.8980745816236004","statusCode":500,"executionTimeMs":65142.89,"cacheStatus":"miss","filterParams":{},"paginationParams":{}}
{"level":30,"time":1781033965229,"pid":26204,"hostname":"preethika","requestId":"7529243b-16ed-4d21-b297-53ff23ce9ae3","method":"POST","url":"/api/match?random=0.7133979526305119","statusCode":500,"executionTimeMs":65128.28,"cacheStatus":"miss","filterParams":{},"paginationParams":{}}
{"level":30,"time":1781033965257,"pid":26204,"hostname":"preethika","requestId":"14203a69-d541-4a79-ae92-0f25b4d38258","method":"POST","url":"/api/match?random=0.370609366789562","statusCode":500,"executionTimeMs":65260.94,"cacheStatus":"miss","filterParams":{},"paginationParams":{}}
{"level":30,"time":1781033965266,"pid":26204,"hostname":"preethika","requestId":"8d173ea1-0865-452f-86c5-cb3a1dec3cc1","method":"POST","url":"/api/match?random=0.8630481387309152","statusCode":500,"executionTimeMs":65157.95,"cacheStatus":"miss","filterParams":{},"paginationParams":{}}
{"level":30,"time":1781033965286,"pid":26204,"hostname":"preethika","requestId":"811cbe3f-2cfd-4726-8e76-8106754d95c1","method":"POST","url":"/api/match?random=0.7602556519658505","statusCode":500,"executionTimeMs":65258.88,"cacheStatus":"miss","filterParams":{},"paginationParams":{}}
{"level":30,"time":1781033965292,"pid":26204,"hostname":"preethika","requestId":"d4737551-d78f-449e-b710-3afb9c6623c5","method":"POST","url":"/api/match?random=0.8052325729723704","statusCode":500,"executionTimeMs":65259.89,"cacheStatus":"miss","filterParams":{},"paginationParams":{}}
{"level":30,"time":1781033965389,"pid":26204,"hostname":"preethika","requestId":"4dcbebe6-d627-406d-ad3a-76f3d7eb6992","method":"POST","url":"/api/match?random=0.9983386257292624","statusCode":500,"executionTimeMs":65326.03,"cacheStatus":"miss","filterParams":{},"paginationParams":{}}
{"level":30,"time":1781033965398,"pid":26204,"hostname":"preethika","requestId":"c35c0d56-5dbf-47e8-949d-c95f1e005a2d","method":"POST","url":"/api/match?random=0.613607737870816","statusCode":500,"executionTimeMs":65425.54,"cacheStatus":"miss","filterParams":{},"paginationParams":{}}
{"level":30,"time":1781033965491,"pid":26204,"hostname":"preethika","requestId":"8aac2a43-95dd-4d73-b174-e792a2c920d9","method":"POST","url":"/api/match?random=0.2992092667515427","statusCode":500,"executionTimeMs":65513.45,"cacheStatus":"miss","filterParams":{},"paginationParams":{}}
{"level":30,"time":1781033965501,"pid":26204,"hostname":"preethika","requestId":"dcf36e93-15b6-40b5-94c9-dcf8eb6b3c14","method":"POST","url":"/api/match?random=0.9864438243064151","statusCode":500,"executionTimeMs":65443.74,"cacheStatus":"miss","filterParams":{},"paginationParams":{}}
{"level":30,"time":1781033965506,"pid":26204,"hostname":"preethika","requestId":"1afd7b72-5174-4da9-8602-189a4fc7d7f9","method":"POST","url":"/api/match?random=0.6886335490470943","statusCode":500,"executionTimeMs":65492.65,"cacheStatus":"miss","filterParams":{},"paginationParams":{}}
{"level":30,"time":1781033965738,"pid":26204,"hostname":"preethika","requestId":"11708d11-990c-4717-b8a5-52fa5e891e52","method":"POST","url":"/api/match?random=0.15755056564866066","statusCode":500,"executionTimeMs":65684.98,"cacheStatus":"miss","filterParams":{},"paginationParams":{}}
{"level":30,"time":1781033965833,"pid":26204,"hostname":"preethika","requestId":"b123df69-a5c2-4b77-bfe5-ef940c6a515c","method":"POST","url":"/api/match?random=0.3571624120433863","statusCode":500,"executionTimeMs":65876.64,"cacheStatus":"miss","filterParams":{},"paginationParams":{}}
{"level":30,"time":1781033965852,"pid":26204,"hostname":"preethika","requestId":"c68d8533-c0b2-4721-8fb3-4fac8ddd8ba3","method":"POST","url":"/api/match?random=0.8793464910144375","statusCode":500,"executionTimeMs":65794.33,"cacheStatus":"miss","filterParams":{},"paginationParams":{}}
{"level":30,"time":1781033965986,"pid":26204,"hostname":"preethika","requestId":"3b0122b2-76c8-47dc-9d3b-be86691ce819","method":"POST","url":"/api/match?random=0.4077890535160196","statusCode":500,"executionTimeMs":65891.64,"cacheStatus":"miss","filterParams":{},"paginationParams":{}}
{"level":30,"time":1781033966016,"pid":26204,"hostname":"preethika","requestId":"93cc577f-c8d9-4586-9003-384a1b8435a2","method":"POST","url":"/api/match?random=0.18090465095688502","statusCode":500,"executionTimeMs":65925.74,"cacheStatus":"miss","filterParams":{},"paginationParams":{}}
{"level":30,"time":1781033966110,"pid":26204,"hostname":"preethika","requestId":"12be4251-dc1e-4a37-b2e4-6bdc1857fb64","method":"POST","url":"/api/match?random=0.332584502486738","statusCode":500,"executionTimeMs":66010.94,"cacheStatus":"miss","filterParams":{},"paginationParams":{}}
{"level":30,"time":1781033966139,"pid":26204,"hostname":"preethika","requestId":"29d7c6d8-210b-4661-b883-5274307388b6","method":"POST","url":"/api/match?random=0.29693427994067156","statusCode":500,"executionTimeMs":66352.05,"cacheStatus":"miss","filterParams":{},"paginationParams":{}}
{"level":30,"time":1781033966151,"pid":26204,"hostname":"preethika","requestId":"a93137ca-eb61-4bf5-8f3e-18883e75f348","method":"POST","url":"/api/match?random=0.3172875355434941","statusCode":500,"executionTimeMs":66055.06,"cacheStatus":"miss","filterParams":{},"paginationParams":{}}
{"level":30,"time":1781033966200,"pid":26204,"hostname":"preethika","requestId":"672b7bf3-cd3d-474b-8f59-a410edb04687","method":"POST","url":"/api/match?random=0.06383788921725508","statusCode":500,"executionTimeMs":66123.21,"cacheStatus":"miss","filterParams":{},"paginationParams":{}}
{"level":30,"time":1781033966207,"pid":26204,"hostname":"preethika","requestId":"c9edf48a-77d9-44ac-b926-4f6c43d9a63a","method":"POST","url":"/api/match?random=0.9862318208801828","statusCode":500,"executionTimeMs":66075.64,"cacheStatus":"miss","filterParams":{},"paginationParams":{}}
{"level":30,"time":1781033966260,"pid":26204,"hostname":"preethika","requestId":"2c4b2656-bd33-408f-957b-b1faa54d7b37","method":"POST","url":"/api/match?random=0.6661132389905711","statusCode":500,"executionTimeMs":66204.04,"cacheStatus":"miss","filterParams":{},"paginationParams":{}}
{"level":30,"time":1781033966504,"pid":26204,"hostname":"preethika","requestId":"5df0079a-f602-44c0-9c19-7a0405de321f","method":"POST","url":"/api/match?random=0.8209189991512047","statusCode":500,"executionTimeMs":66454.85,"cacheStatus":"miss","filterParams":{},"paginationParams":{}}
{"level":30,"time":1781033966547,"pid":26204,"hostname":"preethika","requestId":"2b016d66-1c9d-4186-a1d7-9ad1feccd020","method":"POST","url":"/api/match?random=0.325308238143742","statusCode":500,"executionTimeMs":66490.28,"cacheStatus":"miss","filterParams":{},"paginationParams":{}}
{"level":30,"time":1781033966561,"pid":26204,"hostname":"preethika","requestId":"87d1694e-62fc-460e-982b-b539224351d8","method":"POST","url":"/api/match?random=0.8624819971795155","statusCode":500,"executionTimeMs":66487.7,"cacheStatus":"miss","filterParams":{},"paginationParams":{}}
{"level":30,"time":1781033966584,"pid":26204,"hostname":"preethika","requestId":"bd02dd0b-bbd9-43c5-8545-48f913c95d14","method":"POST","url":"/api/match?random=0.5756025338316584","statusCode":500,"executionTimeMs":66525.35,"cacheStatus":"miss","filterParams":{},"paginationParams":{}}
{"level":30,"time":1781033966593,"pid":26204,"hostname":"preethika","requestId":"a18e292c-e93c-4c3f-90a5-6803215ea7cf","method":"POST","url":"/api/match?random=0.6385021470484353","statusCode":500,"executionTimeMs":66516.54,"cacheStatus":"miss","filterParams":{},"paginationParams":{}}
{"level":30,"time":1781033966618,"pid":26204,"hostname":"preethika","requestId":"7d17558b-34e8-46f9-bfd4-6d3bf343c921","method":"POST","url":"/api/match?random=0.19730649405621103","statusCode":500,"executionTimeMs":66523.84,"cacheStatus":"miss","filterParams":{},"paginationParams":{}}
{"level":30,"time":1781033966720,"pid":26204,"hostname":"preethika","requestId":"86514435-a590-4444-aa5a-30a541b7fc13","method":"POST","url":"/api/match?random=0.6717164020232815","statusCode":500,"executionTimeMs":66659.88,"cacheStatus":"miss","filterParams":{},"paginationParams":{}}
{"level":30,"time":1781033966750,"pid":26204,"hostname":"preethika","requestId":"0f0f4ade-c204-403e-9ea3-d2b6a522be42","method":"POST","url":"/api/match?random=0.7025700927682139","statusCode":500,"executionTimeMs":66654.63,"cacheStatus":"miss","filterParams":{},"paginationParams":{}}
{"level":30,"time":1781033966833,"pid":26204,"hostname":"preethika","requestId":"b7c355a2-a997-46d9-af05-7d2cf7f6a527","method":"POST","url":"/api/match?random=0.014404553535214193","statusCode":500,"executionTimeMs":66778.76,"cacheStatus":"miss","filterParams":{},"paginationParams":{}}
{"level":30,"time":1781033966965,"pid":26204,"hostname":"preethika","requestId":"06404fd8-492a-46b8-99d5-d5e0f191ebfd","method":"POST","url":"/api/match?random=0.7594950139802756","statusCode":500,"executionTimeMs":66846.94,"cacheStatus":"miss","filterParams":{},"paginationParams":{}}
{"level":30,"time":1781033966977,"pid":26204,"hostname":"preethika","requestId":"ce34999d-76f2-4dd0-a696-f80712666a66","method":"POST","url":"/api/match?random=0.2177178347287798","statusCode":500,"executionTimeMs":66850,"cacheStatus":"miss","filterParams":{},"paginationParams":{}}
{"level":30,"time":1781033967102,"pid":26204,"hostname":"preethika","requestId":"53c1b48a-0c28-49fb-906f-dff3b0133b49","method":"POST","url":"/api/match?random=0.9950012868577991","statusCode":500,"executionTimeMs":67051.77,"cacheStatus":"miss","filterParams":{},"paginationParams":{}}
{"level":30,"time":1781033967142,"pid":26204,"hostname":"preethika","requestId":"e1f6068e-b720-439e-b026-caff7d51f5dc","method":"POST","url":"/api/match?random=0.3193420176801667","statusCode":500,"executionTimeMs":67154.06,"cacheStatus":"miss","filterParams":{},"paginationParams":{}}
{"level":30,"time":1781033967177,"pid":26204,"hostname":"preethika","requestId":"e1aeee1a-6729-4f3c-a23f-b30a651fa03b","method":"POST","url":"/api/match?random=0.07092113777881948","statusCode":500,"executionTimeMs":67142.18,"cacheStatus":"miss","filterParams":{},"paginationParams":{}}
{"level":30,"time":1781033967221,"pid":26204,"hostname":"preethika","requestId":"1fc3fa10-66d0-4177-a5fb-fe49c71d19a4","method":"POST","url":"/api/match?random=0.49680196545307687","statusCode":500,"executionTimeMs":67192.79,"cacheStatus":"miss","filterParams":{},"paginationParams":{}}
{"level":30,"time":1781033967249,"pid":26204,"hostname":"preethika","requestId":"ad311278-cf79-4f65-9618-5b6cd1c264b6","method":"POST","url":"/api/match?random=0.8842001529932015","statusCode":500,"executionTimeMs":67204.76,"cacheStatus":"miss","filterParams":{},"paginationParams":{}}
{"level":30,"time":1781033967316,"pid":26204,"hostname":"preethika","requestId":"53daeb03-cb61-4c1a-b2d3-674d0757bfc9","method":"POST","url":"/api/match?random=0.23569271788610857","statusCode":500,"executionTimeMs":67307.3,"cacheStatus":"miss","filterParams":{},"paginationParams":{}}
{"level":30,"time":1781033967351,"pid":26204,"hostname":"preethika","requestId":"bdf05a5e-a5d1-4367-8a95-b48cf96259a7","method":"POST","url":"/api/match?random=0.740984766906025","statusCode":500,"executionTimeMs":67370.12,"cacheStatus":"miss","filterParams":{},"paginationParams":{}}
{"level":30,"time":1781033967358,"pid":26204,"hostname":"preethika","requestId":"81fe2ef2-9c3b-47ee-8008-412621db81d0","method":"POST","url":"/api/match?random=0.7239942296807149","statusCode":500,"executionTimeMs":67266.95,"cacheStatus":"miss","filterParams":{},"paginationParams":{}}
{"level":30,"time":1781033967396,"pid":26204,"hostname":"preethika","requestId":"4b718de6-a5fe-4362-9243-abd91a2edaaf","method":"POST","url":"/api/match?random=0.6912223059666958","statusCode":500,"executionTimeMs":67434.13,"cacheStatus":"miss","filterParams":{},"paginationParams":{}}
{"level":30,"time":1781033967443,"pid":26204,"hostname":"preethika","requestId":"02549b6e-9de3-4c2d-9063-abd5a6401f20","method":"POST","url":"/api/match?random=0.39065845912737385","statusCode":500,"executionTimeMs":67353.93,"cacheStatus":"miss","filterParams":{},"paginationParams":{}}
{"level":30,"time":1781033967476,"pid":26204,"hostname":"preethika","requestId":"a9389ff0-3699-481f-a65f-e3ffb2a78b9c","method":"POST","url":"/api/match?random=0.46907854154057294","statusCode":500,"executionTimeMs":67479.89,"cacheStatus":"miss","filterParams":{},"paginationParams":{}}
{"level":30,"time":1781033967507,"pid":26204,"hostname":"preethika","requestId":"4094b9b3-88c1-4f16-ae8e-51da030b3b04","method":"POST","url":"/api/match?random=0.965810105787688","statusCode":500,"executionTimeMs":67495.17,"cacheStatus":"miss","filterParams":{},"paginationParams":{}}
{"level":30,"time":1781033967630,"pid":26204,"hostname":"preethika","requestId":"f8fd5f6f-02a5-484f-8cf1-e1056551433c","method":"POST","url":"/api/match?random=0.4172408901206357","statusCode":500,"executionTimeMs":67567.84,"cacheStatus":"miss","filterParams":{},"paginationParams":{}}
{"level":30,"time":1781033967635,"pid":26204,"hostname":"preethika","requestId":"1bc5665d-4f72-4aaa-a447-9c7d26924256","method":"POST","url":"/api/match?random=0.42280077791868953","statusCode":500,"executionTimeMs":67665.69,"cacheStatus":"miss","filterParams":{},"paginationParams":{}}
{"level":30,"time":1781033967700,"pid":26204,"hostname":"preethika","requestId":"7cda16a5-e704-47af-aa13-4db818f94d4a","method":"POST","url":"/api/match?random=0.9408900591204787","statusCode":500,"executionTimeMs":67638.45,"cacheStatus":"miss","filterParams":{},"paginationParams":{}}
{"level":30,"time":1781033967707,"pid":26204,"hostname":"preethika","requestId":"27df7395-0718-4ecc-b782-0e557d0c7ae9","method":"POST","url":"/api/match?random=0.9784672680449249","statusCode":500,"executionTimeMs":67683.71,"cacheStatus":"miss","filterParams":{},"paginationParams":{}}
{"level":30,"time":1781033967770,"pid":26204,"hostname":"preethika","requestId":"5457b965-6ab9-4b0b-a0c7-b3b73491cd0f","method":"POST","url":"/api/match?random=0.9880079903584638","statusCode":500,"executionTimeMs":67762.64,"cacheStatus":"miss","filterParams":{},"paginationParams":{}}
{"level":30,"time":1781033967838,"pid":26204,"hostname":"preethika","requestId":"81462fdb-dc36-440f-bd21-9327e1e66a6b","method":"POST","url":"/api/match?random=0.3438544269103354","statusCode":500,"executionTimeMs":67752.69,"cacheStatus":"miss","filterParams":{},"paginationParams":{}}
{"level":30,"time":1781033967855,"pid":26204,"hostname":"preethika","requestId":"fd7b6f00-8d32-48af-a276-cade5ab243d1","method":"POST","url":"/api/match?random=0.5974224395395507","statusCode":500,"executionTimeMs":67736.25,"cacheStatus":"miss","filterParams":{},"paginationParams":{}}
{"level":30,"time":1781033967923,"pid":26204,"hostname":"preethika","requestId":"7dc47868-57ec-4790-84ec-13c066e0abc9","method":"POST","url":"/api/match?random=0.2544350647019067","statusCode":500,"executionTimeMs":67863.48,"cacheStatus":"miss","filterParams":{},"paginationParams":{}}
{"level":30,"time":1781033968013,"pid":26204,"hostname":"preethika","requestId":"ddc0efde-6b1f-40b4-b200-7bb777f6e576","method":"POST","url":"/api/match?random=0.5528024083030303","statusCode":500,"executionTimeMs":67906.31,"cacheStatus":"miss","filterParams":{},"paginationParams":{}}
{"level":30,"time":1781033968029,"pid":26204,"hostname":"preethika","requestId":"06254d7e-2d03-4986-91ef-7fe450d691ea","method":"POST","url":"/api/match?random=0.3301260547814484","statusCode":500,"executionTimeMs":67930.27,"cacheStatus":"miss","filterParams":{},"paginationParams":{}}
{"level":30,"time":1781033968038,"pid":26204,"hostname":"preethika","requestId":"576a31a4-dc1c-4a36-b798-b7aef0906816","method":"POST","url":"/api/match?random=0.3874439843895665","statusCode":500,"executionTimeMs":67941.69,"cacheStatus":"miss","filterParams":{},"paginationParams":{}}
{"level":30,"time":1781033968047,"pid":26204,"hostname":"preethika","requestId":"3d0d665c-85cb-432c-a9e7-436fcf73d5a9","method":"POST","url":"/api/match?random=0.7947638667151065","statusCode":500,"executionTimeMs":68007.66,"cacheStatus":"miss","filterParams":{},"paginationParams":{}}
{"level":30,"time":1781033968072,"pid":26204,"hostname":"preethika","requestId":"eff86315-1427-422e-be0b-fb4c5e01676c","method":"POST","url":"/api/match?random=0.08184824621949582","statusCode":500,"executionTimeMs":67989.03,"cacheStatus":"miss","filterParams":{},"paginationParams":{}}
{"level":30,"time":1781033968161,"pid":26204,"hostname":"preethika","requestId":"9b202766-2a63-4c6b-be8e-bdfb2e81dfc3","method":"POST","url":"/api/match?random=0.6088468416459769","statusCode":500,"executionTimeMs":68178.03,"cacheStatus":"miss","filterParams":{},"paginationParams":{}}
{"level":30,"time":1781033968396,"pid":26204,"hostname":"preethika","requestId":"db73e8dc-fcc9-4286-b160-1740cdc7102e","method":"POST","url":"/api/match?random=0.1327971555264642","statusCode":500,"executionTimeMs":68459,"cacheStatus":"miss","filterParams":{},"paginationParams":{}}
{"level":30,"time":1781033968425,"pid":26204,"hostname":"preethika","requestId":"93983d92-cd1a-410e-83f9-76f5cb09f7f5","method":"POST","url":"/api/match?random=0.9622397499209121","statusCode":500,"executionTimeMs":68397.77,"cacheStatus":"miss","filterParams":{},"paginationParams":{}}
{"level":30,"time":1781033968469,"pid":26204,"hostname":"preethika","requestId":"0000cdcf-197b-4d90-92bc-680f02b25d36","method":"POST","url":"/api/match?random=0.640033136928092","statusCode":500,"executionTimeMs":68397.21,"cacheStatus":"miss","filterParams":{},"paginationParams":{}}
{"level":30,"time":1781033968481,"pid":26204,"hostname":"preethika","requestId":"8775e07b-fc48-4ad5-b82a-d56e143f60be","method":"POST","url":"/api/match?random=0.9246364088270183","statusCode":500,"executionTimeMs":68474.78,"cacheStatus":"miss","filterParams":{},"paginationParams":{}}
{"level":30,"time":1781033968489,"pid":26204,"hostname":"preethika","requestId":"3013b5f6-5838-41ad-bf86-be8fb65f3713","method":"POST","url":"/api/match?random=0.3597655799915107","statusCode":500,"executionTimeMs":68381.82,"cacheStatus":"miss","filterParams":{},"paginationParams":{}}
{"level":30,"time":1781033968519,"pid":26204,"hostname":"preethika","requestId":"fb3c2e0d-a731-4203-9376-d5b817317238","method":"POST","url":"/api/match?random=0.44645937005382863","statusCode":500,"executionTimeMs":68477.56,"cacheStatus":"miss","filterParams":{},"paginationParams":{}}
{"level":30,"time":1781033968540,"pid":26204,"hostname":"preethika","requestId":"5c2b3add-5b57-49d8-8608-688797564273","method":"POST","url":"/api/match?random=0.25011719709499425","statusCode":500,"executionTimeMs":68492.3,"cacheStatus":"miss","filterParams":{},"paginationParams":{}}
{"level":30,"time":1781033968552,"pid":26204,"hostname":"preethika","requestId":"6c6c9dc2-ea58-46ca-b6dd-b5d69e360c50","method":"POST","url":"/api/match?random=0.2960440021198243","statusCode":500,"executionTimeMs":68423.99,"cacheStatus":"miss","filterParams":{},"paginationParams":{}}
{"level":30,"time":1781033968576,"pid":26204,"hostname":"preethika","requestId":"a6916a2c-204e-467f-900b-5a72be6e3acf","method":"POST","url":"/api/match?random=0.8605158832529933","statusCode":500,"executionTimeMs":68490.16,"cacheStatus":"miss","filterParams":{},"paginationParams":{}}
{"level":30,"time":1781033968588,"pid":26204,"hostname":"preethika","requestId":"95f7a613-d8fc-4605-95ed-0326a4bffe09","method":"POST","url":"/api/match?random=0.7672031976538904","statusCode":500,"executionTimeMs":68508.59,"cacheStatus":"miss","filterParams":{},"paginationParams":{}}
{"level":30,"time":1781033968604,"pid":26204,"hostname":"preethika","requestId":"bc7539f3-8c74-47b9-8fb3-bd41cded59df","method":"POST","url":"/api/match?random=0.9039472929653165","statusCode":500,"executionTimeMs":68487.21,"cacheStatus":"miss","filterParams":{},"paginationParams":{}}
{"level":30,"time":1781033968633,"pid":26204,"hostname":"preethika","requestId":"7f103743-b3a9-4760-af1f-602a47c9baad","method":"POST","url":"/api/match?random=0.5499797167844263","statusCode":500,"executionTimeMs":68501.67,"cacheStatus":"miss","filterParams":{},"paginationParams":{}}
{"level":30,"time":1781033968657,"pid":26204,"hostname":"preethika","requestId":"8582a755-989e-47ff-9ef8-d9d09489fb21","method":"POST","url":"/api/match?random=0.46254129230672447","statusCode":500,"executionTimeMs":68612.77,"cacheStatus":"miss","filterParams":{},"paginationParams":{}}
{"level":30,"time":1781033968846,"pid":26204,"hostname":"preethika","requestId":"df15c957-5e2f-45ba-935b-96c4f0b99163","method":"POST","url":"/api/match?random=0.9948445325362771","statusCode":500,"executionTimeMs":68711.78,"cacheStatus":"miss","filterParams":{},"paginationParams":{}}
{"level":30,"time":1781033968860,"pid":26204,"hostname":"preethika","requestId":"8fb15b60-311a-4dbd-9850-768629136c3f","method":"POST","url":"/api/match?random=0.04015064591086759","statusCode":500,"executionTimeMs":68885.73,"cacheStatus":"miss","filterParams":{},"paginationParams":{}}
{"level":30,"time":1781033968877,"pid":26204,"hostname":"preethika","requestId":"334a5efc-0384-49fa-8765-cd2794126afd","method":"POST","url":"/api/match?random=0.9342765763817549","statusCode":500,"executionTimeMs":68906.66,"cacheStatus":"miss","filterParams":{},"paginationParams":{}}
{"level":30,"time":1781033968895,"pid":26204,"hostname":"preethika","requestId":"e6141d16-581e-4ad1-93b9-dd868d2f1856","method":"POST","url":"/api/match?random=0.9882122674060685","statusCode":500,"executionTimeMs":68807.67,"cacheStatus":"miss","filterParams":{},"paginationParams":{}}
{"level":30,"time":1781033968902,"pid":26204,"hostname":"preethika","requestId":"a43ed871-0896-4078-a167-16fd324d2804","method":"POST","url":"/api/match?random=0.7244486156803831","statusCode":500,"executionTimeMs":68872.32,"cacheStatus":"miss","filterParams":{},"paginationParams":{}}
{"level":30,"time":1781033968989,"pid":26204,"hostname":"preethika","requestId":"690445b4-757d-46c0-b2c0-e6f2681c754d","method":"POST","url":"/api/match?random=0.3073413785296364","statusCode":500,"executionTimeMs":68880.14,"cacheStatus":"miss","filterParams":{},"paginationParams":{}}
{"level":30,"time":1781033969000,"pid":26204,"hostname":"preethika","requestId":"f122c5b5-8e1f-43bf-beb3-875d918739a1","method":"POST","url":"/api/match?random=0.6239570554826479","statusCode":500,"executionTimeMs":68957.38,"cacheStatus":"miss","filterParams":{},"paginationParams":{}}
{"level":30,"time":1781033969006,"pid":26204,"hostname":"preethika","requestId":"15898042-08e5-48e5-8ca8-3b655e46a4b4","method":"POST","url":"/api/match?random=0.5550923695413994","statusCode":500,"executionTimeMs":68884.89,"cacheStatus":"miss","filterParams":{},"paginationParams":{}}
{"level":30,"time":1781033969017,"pid":26204,"hostname":"preethika","requestId":"3bf37ba7-f032-44da-a7d7-6adb844d7402","method":"POST","url":"/api/match?random=0.40848435596174326","statusCode":500,"executionTimeMs":68894.74,"cacheStatus":"miss","filterParams":{},"paginationParams":{}}
{"level":30,"time":1781033969067,"pid":26204,"hostname":"preethika","requestId":"3896991f-1267-4678-9268-5a85cea12595","method":"POST","url":"/api/match?random=0.9389513413310961","statusCode":500,"executionTimeMs":68942.09,"cacheStatus":"miss","filterParams":{},"paginationParams":{}}
{"level":30,"time":1781033969180,"pid":26204,"hostname":"preethika","requestId":"bec35b11-6b47-4682-8675-28f5a1061847","method":"POST","url":"/api/match?random=0.7350985744198524","statusCode":500,"executionTimeMs":69328.89,"cacheStatus":"miss","filterParams":{},"paginationParams":{}}
{"level":30,"time":1781033969202,"pid":26204,"hostname":"preethika","requestId":"a76aa67b-e979-402c-8319-1eac829892f4","method":"POST","url":"/api/match?random=0.7799252689317473","statusCode":500,"executionTimeMs":69102.45,"cacheStatus":"miss","filterParams":{},"paginationParams":{}}
{"level":30,"time":1781033969309,"pid":26204,"hostname":"preethika","requestId":"473456ba-1527-4d7f-9bae-4a9135556b46","method":"POST","url":"/api/match?random=0.8522352069434045","statusCode":500,"executionTimeMs":69179.8,"cacheStatus":"miss","filterParams":{},"paginationParams":{}}
{"level":30,"time":1781033969318,"pid":26204,"hostname":"preethika","requestId":"67deecd3-6bbf-4ce4-a0dd-350d08612817","method":"POST","url":"/api/match?random=0.38212605417787504","statusCode":500,"executionTimeMs":69199.17,"cacheStatus":"miss","filterParams":{},"paginationParams":{}}
{"level":30,"time":1781033969373,"pid":26204,"hostname":"preethika","requestId":"59c5b2e4-0a8a-449e-8b3b-55a909253992","method":"POST","url":"/api/match?random=0.03829405792206653","statusCode":500,"executionTimeMs":69247.16,"cacheStatus":"miss","filterParams":{},"paginationParams":{}}
{"level":30,"time":1781033969382,"pid":26204,"hostname":"preethika","requestId":"5c224927-29a7-49ff-9979-4caefa2ed426","method":"POST","url":"/api/match?random=0.40908874622271174","statusCode":500,"executionTimeMs":69257.11,"cacheStatus":"miss","filterParams":{},"paginationParams":{}}
{"level":30,"time":1781033969391,"pid":26204,"hostname":"preethika","requestId":"e81f020b-16ee-4ddd-9156-63cdf8f05fb8","method":"POST","url":"/api/match?random=0.7094744005628129","statusCode":500,"executionTimeMs":69290.06,"cacheStatus":"miss","filterParams":{},"paginationParams":{}}
{"level":30,"time":1781033969407,"pid":26204,"hostname":"preethika","requestId":"aa5e56bd-a731-4fc7-a026-20e7661182f8","method":"POST","url":"/api/match?random=0.4234339772480995","statusCode":500,"executionTimeMs":69384.17,"cacheStatus":"miss","filterParams":{},"paginationParams":{}}
{"level":30,"time":1781033969417,"pid":26204,"hostname":"preethika","requestId":"a976e3a9-68f7-48b5-affa-83a8f6d4e386","method":"POST","url":"/api/match?random=0.4493010162235509","statusCode":500,"executionTimeMs":69516.23,"cacheStatus":"miss","filterParams":{},"paginationParams":{}}
{"level":30,"time":1781033969425,"pid":26204,"hostname":"preethika","requestId":"96e79b47-497a-4428-abdb-94151bf0834f","method":"POST","url":"/api/match?random=0.9845765832996898","statusCode":500,"executionTimeMs":69350.23,"cacheStatus":"miss","filterParams":{},"paginationParams":{}}
{"level":30,"time":1781033969435,"pid":26204,"hostname":"preethika","requestId":"0f785e3a-375f-4cac-803a-90032507b1b9","method":"POST","url":"/api/match?random=0.04173254201617249","statusCode":500,"executionTimeMs":69332.32,"cacheStatus":"miss","filterParams":{},"paginationParams":{}}
{"level":30,"time":1781033969454,"pid":26204,"hostname":"preethika","requestId":"76247c1d-7869-4af7-9fa4-d4dd09e49a1e","method":"POST","url":"/api/match?random=0.5954232920291815","statusCode":500,"executionTimeMs":69449.53,"cacheStatus":"miss","filterParams":{},"paginationParams":{}}
{"level":30,"time":1781033969460,"pid":26204,"hostname":"preethika","requestId":"df360bd3-9d09-46ad-b36d-a00def22758e","method":"POST","url":"/api/match?random=0.1041677390604776","statusCode":500,"executionTimeMs":69370.4,"cacheStatus":"miss","filterParams":{},"paginationParams":{}}
{"level":30,"time":1781033969469,"pid":26204,"hostname":"preethika","requestId":"cb4cbc21-a5ee-4496-99fc-56014d09ff90","method":"POST","url":"/api/match?random=0.015269607187853751","statusCode":500,"executionTimeMs":69406.82,"cacheStatus":"miss","filterParams":{},"paginationParams":{}}
{"level":30,"time":1781033969483,"pid":26204,"hostname":"preethika","requestId":"bba89433-e234-4259-8cb5-252375726af8","method":"POST","url":"/api/match?random=0.32134841978325945","statusCode":500,"executionTimeMs":69398.98,"cacheStatus":"miss","filterParams":{},"paginationParams":{}}
{"level":30,"time":1781033969538,"pid":26204,"hostname":"preethika","requestId":"c8973813-a10f-4963-81c9-4b299e138bd9","method":"POST","url":"/api/match?random=0.1321551918659012","statusCode":500,"executionTimeMs":69444.21,"cacheStatus":"miss","filterParams":{},"paginationParams":{}}
{"level":30,"time":1781033969548,"pid":26204,"hostname":"preethika","requestId":"3d9c891f-0ba8-4e75-8801-8cf8fa0c6db8","method":"POST","url":"/api/match?random=0.3838510656047869","statusCode":500,"executionTimeMs":69523.15,"cacheStatus":"miss","filterParams":{},"paginationParams":{}}
{"level":30,"time":1781033969570,"pid":26204,"hostname":"preethika","requestId":"9865d76f-e6b6-4834-b41b-472bf45c2816","method":"POST","url":"/api/match?random=0.98608915628483","statusCode":500,"executionTimeMs":69436.09,"cacheStatus":"miss","filterParams":{},"paginationParams":{}}
{"level":30,"time":1781033969576,"pid":26204,"hostname":"preethika","requestId":"049cefce-aeb4-42a9-9334-60b69d90ce5a","method":"POST","url":"/api/match?random=0.9725839989182441","statusCode":500,"executionTimeMs":69618.17,"cacheStatus":"miss","filterParams":{},"paginationParams":{}}
{"level":30,"time":1781033969616,"pid":26204,"hostname":"preethika","requestId":"3a5b00e6-1fe9-4e59-adfa-e7d18b3a5578","method":"POST","url":"/api/match?random=0.6258508227268234","statusCode":500,"executionTimeMs":69524.14,"cacheStatus":"miss","filterParams":{},"paginationParams":{}}
{"level":30,"time":1781033969654,"pid":26204,"hostname":"preethika","requestId":"f5c3881b-02aa-44c7-b42f-aa705dccd6f7","method":"POST","url":"/api/match?random=0.8048913006942526","statusCode":500,"executionTimeMs":69601.73,"cacheStatus":"miss","filterParams":{},"paginationParams":{}}
{"level":30,"time":1781033969681,"pid":26204,"hostname":"preethika","requestId":"44f7ffea-3820-42ca-82e9-4356fc236d2c","method":"POST","url":"/api/match?random=0.5880507886943829","statusCode":500,"executionTimeMs":69602.6,"cacheStatus":"miss","filterParams":{},"paginationParams":{}}
{"level":30,"time":1781033969704,"pid":26204,"hostname":"preethika","requestId":"f84be326-e528-486f-a6e8-5b7e205a92d8","method":"POST","url":"/api/match?random=0.30755410404806693","statusCode":500,"executionTimeMs":69611.67,"cacheStatus":"miss","filterParams":{},"paginationParams":{}}
{"level":30,"time":1781033969710,"pid":26204,"hostname":"preethika","requestId":"73e6bdaf-018f-4d86-b15f-5acefb3864d7","method":"POST","url":"/api/match?random=0.8466370029042272","statusCode":500,"executionTimeMs":69629.43,"cacheStatus":"miss","filterParams":{},"paginationParams":{}}
{"level":30,"time":1781033969724,"pid":26204,"hostname":"preethika","requestId":"1b0f4847-e4bc-4a99-a210-045a72ca0f38","method":"POST","url":"/api/match?random=0.9909455810636527","statusCode":500,"executionTimeMs":69622.4,"cacheStatus":"miss","filterParams":{},"paginationParams":{}}
{"level":30,"time":1781033969753,"pid":26204,"hostname":"preethika","requestId":"3a2b50c3-1d9c-42d2-825d-7e2ff86006f5","method":"POST","url":"/api/match?random=0.40594900495843067","statusCode":500,"executionTimeMs":69736.58,"cacheStatus":"miss","filterParams":{},"paginationParams":{}}
{"level":30,"time":1781033969762,"pid":26204,"hostname":"preethika","requestId":"8f180581-dafb-4407-8c9e-3b7036dfa7e4","method":"POST","url":"/api/match?random=0.615152483982395","statusCode":500,"executionTimeMs":69768.59,"cacheStatus":"miss","filterParams":{},"paginationParams":{}}
{"level":30,"time":1781033969791,"pid":26204,"hostname":"preethika","requestId":"59e8bd45-e4a8-431d-86cd-2f1eed7d7004","method":"POST","url":"/api/match?random=0.1930178881831488","statusCode":500,"executionTimeMs":69694.22,"cacheStatus":"miss","filterParams":{},"paginationParams":{}}
{"level":30,"time":1781033969824,"pid":26204,"hostname":"preethika","requestId":"260a0544-11e5-4ffd-8add-cdc70e51f0f5","method":"POST","url":"/api/match?random=0.5919697676421602","statusCode":500,"executionTimeMs":69847.28,"cacheStatus":"miss","filterParams":{},"paginationParams":{}}
{"level":30,"time":1781033969831,"pid":26204,"hostname":"preethika","requestId":"3fd5d3a4-e6af-4f82-a75e-fd886d9b8c91","method":"POST","url":"/api/match?random=0.8108789260552673","statusCode":500,"executionTimeMs":69697.7,"cacheStatus":"miss","filterParams":{},"paginationParams":{}}
{"level":30,"time":1781033969853,"pid":26204,"hostname":"preethika","requestId":"1566c9aa-1a60-440a-8b11-31760732b1f7","method":"POST","url":"/api/match?random=0.42564667212696894","statusCode":500,"executionTimeMs":69720.19,"cacheStatus":"miss","filterParams":{},"paginationParams":{}}
{"level":30,"time":1781033969912,"pid":26204,"hostname":"preethika","requestId":"4a010e77-6e73-4c16-8cf5-2ff5b7fbf86e","method":"POST","url":"/api/match?random=0.14496045176636385","statusCode":500,"executionTimeMs":69868.18,"cacheStatus":"miss","filterParams":{},"paginationParams":{}}
{"level":30,"time":1781033969928,"pid":26204,"hostname":"preethika","requestId":"a8fa2de2-fabf-4d28-8545-26bffca0351a","method":"POST","url":"/api/match?random=0.1279471271574717","statusCode":500,"executionTimeMs":69830.42,"cacheStatus":"miss","filterParams":{},"paginationParams":{}}
{"level":30,"time":1781033969956,"pid":26204,"hostname":"preethika","requestId":"8c168349-5df6-4a5e-8db0-fd5d6462827e","method":"POST","url":"/api/match?random=0.17918039988238843","statusCode":500,"executionTimeMs":69825.84,"cacheStatus":"miss","filterParams":{},"paginationParams":{}}
{"level":30,"time":1781033969974,"pid":26204,"hostname":"preethika","requestId":"1bf7aa6b-8244-4ad4-947f-b61d01d347dc","method":"POST","url":"/api/match?random=0.4922819806693566","statusCode":500,"executionTimeMs":69868.09,"cacheStatus":"miss","filterParams":{},"paginationParams":{}}
{"level":30,"time":1781033969981,"pid":26204,"hostname":"preethika","requestId":"5318cad3-76d6-4ca6-ab29-71c1d3c0b792","method":"POST","url":"/api/match?random=0.8038641577114645","statusCode":500,"executionTimeMs":69859.9,"cacheStatus":"miss","filterParams":{},"paginationParams":{}}
{"level":30,"time":1781033969989,"pid":26204,"hostname":"preethika","requestId":"2701eec8-1306-40ab-b207-1d60e0ac568b","method":"POST","url":"/api/match?random=0.9386856215824666","statusCode":500,"executionTimeMs":69881.82,"cacheStatus":"miss","filterParams":{},"paginationParams":{}}
{"level":30,"time":1781033969998,"pid":26204,"hostname":"preethika","requestId":"d564b126-3744-4b62-8733-8595836f56cd","method":"POST","url":"/api/match?random=0.36400687507040286","statusCode":500,"executionTimeMs":69874.84,"cacheStatus":"miss","filterParams":{},"paginationParams":{}}
{"level":30,"time":1781033970008,"pid":26204,"hostname":"preethika","requestId":"db69fa50-7553-4b88-b574-890db1b7a238","method":"POST","url":"/api/match?random=0.7008525894739657","statusCode":500,"executionTimeMs":69879.8,"cacheStatus":"miss","filterParams":{},"paginationParams":{}}
{"level":30,"time":1781033970020,"pid":26204,"hostname":"preethika","requestId":"f17b625c-5f76-43ca-b6f7-b21b94ce0ce5","method":"POST","url":"/api/match?random=0.07889472009399556","statusCode":500,"executionTimeMs":69915.56,"cacheStatus":"miss","filterParams":{},"paginationParams":{}}
{"level":30,"time":1781033970031,"pid":26204,"hostname":"preethika","requestId":"0e70e99b-4e46-4f0a-859a-c9170eadae0b","method":"POST","url":"/api/match?random=0.0449419188551452","statusCode":500,"executionTimeMs":69962.57,"cacheStatus":"miss","filterParams":{},"paginationParams":{}}
{"level":30,"time":1781033970041,"pid":26204,"hostname":"preethika","requestId":"9c549205-e1d9-473e-9741-50becca15aca","method":"POST","url":"/api/match?random=0.6596978343387263","statusCode":500,"executionTimeMs":69973.86,"cacheStatus":"miss","filterParams":{},"paginationParams":{}}
{"level":30,"time":1781033970051,"pid":26204,"hostname":"preethika","requestId":"0b6280ea-a226-422d-aa50-4af69c21f3e3","method":"POST","url":"/api/match?random=0.5268012188093205","statusCode":500,"executionTimeMs":70040.92,"cacheStatus":"miss","filterParams":{},"paginationParams":{}}
{"level":30,"time":1781033970056,"pid":26204,"hostname":"preethika","requestId":"7cc3bbcc-7dcf-4d0c-b247-55dd5038b4d9","method":"POST","url":"/api/match?random=0.25547454450135265","statusCode":500,"executionTimeMs":69980.01,"cacheStatus":"miss","filterParams":{},"paginationParams":{}}
{"level":30,"time":1781033970098,"pid":26204,"hostname":"preethika","requestId":"880c6db0-386b-458d-9503-4ba08fdacabf","method":"POST","url":"/api/match?random=0.29174395102326334","statusCode":500,"executionTimeMs":69993.36,"cacheStatus":"miss","filterParams":{},"paginationParams":{}}
{"level":30,"time":1781033970155,"pid":26204,"hostname":"preethika","requestId":"c54e7289-ee42-4b56-a024-1cf33010d060","method":"POST","url":"/api/match?random=0.6227099627030204","statusCode":500,"executionTimeMs":70080.14,"cacheStatus":"miss","filterParams":{},"paginationParams":{}}
{"level":30,"time":1781033970165,"pid":26204,"hostname":"preethika","requestId":"170718bd-99db-43a3-a28e-002338733316","method":"POST","url":"/api/match?random=0.6614028078779128","statusCode":500,"executionTimeMs":70044.88,"cacheStatus":"miss","filterParams":{},"paginationParams":{}}
{"level":30,"time":1781033970172,"pid":26204,"hostname":"preethika","requestId":"2bd24e17-c75f-489e-90b9-744ef9711501","method":"POST","url":"/api/match?random=0.9743922248418972","statusCode":500,"executionTimeMs":70119.32,"cacheStatus":"miss","filterParams":{},"paginationParams":{}}
{"level":30,"time":1781033970181,"pid":26204,"hostname":"preethika","requestId":"2d05a75b-c930-4e1f-a16a-517e5d292994","method":"POST","url":"/api/match?random=0.412148867153443","statusCode":500,"executionTimeMs":70059.28,"cacheStatus":"miss","filterParams":{},"paginationParams":{}}
{"level":30,"time":1781033970188,"pid":26204,"hostname":"preethika","requestId":"b0dd4e19-95ea-499d-94ea-2c8e2b2d9680","method":"POST","url":"/api/match?random=0.8724993318931573","statusCode":500,"executionTimeMs":70085.91,"cacheStatus":"miss","filterParams":{},"paginationParams":{}}
{"level":30,"time":1781033970219,"pid":26204,"hostname":"preethika","requestId":"3063065a-04e1-4c3d-91de-0f8b654ea5e4","method":"POST","url":"/api/match?random=0.7942283593842081","statusCode":500,"executionTimeMs":70099.04,"cacheStatus":"miss","filterParams":{},"paginationParams":{}}
{"level":30,"time":1781033970227,"pid":26204,"hostname":"preethika","requestId":"88d25572-c96a-4003-8641-6e4353a1d8e7","method":"POST","url":"/api/match?random=0.0009646346226848124","statusCode":500,"executionTimeMs":70097.48,"cacheStatus":"miss","filterParams":{},"paginationParams":{}}
{"level":30,"time":1781033970255,"pid":26204,"hostname":"preethika","requestId":"e04a8ad1-00f0-49c3-b275-5ee89e1390ff","method":"POST","url":"/api/match?random=0.32211749182267857","statusCode":500,"executionTimeMs":70236.96,"cacheStatus":"miss","filterParams":{},"paginationParams":{}}
{"level":30,"time":1781033970275,"pid":26204,"hostname":"preethika","requestId":"3aa0d2fe-2a5d-4ad6-b3bd-c50bf58b8a73","method":"POST","url":"/api/match?random=0.5147743515735559","statusCode":500,"executionTimeMs":70151.69,"cacheStatus":"miss","filterParams":{},"paginationParams":{}}
{"level":30,"time":1781033970305,"pid":26204,"hostname":"preethika","requestId":"853332ba-3eba-4083-aa9e-29f9801b6b6d","method":"POST","url":"/api/match?random=0.6705861003880869","statusCode":500,"executionTimeMs":70177.48,"cacheStatus":"miss","filterParams":{},"paginationParams":{}}
{"level":30,"time":1781033970332,"pid":26204,"hostname":"preethika","requestId":"e67c9569-75c7-4b79-8f7b-ffe53eacc5f0","method":"POST","url":"/api/match?random=0.11218001327656868","statusCode":500,"executionTimeMs":70312.88,"cacheStatus":"miss","filterParams":{},"paginationParams":{}}
{"level":30,"time":1781033970345,"pid":26204,"hostname":"preethika","requestId":"88f82b69-8502-4b54-87c7-3cc8f5955837","method":"POST","url":"/api/match","statusCode":500,"executionTimeMs":36319.73,"cacheStatus":"miss","filterParams":{},"paginationParams":{}}
{"level":30,"time":1781033970375,"pid":26204,"hostname":"preethika","requestId":"9fc7733e-304f-4fa6-934d-9f6d131c811e","method":"POST","url":"/api/match?random=0.5113487534402386","statusCode":500,"executionTimeMs":70320.24,"cacheStatus":"miss","filterParams":{},"paginationParams":{}}
{"level":30,"time":1781033970400,"pid":26204,"hostname":"preethika","requestId":"38bca464-415a-4e21-b82f-095ae19953c1","method":"POST","url":"/api/match?random=0.7040073484575651","statusCode":500,"executionTimeMs":70267.09,"cacheStatus":"miss","filterParams":{},"paginationParams":{}}
{"level":30,"time":1781033970428,"pid":26204,"hostname":"preethika","requestId":"643816aa-39e3-441c-a164-0249d2398c1a","method":"POST","url":"/api/match?random=0.6586352249265206","statusCode":500,"executionTimeMs":70367.81,"cacheStatus":"miss","filterParams":{},"paginationParams":{}}
{"level":30,"time":1781033970456,"pid":26204,"hostname":"preethika","requestId":"032b245f-b252-45fb-9e94-c60753862679","method":"POST","url":"/api/match?random=0.9563149770340513","statusCode":500,"executionTimeMs":70352.5,"cacheStatus":"miss","filterParams":{},"paginationParams":{}}
{"level":30,"time":1781033970468,"pid":26204,"hostname":"preethika","requestId":"b8e805a2-d887-4c8d-a4b9-4bcd2bd36f17","method":"POST","url":"/api/match?random=0.7931502465481788","statusCode":500,"executionTimeMs":70542.6,"cacheStatus":"miss","filterParams":{},"paginationParams":{}}
{"level":30,"time":1781033970475,"pid":26204,"hostname":"preethika","requestId":"3950c045-8d33-4c36-97fe-703611859a39","method":"POST","url":"/api/match?random=0.8446471857926188","statusCode":500,"executionTimeMs":70371.71,"cacheStatus":"miss","filterParams":{},"paginationParams":{}}
{"level":30,"time":1781033970597,"pid":26204,"hostname":"preethika","requestId":"b729b07f-1653-43ec-8499-da4d692a2f14","method":"POST","url":"/api/match","statusCode":500,"executionTimeMs":13533.09,"cacheStatus":"miss","filterParams":{},"paginationParams":{}}
{"level":30,"time":1781033970611,"pid":26204,"hostname":"preethika","requestId":"d81fd38e-38e2-419d-99d0-70310d60ca8a","method":"POST","url":"/api/match?random=0.20562336905385958","statusCode":500,"executionTimeMs":70541.02,"cacheStatus":"miss","filterParams":{},"paginationParams":{}}
{"level":30,"time":1781033972168,"pid":26204,"hostname":"preethika","requestId":"61f50878-4e8f-46b6-8573-e290675aa1e6","method":"POST","url":"/api/match?random=0.4356873852234948","statusCode":500,"executionTimeMs":72291.46,"cacheStatus":"miss","filterParams":{},"paginationParams":{}}
{"level":30,"time":1781033973746,"pid":26204,"hostname":"preethika","requestId":"8e465619-3e45-4531-afed-81e5b557e330","method":"POST","url":"/api/match?random=0.03610423088386128","statusCode":500,"executionTimeMs":73622.17,"cacheStatus":"miss","filterParams":{},"paginationParams":{}}
{"level":30,"time":1781033973983,"pid":26204,"hostname":"preethika","requestId":"d95dacf4-f132-4e62-885c-45525d409c4b","method":"POST","url":"/api/match?random=0.2638526386457529","statusCode":500,"executionTimeMs":74022.84,"cacheStatus":"miss","filterParams":{},"paginationParams":{}}
{"level":30,"time":1781033977973,"pid":26204,"hostname":"preethika","requestId":"3759242a-f804-4e23-b684-6aae2b854180","method":"POST","url":"/api/match?random=0.13434714595706776","statusCode":500,"executionTimeMs":77988.14,"cacheStatus":"miss","filterParams":{},"paginationParams":{}}
{"level":30,"time":1781034009439,"pid":22816,"hostname":"preethika","requestId":"f9a03a26-97c5-4342-9f25-b2e91050945e","method":"POST","url":"/api/match?random=0.19697172661556417","statusCode":500,"executionTimeMs":8231.23,"cacheStatus":"miss","filterParams":{},"paginationParams":{}}
{"level":30,"time":1781034009599,"pid":22816,"hostname":"preethika","requestId":"a8e41460-4290-49c5-b8bd-779c342f74ad","method":"POST","url":"/api/match?random=0.007982542306310014","statusCode":500,"executionTimeMs":8376.92,"cacheStatus":"miss","filterParams":{},"paginationParams":{}}
{"level":30,"time":1781034010180,"pid":22816,"hostname":"preethika","requestId":"8069ee58-d136-4f8e-ad1f-d5fa11d99309","method":"POST","url":"/api/match?random=0.5328461821786425","statusCode":500,"executionTimeMs":8941.63,"cacheStatus":"miss","filterParams":{},"paginationParams":{}}
{"level":30,"time":1781034010241,"pid":22816,"hostname":"preethika","requestId":"25dd5b0f-78b4-4f3d-be30-959ba5d2e8ec","method":"POST","url":"/api/match?random=0.19115311043607996","statusCode":500,"executionTimeMs":9030.61,"cacheStatus":"miss","filterParams":{},"paginationParams":{}}
{"level":30,"time":1781034010273,"pid":22816,"hostname":"preethika","requestId":"58e73aeb-f864-4358-9836-ce131f9d9164","method":"POST","url":"/api/match?random=0.6735988257065633","statusCode":500,"executionTimeMs":9048.2,"cacheStatus":"miss","filterParams":{},"paginationParams":{}}
{"level":30,"time":1781034010285,"pid":22816,"hostname":"preethika","requestId":"89de4bfa-e4e2-4968-8d9d-1edab9c9ce16","method":"POST","url":"/api/match?random=0.5133790957927098","statusCode":500,"executionTimeMs":9043.93,"cacheStatus":"miss","filterParams":{},"paginationParams":{}}
{"level":30,"time":1781034010468,"pid":22816,"hostname":"preethika","requestId":"f43711af-8dc3-426c-8bfc-cc2d8642d68b","method":"POST","url":"/api/match?random=0.3413192396913909","statusCode":500,"executionTimeMs":9239.4,"cacheStatus":"miss","filterParams":{},"paginationParams":{}}
{"level":30,"time":1781034010551,"pid":22816,"hostname":"preethika","requestId":"e9d7e2ee-2f28-4051-9f27-9d7d612de891","method":"POST","url":"/api/match?random=0.44369948157887196","statusCode":500,"executionTimeMs":9313.36,"cacheStatus":"miss","filterParams":{},"paginationParams":{}}
{"level":30,"time":1781034010699,"pid":22816,"hostname":"preethika","requestId":"0ff97577-a52e-475e-a4d6-1d4d61be2837","method":"POST","url":"/api/match?random=0.2638858186347852","statusCode":500,"executionTimeMs":9455.05,"cacheStatus":"miss","filterParams":{},"paginationParams":{}}
{"level":30,"time":1781034010779,"pid":22816,"hostname":"preethika","requestId":"b4f5ed0f-ba95-41cd-bf83-b3bcc0069266","method":"POST","url":"/api/match?random=0.6190111159154239","statusCode":500,"executionTimeMs":9543.51,"cacheStatus":"miss","filterParams":{},"paginationParams":{}}
{"level":30,"time":1781034010874,"pid":22816,"hostname":"preethika","requestId":"caac07d2-9a61-482c-8057-aef977f91cb2","method":"POST","url":"/api/match?random=0.9120886808174222","statusCode":500,"executionTimeMs":9622.83,"cacheStatus":"miss","filterParams":{},"paginationParams":{}}
{"level":30,"time":1781034011372,"pid":22816,"hostname":"preethika","requestId":"58b6bc9a-7460-4d88-881a-be5642a46541","method":"POST","url":"/api/match?random=0.45484451436856377","statusCode":500,"executionTimeMs":10132.05,"cacheStatus":"miss","filterParams":{},"paginationParams":{}}
{"level":30,"time":1781034011413,"pid":22816,"hostname":"preethika","requestId":"9e878307-082f-42f4-bba3-7fe44f374e1e","method":"POST","url":"/api/match?random=0.26005202978614994","statusCode":500,"executionTimeMs":10147.62,"cacheStatus":"miss","filterParams":{},"paginationParams":{}}
{"level":30,"time":1781034011433,"pid":22816,"hostname":"preethika","requestId":"f30e162c-fe77-43a4-a9fd-da31c00ad676","method":"POST","url":"/api/match?random=0.44577340293929457","statusCode":500,"executionTimeMs":10219.6,"cacheStatus":"miss","filterParams":{},"paginationParams":{}}
{"level":30,"time":1781034011486,"pid":22816,"hostname":"preethika","requestId":"ed55bde1-759d-4321-8412-6173ffb9af09","method":"POST","url":"/api/match?random=0.4510928521260744","statusCode":500,"executionTimeMs":10254.48,"cacheStatus":"miss","filterParams":{},"paginationParams":{}}
{"level":30,"time":1781034011700,"pid":22816,"hostname":"preethika","requestId":"71257202-0ab3-448e-bbd2-7113e69267b3","method":"POST","url":"/api/match?random=0.6817876866286441","statusCode":500,"executionTimeMs":10432,"cacheStatus":"miss","filterParams":{},"paginationParams":{}}
{"level":30,"time":1781034011720,"pid":22816,"hostname":"preethika","requestId":"26b64bf4-851f-4d70-bde2-24387564215e","method":"POST","url":"/api/match?random=0.08887462567903115","statusCode":500,"executionTimeMs":10473.58,"cacheStatus":"miss","filterParams":{},"paginationParams":{}}
{"level":30,"time":1781034011821,"pid":22816,"hostname":"preethika","requestId":"99d47f84-569f-4ff8-adee-41374fe17abd","method":"POST","url":"/api/match?random=0.01318567568229545","statusCode":500,"executionTimeMs":10559.03,"cacheStatus":"miss","filterParams":{},"paginationParams":{}}
{"level":30,"time":1781034011873,"pid":22816,"hostname":"preethika","requestId":"c0848ffc-741e-4fa5-a098-3f652609b969","method":"POST","url":"/api/match?random=0.8153139950004662","statusCode":500,"executionTimeMs":10628.57,"cacheStatus":"miss","filterParams":{},"paginationParams":{}}
{"level":30,"time":1781034012135,"pid":22816,"hostname":"preethika","requestId":"74e02ed6-b59a-4ff7-82cf-77eb57170695","method":"POST","url":"/api/match?random=0.4121172045827748","statusCode":500,"executionTimeMs":10884.57,"cacheStatus":"miss","filterParams":{},"paginationParams":{}}
{"level":30,"time":1781034012149,"pid":22816,"hostname":"preethika","requestId":"50e38623-13c4-4ebf-a6bb-64b40517a528","method":"POST","url":"/api/match?random=0.9609930553566026","statusCode":500,"executionTimeMs":10873.64,"cacheStatus":"miss","filterParams":{},"paginationParams":{}}
{"level":30,"time":1781034012227,"pid":22816,"hostname":"preethika","requestId":"9f445e44-42ff-4909-875a-108ed4673d30","method":"POST","url":"/api/match?random=0.25311570117328785","statusCode":500,"executionTimeMs":10985.3,"cacheStatus":"miss","filterParams":{},"paginationParams":{}}
{"level":30,"time":1781034012324,"pid":22816,"hostname":"preethika","requestId":"f19e8b8f-a124-4000-a40b-548b5da6b6ee","method":"POST","url":"/api/match?random=0.14495992518762768","statusCode":500,"executionTimeMs":11056.78,"cacheStatus":"miss","filterParams":{},"paginationParams":{}}
{"level":30,"time":1781034012356,"pid":22816,"hostname":"preethika","requestId":"c273dd68-4f30-45cd-91d8-aa97af91b183","method":"POST","url":"/api/match?random=0.27738614354327273","statusCode":500,"executionTimeMs":11106.89,"cacheStatus":"miss","filterParams":{},"paginationParams":{}}
{"level":30,"time":1781034012434,"pid":22816,"hostname":"preethika","requestId":"b0eac407-add8-433e-85a3-e1672af29505","method":"POST","url":"/api/match?random=0.02057736354042783","statusCode":500,"executionTimeMs":11200.01,"cacheStatus":"miss","filterParams":{},"paginationParams":{}}
{"level":30,"time":1781034012452,"pid":22816,"hostname":"preethika","requestId":"15254982-c082-40f3-acd1-997122cceee5","method":"POST","url":"/api/match?random=0.8919719835233033","statusCode":500,"executionTimeMs":11175.38,"cacheStatus":"miss","filterParams":{},"paginationParams":{}}
{"level":30,"time":1781034012466,"pid":22816,"hostname":"preethika","requestId":"dd32f1e4-2775-4a6f-aad1-ae265ebeac74","method":"POST","url":"/api/match?random=0.2790159097431566","statusCode":500,"executionTimeMs":11242.94,"cacheStatus":"miss","filterParams":{},"paginationParams":{}}
{"level":30,"time":1781034012474,"pid":22816,"hostname":"preethika","requestId":"21c35b90-c7bd-4ae5-b710-ef712867aa52","method":"POST","url":"/api/match?random=0.25761785671770365","statusCode":500,"executionTimeMs":11181.78,"cacheStatus":"miss","filterParams":{},"paginationParams":{}}
{"level":30,"time":1781034012497,"pid":22816,"hostname":"preethika","requestId":"a8cd0afd-d02d-4912-bef0-20382965811a","method":"POST","url":"/api/match?random=0.5387308949568199","statusCode":500,"executionTimeMs":11240.75,"cacheStatus":"miss","filterParams":{},"paginationParams":{}}
{"level":30,"time":1781034012505,"pid":22816,"hostname":"preethika","requestId":"68606140-569d-46d4-8453-2f8cff83b753","method":"POST","url":"/api/match?random=0.685591688313872","statusCode":500,"executionTimeMs":11261.89,"cacheStatus":"miss","filterParams":{},"paginationParams":{}}
{"level":30,"time":1781034012613,"pid":22816,"hostname":"preethika","requestId":"2e0a8cbb-6c4f-4570-80f1-b68c2760eb82","method":"POST","url":"/api/match?random=0.7782971496050832","statusCode":500,"executionTimeMs":11397.35,"cacheStatus":"miss","filterParams":{},"paginationParams":{}}
{"level":30,"time":1781034012702,"pid":22816,"hostname":"preethika","requestId":"5c4e6144-7d78-48f4-a4db-4f516623e138","method":"POST","url":"/api/match?random=0.19810518254468246","statusCode":500,"executionTimeMs":11441.44,"cacheStatus":"miss","filterParams":{},"paginationParams":{}}
{"level":30,"time":1781034012779,"pid":22816,"hostname":"preethika","requestId":"8de0ea64-7b1a-46f8-ac68-1cc0f9715b28","method":"POST","url":"/api/match?random=0.024813297751363095","statusCode":500,"executionTimeMs":11481,"cacheStatus":"miss","filterParams":{},"paginationParams":{}}
{"level":30,"time":1781034012788,"pid":22816,"hostname":"preethika","requestId":"ddec5de2-7459-43ce-a32d-70614a3a0789","method":"POST","url":"/api/match?random=0.22441085636493474","statusCode":500,"executionTimeMs":11529.36,"cacheStatus":"miss","filterParams":{},"paginationParams":{}}
{"level":30,"time":1781034012904,"pid":22816,"hostname":"preethika","requestId":"29240241-1064-4912-8bde-8062b60f8c10","method":"POST","url":"/api/match?random=0.4221514741445722","statusCode":500,"executionTimeMs":11599.9,"cacheStatus":"miss","filterParams":{},"paginationParams":{}}
{"level":30,"time":1781034013040,"pid":22816,"hostname":"preethika","requestId":"a2f71fb8-c4eb-40d0-966e-0bd3d391eba2","method":"POST","url":"/api/match?random=0.43175836234016374","statusCode":500,"executionTimeMs":11757.76,"cacheStatus":"miss","filterParams":{},"paginationParams":{}}
{"level":30,"time":1781034013077,"pid":22816,"hostname":"preethika","requestId":"41591397-9fc7-4e75-b209-50789ce7e79e","method":"POST","url":"/api/match?random=0.15771041170057654","statusCode":500,"executionTimeMs":11878.15,"cacheStatus":"miss","filterParams":{},"paginationParams":{}}
{"level":30,"time":1781034013096,"pid":22816,"hostname":"preethika","requestId":"c0c89dc7-d1da-4ea0-9707-1ca99d4ccef7","method":"POST","url":"/api/match?random=0.24067015554616966","statusCode":500,"executionTimeMs":11825.53,"cacheStatus":"miss","filterParams":{},"paginationParams":{}}
{"level":30,"time":1781034013124,"pid":22816,"hostname":"preethika","requestId":"84276b3e-51f2-4ecc-ba55-e0b042f31bf3","method":"POST","url":"/api/match?random=0.8823740047589292","statusCode":500,"executionTimeMs":11836.16,"cacheStatus":"miss","filterParams":{},"paginationParams":{}}
{"level":30,"time":1781034013178,"pid":22816,"hostname":"preethika","requestId":"ef5fe377-2dde-424e-828c-ef93e224128b","method":"POST","url":"/api/match?random=0.6395533533361348","statusCode":500,"executionTimeMs":11882.58,"cacheStatus":"miss","filterParams":{},"paginationParams":{}}
{"level":30,"time":1781034013284,"pid":22816,"hostname":"preethika","requestId":"c309f2a5-fc14-4a9d-af72-453411af586f","method":"POST","url":"/api/match?random=0.435312771212905","statusCode":500,"executionTimeMs":11980.67,"cacheStatus":"miss","filterParams":{},"paginationParams":{}}
{"level":30,"time":1781034013291,"pid":22816,"hostname":"preethika","requestId":"99681b0d-9da9-448e-88df-ab2ded4c2d19","method":"POST","url":"/api/match?random=0.2430905811462749","statusCode":500,"executionTimeMs":12017.92,"cacheStatus":"miss","filterParams":{},"paginationParams":{}}
{"level":30,"time":1781034013305,"pid":22816,"hostname":"preethika","requestId":"4fee0680-2a7c-43b2-ae71-5b935039a0ff","method":"POST","url":"/api/match?random=0.22406439388547983","statusCode":500,"executionTimeMs":12013.49,"cacheStatus":"miss","filterParams":{},"paginationParams":{}}
{"level":30,"time":1781034013332,"pid":22816,"hostname":"preethika","requestId":"a23e9e2d-9349-4099-b740-4a6d150e5b6f","method":"POST","url":"/api/match?random=0.2171564986549548","statusCode":500,"executionTimeMs":12024.17,"cacheStatus":"miss","filterParams":{},"paginationParams":{}}
{"level":30,"time":1781034013428,"pid":22816,"hostname":"preethika","requestId":"6a523bfe-5da2-4e81-afee-f9b62bb91804","method":"POST","url":"/api/match?random=0.7659794927110433","statusCode":500,"executionTimeMs":12180.86,"cacheStatus":"miss","filterParams":{},"paginationParams":{}}
{"level":30,"time":1781034013536,"pid":22816,"hostname":"preethika","requestId":"4294454f-9031-4f0a-becb-458a7025c31c","method":"POST","url":"/api/match?random=0.7729622539403385","statusCode":500,"executionTimeMs":12216.56,"cacheStatus":"miss","filterParams":{},"paginationParams":{}}
{"level":30,"time":1781034013558,"pid":22816,"hostname":"preethika","requestId":"bc6d6ce5-077c-48e2-855b-02d4928119ce","method":"POST","url":"/api/match?random=0.4629996604320834","statusCode":500,"executionTimeMs":12242.01,"cacheStatus":"miss","filterParams":{},"paginationParams":{}}
{"level":30,"time":1781034013745,"pid":22816,"hostname":"preethika","requestId":"13880f97-fd4c-41f0-b0f6-d93c807b19f1","method":"POST","url":"/api/match?random=0.04890289252690705","statusCode":500,"executionTimeMs":12475.59,"cacheStatus":"miss","filterParams":{},"paginationParams":{}}
{"level":30,"time":1781034013796,"pid":22816,"hostname":"preethika","requestId":"c2b3b656-120f-4a0c-9bfb-c9b2f068261c","method":"POST","url":"/api/match?random=0.6332709416672766","statusCode":500,"executionTimeMs":12514.74,"cacheStatus":"miss","filterParams":{},"paginationParams":{}}
{"level":30,"time":1781034013890,"pid":22816,"hostname":"preethika","requestId":"8b00890c-461e-4bdd-ac9c-1c48c7cf5e02","method":"POST","url":"/api/match?random=0.2634606132672699","statusCode":500,"executionTimeMs":12578.94,"cacheStatus":"miss","filterParams":{},"paginationParams":{}}
{"level":30,"time":1781034013897,"pid":22816,"hostname":"preethika","requestId":"fb2417b4-8493-43ee-80db-518aad76ff53","method":"POST","url":"/api/match?random=0.9656365874615729","statusCode":500,"executionTimeMs":12612.23,"cacheStatus":"miss","filterParams":{},"paginationParams":{}}
{"level":30,"time":1781034014021,"pid":22816,"hostname":"preethika","requestId":"ba57b278-8070-47bb-ab08-0aa5cc3e3faa","method":"POST","url":"/api/match?random=0.40672865658675694","statusCode":500,"executionTimeMs":12737.79,"cacheStatus":"miss","filterParams":{},"paginationParams":{}}
{"level":30,"time":1781034014086,"pid":22816,"hostname":"preethika","requestId":"405bc97a-5044-4ebf-8e8e-a1e59b63f55e","method":"POST","url":"/api/match?random=0.23461331772087157","statusCode":500,"executionTimeMs":12785.69,"cacheStatus":"miss","filterParams":{},"paginationParams":{}}
{"level":30,"time":1781034014098,"pid":22816,"hostname":"preethika","requestId":"bf8e72fc-46e6-4665-bf60-a88329f31f4c","method":"POST","url":"/api/match?random=0.21362786592404204","statusCode":500,"executionTimeMs":12810.79,"cacheStatus":"miss","filterParams":{},"paginationParams":{}}
{"level":30,"time":1781034014125,"pid":22816,"hostname":"preethika","requestId":"efe6a80a-89d7-4ca4-ad0e-2f088f1d9c5d","method":"POST","url":"/api/match?random=0.1800622199186468","statusCode":500,"executionTimeMs":12882.86,"cacheStatus":"miss","filterParams":{},"paginationParams":{}}
{"level":30,"time":1781034014145,"pid":22816,"hostname":"preethika","requestId":"8d8c37f0-9da2-432f-8f91-6848a1bf6a86","method":"POST","url":"/api/match?random=0.5078415055893426","statusCode":500,"executionTimeMs":12847.88,"cacheStatus":"miss","filterParams":{},"paginationParams":{}}
{"level":30,"time":1781034014196,"pid":22816,"hostname":"preethika","requestId":"1a6c5c84-b75c-4495-a8d5-145ee49e67c2","method":"POST","url":"/api/match?random=0.4538169132002705","statusCode":500,"executionTimeMs":12917.61,"cacheStatus":"miss","filterParams":{},"paginationParams":{}}
{"level":30,"time":1781034014257,"pid":22816,"hostname":"preethika","requestId":"04a5530e-66c2-42c2-a9b5-1d50b35df409","method":"POST","url":"/api/match?random=0.9224274281866836","statusCode":500,"executionTimeMs":12939.88,"cacheStatus":"miss","filterParams":{},"paginationParams":{}}
{"level":30,"time":1781034014349,"pid":22816,"hostname":"preethika","requestId":"8ff03f38-d5c4-4bc1-bf25-2a21e87a3ea2","method":"POST","url":"/api/match?random=0.19859160719389513","statusCode":500,"executionTimeMs":13100.63,"cacheStatus":"miss","filterParams":{},"paginationParams":{}}
{"level":30,"time":1781034014407,"pid":22816,"hostname":"preethika","requestId":"105507d7-898d-44f8-92cf-251edfa5b05d","method":"POST","url":"/api/match?random=0.06358292605672378","statusCode":500,"executionTimeMs":13146.96,"cacheStatus":"miss","filterParams":{},"paginationParams":{}}
{"level":30,"time":1781034014447,"pid":22816,"hostname":"preethika","requestId":"f9e43b21-1908-4000-a3b1-02c8b76bea11","method":"POST","url":"/api/match?random=0.12191556946503845","statusCode":500,"executionTimeMs":13228.69,"cacheStatus":"miss","filterParams":{},"paginationParams":{}}
{"level":30,"time":1781034014456,"pid":22816,"hostname":"preethika","requestId":"35181a58-6dee-4822-90c3-32413b127ce8","method":"POST","url":"/api/match?random=0.17925819275144583","statusCode":500,"executionTimeMs":13156.1,"cacheStatus":"miss","filterParams":{},"paginationParams":{}}
{"level":30,"time":1781034014467,"pid":22816,"hostname":"preethika","requestId":"603226ca-2614-48f0-8728-f5dc1263347e","method":"POST","url":"/api/match?random=0.8950737820616916","statusCode":500,"executionTimeMs":13200.68,"cacheStatus":"miss","filterParams":{},"paginationParams":{}}
{"level":30,"time":1781034014502,"pid":22816,"hostname":"preethika","requestId":"7d00e7db-7a7e-4e04-a842-596ccd8ec91a","method":"POST","url":"/api/match?random=0.45384449889920897","statusCode":500,"executionTimeMs":13197.19,"cacheStatus":"miss","filterParams":{},"paginationParams":{}}
{"level":30,"time":1781034014601,"pid":22816,"hostname":"preethika","requestId":"1bbefb5a-a2fd-4c22-bba8-e054af10a94f","method":"POST","url":"/api/match?random=0.3253847443354625","statusCode":500,"executionTimeMs":13345.68,"cacheStatus":"miss","filterParams":{},"paginationParams":{}}
{"level":30,"time":1781034014607,"pid":22816,"hostname":"preethika","requestId":"d83a29b2-1f1b-44f9-a605-282ee2f1603a","method":"POST","url":"/api/match?random=0.5784198705581161","statusCode":500,"executionTimeMs":13318.46,"cacheStatus":"miss","filterParams":{},"paginationParams":{}}
{"level":30,"time":1781034014712,"pid":22816,"hostname":"preethika","requestId":"f90ba443-9401-47c1-b1c5-ebc4d387f08f","method":"POST","url":"/api/match?random=0.39029944653433835","statusCode":500,"executionTimeMs":13415.97,"cacheStatus":"miss","filterParams":{},"paginationParams":{}}
{"level":30,"time":1781034014755,"pid":22816,"hostname":"preethika","requestId":"904862c6-6199-41e5-b991-be40f20831ad","method":"POST","url":"/api/match?random=0.7882891123069771","statusCode":500,"executionTimeMs":13468.96,"cacheStatus":"miss","filterParams":{},"paginationParams":{}}
{"level":30,"time":1781034014763,"pid":22816,"hostname":"preethika","requestId":"5b167a64-9567-422b-a49d-f9a26a5b6356","method":"POST","url":"/api/match?random=0.020219875526769515","statusCode":500,"executionTimeMs":13463.7,"cacheStatus":"miss","filterParams":{},"paginationParams":{}}
{"level":30,"time":1781034014790,"pid":22816,"hostname":"preethika","requestId":"0007c829-6fe8-4e90-a7c1-01d95e1346c6","method":"POST","url":"/api/match?random=0.05307636320260212","statusCode":500,"executionTimeMs":13481.48,"cacheStatus":"miss","filterParams":{},"paginationParams":{}}
{"level":30,"time":1781034014822,"pid":22816,"hostname":"preethika","requestId":"fe06102a-da9d-4813-8ae6-111ce6a607bc","method":"POST","url":"/api/match?random=0.07618818119290216","statusCode":500,"executionTimeMs":13507.13,"cacheStatus":"miss","filterParams":{},"paginationParams":{}}
{"level":30,"time":1781034014905,"pid":22816,"hostname":"preethika","requestId":"050e8d5d-615b-4454-9a76-487294bd9790","method":"POST","url":"/api/match?random=0.927028025125473","statusCode":500,"executionTimeMs":13611.27,"cacheStatus":"miss","filterParams":{},"paginationParams":{}}
{"level":30,"time":1781034014927,"pid":22816,"hostname":"preethika","requestId":"b71c9874-9e26-486f-8d96-318093361af9","method":"POST","url":"/api/match?random=0.06798250398552219","statusCode":500,"executionTimeMs":13672.79,"cacheStatus":"miss","filterParams":{},"paginationParams":{}}
{"level":30,"time":1781034014942,"pid":22816,"hostname":"preethika","requestId":"d507c919-4b21-4d4a-87c6-87ea4a0f96b1","method":"POST","url":"/api/match?random=0.6681906963405078","statusCode":500,"executionTimeMs":13623.41,"cacheStatus":"miss","filterParams":{},"paginationParams":{}}
{"level":30,"time":1781034014949,"pid":22816,"hostname":"preethika","requestId":"852d7fc3-b23d-4dd5-8cc4-f08ed308c9c7","method":"POST","url":"/api/match?random=0.747163007073453","statusCode":500,"executionTimeMs":13658.66,"cacheStatus":"miss","filterParams":{},"paginationParams":{}}
{"level":30,"time":1781034014958,"pid":22816,"hostname":"preethika","requestId":"9f413d73-894d-4cfb-8b2b-8933a12d0d1a","method":"POST","url":"/api/match?random=0.06263769968133781","statusCode":500,"executionTimeMs":13654.92,"cacheStatus":"miss","filterParams":{},"paginationParams":{}}
{"level":30,"time":1781034014969,"pid":22816,"hostname":"preethika","requestId":"436ce18a-e3f7-4cc1-b020-496f3c687597","method":"POST","url":"/api/match?random=0.12211154240362321","statusCode":500,"executionTimeMs":13679.4,"cacheStatus":"miss","filterParams":{},"paginationParams":{}}
{"level":30,"time":1781034014987,"pid":22816,"hostname":"preethika","requestId":"6448bbf8-1352-4322-984d-678846af4fe6","method":"POST","url":"/api/match?random=0.09992246864915555","statusCode":500,"executionTimeMs":13703.63,"cacheStatus":"miss","filterParams":{},"paginationParams":{}}
{"level":30,"time":1781034014995,"pid":22816,"hostname":"preethika","requestId":"c45c34b9-2914-4733-b511-99e6639a3f07","method":"POST","url":"/api/match?random=0.14619613677328847","statusCode":500,"executionTimeMs":13710.72,"cacheStatus":"miss","filterParams":{},"paginationParams":{}}
{"level":30,"time":1781034015004,"pid":22816,"hostname":"preethika","requestId":"7918a730-3f79-4003-bc6e-3b7b19755f82","method":"POST","url":"/api/match?random=0.005916847631605826","statusCode":500,"executionTimeMs":13696.32,"cacheStatus":"miss","filterParams":{},"paginationParams":{}}
{"level":30,"time":1781034015021,"pid":22816,"hostname":"preethika","requestId":"a020e66b-d83e-4a8d-885d-ff1dc468f403","method":"POST","url":"/api/match?random=0.39939451632185663","statusCode":500,"executionTimeMs":13700.57,"cacheStatus":"miss","filterParams":{},"paginationParams":{}}
{"level":30,"time":1781034015030,"pid":22816,"hostname":"preethika","requestId":"6faa8f29-2537-4cc8-af7a-521b2fdbb0f4","method":"POST","url":"/api/match?random=0.0905835181254937","statusCode":500,"executionTimeMs":13771.43,"cacheStatus":"miss","filterParams":{},"paginationParams":{}}
{"level":30,"time":1781034015048,"pid":22816,"hostname":"preethika","requestId":"4b19b104-e505-4b55-8bec-b51965718980","method":"POST","url":"/api/match?random=0.028997084591322553","statusCode":500,"executionTimeMs":13774.08,"cacheStatus":"miss","filterParams":{},"paginationParams":{}}
{"level":30,"time":1781034015061,"pid":22816,"hostname":"preethika","requestId":"78859a4c-cb75-4df0-ba1c-ac7f140806d5","method":"POST","url":"/api/match?random=0.00530219247756003","statusCode":500,"executionTimeMs":13821.3,"cacheStatus":"miss","filterParams":{},"paginationParams":{}}
{"level":30,"time":1781034015088,"pid":22816,"hostname":"preethika","requestId":"4f0c8ce7-5577-491b-b730-1b53d97ae434","method":"POST","url":"/api/match?random=0.5686344872104825","statusCode":500,"executionTimeMs":13777.93,"cacheStatus":"miss","filterParams":{},"paginationParams":{}}
{"level":30,"time":1781034015164,"pid":22816,"hostname":"preethika","requestId":"dc4da7ac-aea9-42eb-b0e2-3c52218006b8","method":"POST","url":"/api/match?random=0.8562395282977944","statusCode":500,"executionTimeMs":13900.73,"cacheStatus":"miss","filterParams":{},"paginationParams":{}}
{"level":30,"time":1781034015174,"pid":22816,"hostname":"preethika","requestId":"c7de8652-076c-4e55-be9d-3b8b6c502f74","method":"POST","url":"/api/match?random=0.7541870183580734","statusCode":500,"executionTimeMs":13869.22,"cacheStatus":"miss","filterParams":{},"paginationParams":{}}
{"level":30,"time":1781034015181,"pid":22816,"hostname":"preethika","requestId":"9a678ab7-9793-4ab5-9a55-8987303169eb","method":"POST","url":"/api/match?random=0.6671528121549091","statusCode":500,"executionTimeMs":13882.24,"cacheStatus":"miss","filterParams":{},"paginationParams":{}}
{"level":30,"time":1781034015188,"pid":22816,"hostname":"preethika","requestId":"bb749a6c-71ab-43a5-b9e7-507a4eaea6d4","method":"POST","url":"/api/match?random=0.9867868880349113","statusCode":500,"executionTimeMs":13870.05,"cacheStatus":"miss","filterParams":{},"paginationParams":{}}
{"level":30,"time":1781034015197,"pid":22816,"hostname":"preethika","requestId":"e9ea38a0-d584-45a3-9436-ae34bfc30c68","method":"POST","url":"/api/match?random=0.017585691488306576","statusCode":500,"executionTimeMs":13917.04,"cacheStatus":"miss","filterParams":{},"paginationParams":{}}
{"level":30,"time":1781034015225,"pid":22816,"hostname":"preethika","requestId":"e0f4c358-e208-4a46-ac84-6eae2d59ff05","method":"POST","url":"/api/match?random=0.5065005337288846","statusCode":500,"executionTimeMs":13932.54,"cacheStatus":"miss","filterParams":{},"paginationParams":{}}
{"level":30,"time":1781034015238,"pid":22816,"hostname":"preethika","requestId":"bb2dbaf6-141c-4656-81ec-db6277641e7e","method":"POST","url":"/api/match?random=0.5975036980044972","statusCode":500,"executionTimeMs":13937.07,"cacheStatus":"miss","filterParams":{},"paginationParams":{}}
{"level":30,"time":1781034015262,"pid":22816,"hostname":"preethika","requestId":"08fcb7e8-262d-4918-b87a-eb91f23b5d35","method":"POST","url":"/api/match?random=0.5028349722798677","statusCode":500,"executionTimeMs":13939.56,"cacheStatus":"miss","filterParams":{},"paginationParams":{}}
{"level":30,"time":1781034015301,"pid":22816,"hostname":"preethika","requestId":"ce77db72-6255-419c-b44a-e6ae8ccadb9d","method":"POST","url":"/api/match?random=0.1195540205791763","statusCode":500,"executionTimeMs":14025.3,"cacheStatus":"miss","filterParams":{},"paginationParams":{}}
{"level":30,"time":1781034015331,"pid":22816,"hostname":"preethika","requestId":"9c0b85a8-5bd3-489a-ab2e-d9fa49edec80","method":"POST","url":"/api/match?random=0.2722704159501903","statusCode":500,"executionTimeMs":14073.09,"cacheStatus":"miss","filterParams":{},"paginationParams":{}}
{"level":30,"time":1781034015452,"pid":22816,"hostname":"preethika","requestId":"8e3f405c-7db4-4388-9328-f6729cbbfce1","method":"POST","url":"/api/match?random=0.9980201218400595","statusCode":500,"executionTimeMs":14176.89,"cacheStatus":"miss","filterParams":{},"paginationParams":{}}
{"level":30,"time":1781034015526,"pid":22816,"hostname":"preethika","requestId":"a2ae3de4-2915-457d-84ad-b5f85034c90a","method":"POST","url":"/api/match?random=0.5963646194212797","statusCode":500,"executionTimeMs":14224.29,"cacheStatus":"miss","filterParams":{},"paginationParams":{}}
{"level":30,"time":1781034015538,"pid":22816,"hostname":"preethika","requestId":"d2f90f1e-95fd-4405-9261-369fa4f4dd73","method":"POST","url":"/api/match?random=0.7855445369640282","statusCode":500,"executionTimeMs":14216.27,"cacheStatus":"miss","filterParams":{},"paginationParams":{}}
{"level":30,"time":1781034015571,"pid":22816,"hostname":"preethika","requestId":"32dd83e1-c42d-4fff-936f-4b14fdc7d553","method":"POST","url":"/api/match?random=0.0227139846438571","statusCode":500,"executionTimeMs":14258.17,"cacheStatus":"miss","filterParams":{},"paginationParams":{}}
{"level":30,"time":1781034015995,"pid":22816,"hostname":"preethika","requestId":"caebf90c-6233-4970-864b-d9b57d7ae952","method":"POST","url":"/api/match?random=0.2402218848335269","statusCode":500,"executionTimeMs":14681.42,"cacheStatus":"miss","filterParams":{},"paginationParams":{}}
{"level":30,"time":1781034059880,"pid":22816,"hostname":"preethika","requestId":"67598075-7965-441c-866b-aba0d33cfff2","method":"POST","url":"/api/match?random=0.7580206496216684","statusCode":500,"executionTimeMs":41747.02,"cacheStatus":"miss","filterParams":{},"paginationParams":{}}
{"level":30,"time":1781034061098,"pid":22816,"hostname":"preethika","requestId":"c8b243d9-9e7d-4549-a74f-41148bac7ece","method":"POST","url":"/api/match?random=0.149357988607296","statusCode":500,"executionTimeMs":42963.01,"cacheStatus":"miss","filterParams":{},"paginationParams":{}}
{"level":30,"time":1781034061212,"pid":22816,"hostname":"preethika","requestId":"f395ef22-a99d-431d-9312-33ad71c1b37c","method":"POST","url":"/api/match?random=0.8915079629794145","statusCode":500,"executionTimeMs":42967.69,"cacheStatus":"miss","filterParams":{},"paginationParams":{}}
{"level":30,"time":1781034061322,"pid":22816,"hostname":"preethika","requestId":"c2be3aed-84ca-4496-9dee-ed77611b58b0","method":"POST","url":"/api/match?random=0.5467047978316588","statusCode":500,"executionTimeMs":43195.11,"cacheStatus":"miss","filterParams":{},"paginationParams":{}}
{"level":30,"time":1781034061660,"pid":22816,"hostname":"preethika","requestId":"3d60c0a2-328a-4a8c-8bd6-68fb11433827","method":"POST","url":"/api/match?random=0.928887319482699","statusCode":500,"executionTimeMs":43520.75,"cacheStatus":"miss","filterParams":{},"paginationParams":{}}
{"level":30,"time":1781034061937,"pid":22816,"hostname":"preethika","requestId":"3789ebb7-0188-4113-a25a-ff59284931b1","method":"POST","url":"/api/match?random=0.08365326576781018","statusCode":500,"executionTimeMs":43807.31,"cacheStatus":"miss","filterParams":{},"paginationParams":{}}
{"level":30,"time":1781034062010,"pid":22816,"hostname":"preethika","requestId":"3c320272-f82c-4fbf-991f-95d744c1c991","method":"POST","url":"/api/match?random=0.3691409272242956","statusCode":500,"executionTimeMs":43757.86,"cacheStatus":"miss","filterParams":{},"paginationParams":{}}
{"level":30,"time":1781034062163,"pid":22816,"hostname":"preethika","requestId":"f0757845-a3d6-4050-a792-1638e9d83d6e","method":"POST","url":"/api/match?random=0.5782664273597762","statusCode":500,"executionTimeMs":44016.21,"cacheStatus":"miss","filterParams":{},"paginationParams":{}}
{"level":30,"time":1781034062427,"pid":22816,"hostname":"preethika","requestId":"632f551a-657e-4e15-bd79-ba71d82f4b2e","method":"POST","url":"/api/match?random=0.5300637920156248","statusCode":500,"executionTimeMs":44285.67,"cacheStatus":"miss","filterParams":{},"paginationParams":{}}
{"level":30,"time":1781034062531,"pid":22816,"hostname":"preethika","requestId":"c12bb4ae-ff3e-444b-80ab-6b6fcf42042f","method":"POST","url":"/api/match?random=0.0025591104580089397","statusCode":500,"executionTimeMs":44415.69,"cacheStatus":"miss","filterParams":{},"paginationParams":{}}
{"level":30,"time":1781034062648,"pid":22816,"hostname":"preethika","requestId":"8212744b-5a39-42aa-8499-fc8f98e38c4a","method":"POST","url":"/api/match?random=0.41592293302875105","statusCode":500,"executionTimeMs":44413.59,"cacheStatus":"miss","filterParams":{},"paginationParams":{}}
{"level":30,"time":1781034062709,"pid":22816,"hostname":"preethika","requestId":"ce8c6ef6-a91b-44a1-a60d-3456bdddb42f","method":"POST","url":"/api/match?random=0.8108544284918693","statusCode":500,"executionTimeMs":44623.01,"cacheStatus":"miss","filterParams":{},"paginationParams":{}}
{"level":30,"time":1781034062804,"pid":22816,"hostname":"preethika","requestId":"78ae8d6e-79f6-47e7-a9d2-3f7feed59b57","method":"POST","url":"/api/match?random=0.008538586488738842","statusCode":500,"executionTimeMs":44705.42,"cacheStatus":"miss","filterParams":{},"paginationParams":{}}
{"level":30,"time":1781034062888,"pid":22816,"hostname":"preethika","requestId":"941f3a47-c64e-4f7a-90ae-ef5d33564c31","method":"POST","url":"/api/match?random=0.6843942888084327","statusCode":500,"executionTimeMs":44739.65,"cacheStatus":"miss","filterParams":{},"paginationParams":{}}
{"level":30,"time":1781034062917,"pid":22816,"hostname":"preethika","requestId":"56fb4683-2d80-4582-89fb-26f0ff02f391","method":"POST","url":"/api/match?random=0.3641661170579349","statusCode":500,"executionTimeMs":44838.57,"cacheStatus":"miss","filterParams":{},"paginationParams":{}}
{"level":30,"time":1781034063039,"pid":22816,"hostname":"preethika","requestId":"fb99feb9-1c4e-4b37-ade1-1e743eab75ae","method":"POST","url":"/api/match?random=0.1913215641540218","statusCode":500,"executionTimeMs":44949.85,"cacheStatus":"miss","filterParams":{},"paginationParams":{}}
{"level":30,"time":1781034063613,"pid":22816,"hostname":"preethika","requestId":"4fe94714-454a-480c-9230-ad6e5757c2c9","method":"POST","url":"/api/match?random=0.7477217847496473","statusCode":500,"executionTimeMs":45482.28,"cacheStatus":"miss","filterParams":{},"paginationParams":{}}
{"level":30,"time":1781034063656,"pid":22816,"hostname":"preethika","requestId":"61cc9518-32ea-4e85-bb4e-018cf459f0d4","method":"POST","url":"/api/match?random=0.5129917209028678","statusCode":500,"executionTimeMs":45390.25,"cacheStatus":"miss","filterParams":{},"paginationParams":{}}
{"level":30,"time":1781034063722,"pid":22816,"hostname":"preethika","requestId":"433189c5-43e3-45ee-a81b-d22f9c532b2b","method":"POST","url":"/api/match?random=0.2681085071364808","statusCode":500,"executionTimeMs":45585.99,"cacheStatus":"miss","filterParams":{},"paginationParams":{}}
{"level":30,"time":1781034063793,"pid":22816,"hostname":"preethika","requestId":"9750a80b-86f9-46b5-a03b-9da6cf8f6a88","method":"POST","url":"/api/match?random=0.33695168538588494","statusCode":500,"executionTimeMs":45539.83,"cacheStatus":"miss","filterParams":{},"paginationParams":{}}
{"level":30,"time":1781034064506,"pid":22816,"hostname":"preethika","requestId":"49273b15-3ca7-4316-b6d2-68cb5844ff96","method":"POST","url":"/api/match?random=0.28763685227396896","statusCode":500,"executionTimeMs":46388.93,"cacheStatus":"miss","filterParams":{},"paginationParams":{}}
{"level":30,"time":1781034064534,"pid":22816,"hostname":"preethika","requestId":"f2d46a91-1f4c-49a8-81f1-fe13690c4b5f","method":"POST","url":"/api/match?random=0.2805147681287674","statusCode":500,"executionTimeMs":46293.69,"cacheStatus":"miss","filterParams":{},"paginationParams":{}}
{"level":30,"time":1781034064565,"pid":22816,"hostname":"preethika","requestId":"dfac53b4-9a54-46b9-91a9-3890d6e956db","method":"POST","url":"/api/match?random=0.48612465544645134","statusCode":500,"executionTimeMs":46292.2,"cacheStatus":"miss","filterParams":{},"paginationParams":{}}
{"level":30,"time":1781034064597,"pid":22816,"hostname":"preethika","requestId":"b7281146-10d7-4ff3-a54a-660d3f26786e","method":"POST","url":"/api/match?random=0.3052925510894766","statusCode":500,"executionTimeMs":46323.81,"cacheStatus":"miss","filterParams":{},"paginationParams":{}}
{"level":30,"time":1781034064667,"pid":22816,"hostname":"preethika","requestId":"051963f4-3d7c-4800-a6f6-f4560ffe87a0","method":"POST","url":"/api/match?random=0.4494986261049747","statusCode":500,"executionTimeMs":46593.12,"cacheStatus":"miss","filterParams":{},"paginationParams":{}}
{"level":30,"time":1781034064685,"pid":22816,"hostname":"preethika","requestId":"f3c3b577-68d9-47c1-adab-a90ae6a9094a","method":"POST","url":"/api/match?random=0.2296459703619158","statusCode":500,"executionTimeMs":46414.38,"cacheStatus":"miss","filterParams":{},"paginationParams":{}}
{"level":30,"time":1781034064778,"pid":22816,"hostname":"preethika","requestId":"a639de0e-3785-4bd7-8cd9-8de1f40de6a9","method":"POST","url":"/api/match?random=0.457454615431681","statusCode":500,"executionTimeMs":46546.86,"cacheStatus":"miss","filterParams":{},"paginationParams":{}}
{"level":30,"time":1781034064802,"pid":22816,"hostname":"preethika","requestId":"296c8a7b-53c5-4b13-90db-b771fae21e29","method":"POST","url":"/api/match?random=0.5733619080349321","statusCode":500,"executionTimeMs":46539.76,"cacheStatus":"miss","filterParams":{},"paginationParams":{}}
{"level":30,"time":1781034064838,"pid":22816,"hostname":"preethika","requestId":"d578243a-6b77-4992-b09c-40b7692d0a4b","method":"POST","url":"/api/match?random=0.40298647940992804","statusCode":500,"executionTimeMs":46599.84,"cacheStatus":"miss","filterParams":{},"paginationParams":{}}
{"level":30,"time":1781034064981,"pid":22816,"hostname":"preethika","requestId":"721e4ac4-9ddf-4e0e-8bea-74fd9e81085a","method":"POST","url":"/api/match?random=0.8834150331965256","statusCode":500,"executionTimeMs":46889.61,"cacheStatus":"miss","filterParams":{},"paginationParams":{}}
{"level":30,"time":1781034065018,"pid":22816,"hostname":"preethika","requestId":"ea74d1f4-c94b-485f-8b6c-68b87689d655","method":"POST","url":"/api/match?random=0.8768909473276094","statusCode":500,"executionTimeMs":46789.52,"cacheStatus":"miss","filterParams":{},"paginationParams":{}}
{"level":30,"time":1781034065124,"pid":22816,"hostname":"preethika","requestId":"6357f22d-0f42-447d-806c-fffe2d358cf3","method":"POST","url":"/api/match?random=0.1935872496633153","statusCode":500,"executionTimeMs":46883.02,"cacheStatus":"miss","filterParams":{},"paginationParams":{}}
{"level":30,"time":1781034065293,"pid":22816,"hostname":"preethika","requestId":"42df1aa0-bdeb-41b3-8d78-e2e0b6d08aa2","method":"POST","url":"/api/match?random=0.10160956271132404","statusCode":500,"executionTimeMs":47045.94,"cacheStatus":"miss","filterParams":{},"paginationParams":{}}
{"level":30,"time":1781034065316,"pid":22816,"hostname":"preethika","requestId":"b38c0e52-b258-44a7-9108-7dbb0cbcd943","method":"POST","url":"/api/match?random=0.7093788000539725","statusCode":500,"executionTimeMs":47206.96,"cacheStatus":"miss","filterParams":{},"paginationParams":{}}
{"level":30,"time":1781034065337,"pid":22816,"hostname":"preethika","requestId":"d9c7b0b2-4893-4a32-99f3-e55d3ea11aac","method":"POST","url":"/api/match?random=0.38152258262123984","statusCode":500,"executionTimeMs":47038.34,"cacheStatus":"miss","filterParams":{},"paginationParams":{}}
{"level":30,"time":1781034065368,"pid":22816,"hostname":"preethika","requestId":"7fe94820-cb40-418e-9023-a5e2b0ad2e65","method":"POST","url":"/api/match?random=0.6432650824147648","statusCode":500,"executionTimeMs":47227.68,"cacheStatus":"miss","filterParams":{},"paginationParams":{}}
{"level":30,"time":1781034065554,"pid":22816,"hostname":"preethika","requestId":"e73c0898-95c6-4ddc-bf98-ec7ba37eca41","method":"POST","url":"/api/match?random=0.3987537049297969","statusCode":500,"executionTimeMs":47465.92,"cacheStatus":"miss","filterParams":{},"paginationParams":{}}
{"level":30,"time":1781034065669,"pid":22816,"hostname":"preethika","requestId":"f21e2ef3-abd0-4e4c-bafd-de877787596a","method":"POST","url":"/api/match?random=0.36456116798673954","statusCode":500,"executionTimeMs":47419.31,"cacheStatus":"miss","filterParams":{},"paginationParams":{}}
{"level":30,"time":1781034065912,"pid":22816,"hostname":"preethika","requestId":"a08ddfef-54ac-4d18-939c-2cd35c88aaed","method":"POST","url":"/api/match?random=0.1776865642181824","statusCode":500,"executionTimeMs":47673.24,"cacheStatus":"miss","filterParams":{},"paginationParams":{}}
{"level":30,"time":1781034066163,"pid":22816,"hostname":"preethika","requestId":"b7da7e52-ce5c-4e99-9d8e-7af5054eac5b","method":"POST","url":"/api/match?random=0.33568701212413843","statusCode":500,"executionTimeMs":48060.5,"cacheStatus":"miss","filterParams":{},"paginationParams":{}}
{"level":30,"time":1781034066322,"pid":22816,"hostname":"preethika","requestId":"401653b0-a053-4988-bee1-e98320d8da06","method":"POST","url":"/api/match?random=0.35475280581170243","statusCode":500,"executionTimeMs":48221.65,"cacheStatus":"miss","filterParams":{},"paginationParams":{}}
{"level":30,"time":1781034066334,"pid":22816,"hostname":"preethika","requestId":"e06f0f10-7b8f-4dfd-a1a5-dd029f2fc0c3","method":"POST","url":"/api/match?random=0.29730892178907253","statusCode":500,"executionTimeMs":48209.91,"cacheStatus":"miss","filterParams":{},"paginationParams":{}}
{"level":30,"time":1781034066469,"pid":22816,"hostname":"preethika","requestId":"819ad73f-df44-4e33-bb18-bb2bafccde94","method":"POST","url":"/api/match?random=0.002298589858094058","statusCode":500,"executionTimeMs":48180.8,"cacheStatus":"miss","filterParams":{},"paginationParams":{}}
{"level":30,"time":1781034066476,"pid":22816,"hostname":"preethika","requestId":"c2806e8d-9ec7-4218-ac87-510c953b9fe7","method":"POST","url":"/api/match?random=0.4182361114396067","statusCode":500,"executionTimeMs":48347.6,"cacheStatus":"miss","filterParams":{},"paginationParams":{}}
{"level":30,"time":1781034066504,"pid":22816,"hostname":"preethika","requestId":"88e2d987-1123-4b1e-babe-9eab5487c38e","method":"POST","url":"/api/match?random=0.4513785626337161","statusCode":500,"executionTimeMs":48360.14,"cacheStatus":"miss","filterParams":{},"paginationParams":{}}
{"level":30,"time":1781034066721,"pid":22816,"hostname":"preethika","requestId":"9ff973c6-aead-4b72-bf9c-b215f370d7f2","method":"POST","url":"/api/match?random=0.7303979576519459","statusCode":500,"executionTimeMs":48596.41,"cacheStatus":"miss","filterParams":{},"paginationParams":{}}
{"level":30,"time":1781034066732,"pid":22816,"hostname":"preethika","requestId":"4039b683-6257-453c-b8c5-f9fe4ece0ff3","method":"POST","url":"/api/match?random=0.7194071343639126","statusCode":500,"executionTimeMs":48468.47,"cacheStatus":"miss","filterParams":{},"paginationParams":{}}
{"level":30,"time":1781034066747,"pid":22816,"hostname":"preethika","requestId":"01741de9-85ac-4622-9f51-8b64a53de7d6","method":"POST","url":"/api/match?random=0.31321965206152025","statusCode":500,"executionTimeMs":48632.87,"cacheStatus":"miss","filterParams":{},"paginationParams":{}}
{"level":30,"time":1781034066756,"pid":22816,"hostname":"preethika","requestId":"67569c3d-e16a-479e-9558-784a7782d551","method":"POST","url":"/api/match?random=0.7114715144961112","statusCode":500,"executionTimeMs":48458.7,"cacheStatus":"miss","filterParams":{},"paginationParams":{}}
{"level":30,"time":1781034066837,"pid":22816,"hostname":"preethika","requestId":"0cf0c47d-486f-4430-b4ad-cc2854afdadc","method":"POST","url":"/api/match?random=0.3860161325498457","statusCode":500,"executionTimeMs":48582.32,"cacheStatus":"miss","filterParams":{},"paginationParams":{}}
{"level":30,"time":1781034067097,"pid":22816,"hostname":"preethika","requestId":"0beb81c7-5ff8-4b84-a8e9-dad9a7230fea","method":"POST","url":"/api/match?random=0.7864193761019123","statusCode":500,"executionTimeMs":48976.3,"cacheStatus":"miss","filterParams":{},"paginationParams":{}}
{"level":30,"time":1781034067264,"pid":22816,"hostname":"preethika","requestId":"c3ca9992-3330-4804-b1cc-d1fd189abd08","method":"POST","url":"/api/match?random=0.7272974768017806","statusCode":500,"executionTimeMs":49010.02,"cacheStatus":"miss","filterParams":{},"paginationParams":{}}
{"level":30,"time":1781034067528,"pid":22816,"hostname":"preethika","requestId":"fd64976c-5e96-4759-a6fb-04b80f54f6bc","method":"POST","url":"/api/match?random=0.9008022195505894","statusCode":500,"executionTimeMs":49406.72,"cacheStatus":"miss","filterParams":{},"paginationParams":{}}
{"level":30,"time":1781034067556,"pid":22816,"hostname":"preethika","requestId":"66bce39b-4b7d-4896-adf7-0b8fcb8e8998","method":"POST","url":"/api/match?random=0.7525487943106988","statusCode":500,"executionTimeMs":49474.27,"cacheStatus":"miss","filterParams":{},"paginationParams":{}}
{"level":30,"time":1781034067619,"pid":22816,"hostname":"preethika","requestId":"5b050383-50fc-4f85-8fd8-a1d5832e4d03","method":"POST","url":"/api/match?random=0.5842971804838375","statusCode":500,"executionTimeMs":49350.85,"cacheStatus":"miss","filterParams":{},"paginationParams":{}}
{"level":30,"time":1781034067628,"pid":22816,"hostname":"preethika","requestId":"0bb3f554-337a-4162-a271-e5db748b3fa5","method":"POST","url":"/api/match?random=0.24291653281911807","statusCode":500,"executionTimeMs":49385.14,"cacheStatus":"miss","filterParams":{},"paginationParams":{}}
{"level":30,"time":1781034067651,"pid":22816,"hostname":"preethika","requestId":"20bba4b4-0911-4d25-887a-51420ba6f586","method":"POST","url":"/api/match?random=0.5452117898308912","statusCode":500,"executionTimeMs":49566.43,"cacheStatus":"miss","filterParams":{},"paginationParams":{}}
{"level":30,"time":1781034067688,"pid":22816,"hostname":"preethika","requestId":"313c91f6-6d72-44f3-8315-33a565b37682","method":"POST","url":"/api/match?random=0.5945523414148408","statusCode":500,"executionTimeMs":49451.1,"cacheStatus":"miss","filterParams":{},"paginationParams":{}}
{"level":30,"time":1781034067852,"pid":22816,"hostname":"preethika","requestId":"9a16555b-2e35-48e8-bf13-13c8d29285b5","method":"POST","url":"/api/match?random=0.8896012378688527","statusCode":500,"executionTimeMs":49605.52,"cacheStatus":"miss","filterParams":{},"paginationParams":{}}
{"level":30,"time":1781034067972,"pid":22816,"hostname":"preethika","requestId":"fd1b1018-863b-4d62-b212-d5b4e3fc12e3","method":"POST","url":"/api/match?random=0.5345644882838236","statusCode":500,"executionTimeMs":49670.1,"cacheStatus":"miss","filterParams":{},"paginationParams":{}}
{"level":30,"time":1781034068006,"pid":22816,"hostname":"preethika","requestId":"7dc72494-4dac-4650-b668-7d853b5ebce4","method":"POST","url":"/api/match?random=0.47419436928965997","statusCode":500,"executionTimeMs":49922.54,"cacheStatus":"miss","filterParams":{},"paginationParams":{}}
{"level":30,"time":1781034068064,"pid":22816,"hostname":"preethika","requestId":"c617800a-47e9-42c5-a692-fd5888cf67e4","method":"POST","url":"/api/match?random=0.40377874851135087","statusCode":500,"executionTimeMs":49930.65,"cacheStatus":"miss","filterParams":{},"paginationParams":{}}
{"level":30,"time":1781034068082,"pid":22816,"hostname":"preethika","requestId":"1a1a839d-18c2-4275-b7db-d4427ed3e6b1","method":"POST","url":"/api/match?random=0.04655348524701153","statusCode":500,"executionTimeMs":49945.37,"cacheStatus":"miss","filterParams":{},"paginationParams":{}}
{"level":30,"time":1781034068122,"pid":22816,"hostname":"preethika","requestId":"c70cf240-5240-4686-a96e-2c4b70191e50","method":"POST","url":"/api/match?random=0.19510315206587636","statusCode":500,"executionTimeMs":49810.14,"cacheStatus":"miss","filterParams":{},"paginationParams":{}}
{"level":30,"time":1781034068138,"pid":22816,"hostname":"preethika","requestId":"81b85225-4db1-412a-9084-2416469f3b2c","method":"POST","url":"/api/match?random=0.4132017603297591","statusCode":500,"executionTimeMs":49878.99,"cacheStatus":"miss","filterParams":{},"paginationParams":{}}
{"level":30,"time":1781034068146,"pid":22816,"hostname":"preethika","requestId":"2e7c997a-8667-4784-a597-32fe46c62945","method":"POST","url":"/api/match?random=0.43207148278346863","statusCode":500,"executionTimeMs":50065.37,"cacheStatus":"miss","filterParams":{},"paginationParams":{}}
{"level":30,"time":1781034068210,"pid":22816,"hostname":"preethika","requestId":"1987a29f-52e9-4d2f-b50b-13f70f0d13a1","method":"POST","url":"/api/match?random=0.678463475768956","statusCode":500,"executionTimeMs":49909.34,"cacheStatus":"miss","filterParams":{},"paginationParams":{}}
{"level":30,"time":1781034068331,"pid":22816,"hostname":"preethika","requestId":"7eb35ff6-e1b8-4457-aef5-50ba37864034","method":"POST","url":"/api/match?random=0.9504713495260102","statusCode":500,"executionTimeMs":50037.53,"cacheStatus":"miss","filterParams":{},"paginationParams":{}}
{"level":30,"time":1781034068413,"pid":22816,"hostname":"preethika","requestId":"5c76e92b-5509-4604-91d4-a3c7e5fc7dfd","method":"POST","url":"/api/match?random=0.4311415613270051","statusCode":500,"executionTimeMs":50074.32,"cacheStatus":"miss","filterParams":{},"paginationParams":{}}
{"level":30,"time":1781034068509,"pid":22816,"hostname":"preethika","requestId":"70c4c12b-3172-4d54-a9dd-e7d3f1a33679","method":"POST","url":"/api/match?random=0.5636616708186795","statusCode":500,"executionTimeMs":50177.89,"cacheStatus":"miss","filterParams":{},"paginationParams":{}}
{"level":30,"time":1781034068543,"pid":22816,"hostname":"preethika","requestId":"04585d61-7d0e-4344-8519-97df8159cd19","method":"POST","url":"/api/match?random=0.0005077652645766317","statusCode":500,"executionTimeMs":50220.91,"cacheStatus":"miss","filterParams":{},"paginationParams":{}}
{"level":30,"time":1781034068717,"pid":22816,"hostname":"preethika","requestId":"e60e2626-c9ea-4295-a026-5cf3f0e7bfbd","method":"POST","url":"/api/match?random=0.1836087980624812","statusCode":500,"executionTimeMs":50436.98,"cacheStatus":"miss","filterParams":{},"paginationParams":{}}
{"level":30,"time":1781034068784,"pid":22816,"hostname":"preethika","requestId":"afe63a84-0322-4f4d-90df-557243e8da1b","method":"POST","url":"/api/match?random=0.25433069918629814","statusCode":500,"executionTimeMs":50551.15,"cacheStatus":"miss","filterParams":{},"paginationParams":{}}
{"level":30,"time":1781034068806,"pid":22816,"hostname":"preethika","requestId":"704928d1-115c-48ee-9fdb-e9bc70818ec6","method":"POST","url":"/api/match?random=0.33313093643269376","statusCode":500,"executionTimeMs":50549.38,"cacheStatus":"miss","filterParams":{},"paginationParams":{}}
{"level":30,"time":1781034068840,"pid":22816,"hostname":"preethika","requestId":"e2e34dd7-fdc0-472c-b573-01cbc29d46f5","method":"POST","url":"/api/match?random=0.001676085873986377","statusCode":500,"executionTimeMs":50538.94,"cacheStatus":"miss","filterParams":{},"paginationParams":{}}
{"level":30,"time":1781034068998,"pid":22816,"hostname":"preethika","requestId":"28068bd4-d259-440a-9f2f-ae8dbb4f8a48","method":"POST","url":"/api/match?random=0.5396422566494907","statusCode":500,"executionTimeMs":50762.03,"cacheStatus":"miss","filterParams":{},"paginationParams":{}}
{"level":30,"time":1781034069029,"pid":22816,"hostname":"preethika","requestId":"da8a1273-ed8b-48bd-aad0-5a5b67e78bbd","method":"POST","url":"/api/match?random=0.9899436568191615","statusCode":500,"executionTimeMs":50911.26,"cacheStatus":"miss","filterParams":{},"paginationParams":{}}
{"level":30,"time":1781034069149,"pid":22816,"hostname":"preethika","requestId":"c3715bb8-1e82-4e0b-ba65-08ebd1804ae3","method":"POST","url":"/api/match?random=0.07913057248885647","statusCode":500,"executionTimeMs":50873.85,"cacheStatus":"miss","filterParams":{},"paginationParams":{}}
{"level":30,"time":1781034069165,"pid":22816,"hostname":"preethika","requestId":"453029ee-6db5-41ea-bf1c-6243cae8a386","method":"POST","url":"/api/match?random=0.7184992033289115","statusCode":500,"executionTimeMs":50885.78,"cacheStatus":"miss","filterParams":{},"paginationParams":{}}
{"level":30,"time":1781034069181,"pid":22816,"hostname":"preethika","requestId":"1271aac8-cf44-4c32-b3a8-1aca7a413a8c","method":"POST","url":"/api/match?random=0.925140778817241","statusCode":500,"executionTimeMs":50911.27,"cacheStatus":"miss","filterParams":{},"paginationParams":{}}
{"level":30,"time":1781034069240,"pid":22816,"hostname":"preethika","requestId":"022ccc6c-bce4-4fba-8f38-3cbb824f8831","method":"POST","url":"/api/match?random=0.2039771723391075","statusCode":500,"executionTimeMs":50949.52,"cacheStatus":"miss","filterParams":{},"paginationParams":{}}
{"level":30,"time":1781034069314,"pid":22816,"hostname":"preethika","requestId":"466144e0-59f3-471c-994d-63be16224a1f","method":"POST","url":"/api/match?random=0.7476742769911338","statusCode":500,"executionTimeMs":51018.06,"cacheStatus":"miss","filterParams":{},"paginationParams":{}}
{"level":30,"time":1781034069364,"pid":22816,"hostname":"preethika","requestId":"b679e082-7d9d-42d6-bac2-b99fa7652b1f","method":"POST","url":"/api/match?random=0.418101181259797","statusCode":500,"executionTimeMs":51045.48,"cacheStatus":"miss","filterParams":{},"paginationParams":{}}
{"level":30,"time":1781034069519,"pid":22816,"hostname":"preethika","requestId":"604ad6d7-49c7-4f09-87d1-03ac5b5bc6ba","method":"POST","url":"/api/match?random=0.6789158761287779","statusCode":500,"executionTimeMs":51400.46,"cacheStatus":"miss","filterParams":{},"paginationParams":{}}
{"level":30,"time":1781034069601,"pid":22816,"hostname":"preethika","requestId":"10a24b99-6600-4e2a-9dbb-8cfb040571d4","method":"POST","url":"/api/match?random=0.49447742811407736","statusCode":500,"executionTimeMs":51254.37,"cacheStatus":"miss","filterParams":{},"paginationParams":{}}
{"level":30,"time":1781034069612,"pid":22816,"hostname":"preethika","requestId":"52de52b8-ac3c-4597-9f20-0d0ee6d55875","method":"POST","url":"/api/match?random=0.41703037006377897","statusCode":500,"executionTimeMs":51303.66,"cacheStatus":"miss","filterParams":{},"paginationParams":{}}
{"level":30,"time":1781034069628,"pid":22816,"hostname":"preethika","requestId":"1e254cd2-d849-4e15-bca0-8e0508917004","method":"POST","url":"/api/match?random=0.8137522770342855","statusCode":500,"executionTimeMs":51551.74,"cacheStatus":"miss","filterParams":{},"paginationParams":{}}
{"level":30,"time":1781034069651,"pid":22816,"hostname":"preethika","requestId":"967f6203-b409-474f-b294-b939967827b8","method":"POST","url":"/api/match?random=0.427849706806932","statusCode":500,"executionTimeMs":51299.11,"cacheStatus":"miss","filterParams":{},"paginationParams":{}}
{"level":30,"time":1781034069780,"pid":22816,"hostname":"preethika","requestId":"a792ae4c-f30b-4e94-926f-9af67a50af85","method":"POST","url":"/api/match?random=0.3212005064988821","statusCode":500,"executionTimeMs":51443.95,"cacheStatus":"miss","filterParams":{},"paginationParams":{}}
{"level":30,"time":1781034069827,"pid":22816,"hostname":"preethika","requestId":"a3f29cbf-f69b-4a0d-9ac3-0091e90d2fce","method":"POST","url":"/api/match?random=0.8368228511763502","statusCode":500,"executionTimeMs":51687.43,"cacheStatus":"miss","filterParams":{},"paginationParams":{}}
{"level":30,"time":1781034069841,"pid":22816,"hostname":"preethika","requestId":"b5b00095-43d7-44eb-8f02-6d18df446e73","method":"POST","url":"/api/match?random=0.6637416040262265","statusCode":500,"executionTimeMs":51506.87,"cacheStatus":"miss","filterParams":{},"paginationParams":{}}
{"level":30,"time":1781034069877,"pid":22816,"hostname":"preethika","requestId":"dd5a7870-d3c5-4d50-9a77-7118876d17df","method":"POST","url":"/api/match?random=0.493398500760553","statusCode":500,"executionTimeMs":51770.17,"cacheStatus":"miss","filterParams":{},"paginationParams":{}}
{"level":30,"time":1781034070018,"pid":22816,"hostname":"preethika","requestId":"0e77034c-ff88-4a4e-b47c-72c01b4a8a42","method":"POST","url":"/api/match?random=0.5456171798524536","statusCode":500,"executionTimeMs":51741.74,"cacheStatus":"miss","filterParams":{},"paginationParams":{}}
{"level":30,"time":1781034070033,"pid":22816,"hostname":"preethika","requestId":"6d66c476-7121-4399-9b7c-615d0735c1d0","method":"POST","url":"/api/match?random=0.013525532832721732","statusCode":500,"executionTimeMs":51768.1,"cacheStatus":"miss","filterParams":{},"paginationParams":{}}
{"level":30,"time":1781034070056,"pid":22816,"hostname":"preethika","requestId":"c521cc89-a5ef-4850-af49-e74e3d23bce7","method":"POST","url":"/api/match?random=0.5683255105511689","statusCode":500,"executionTimeMs":51692.91,"cacheStatus":"miss","filterParams":{},"paginationParams":{}}
{"level":30,"time":1781034070174,"pid":22816,"hostname":"preethika","requestId":"6bf0bdfa-087f-4aad-8a72-58c2ea6e6235","method":"POST","url":"/api/match?random=0.6357604164602995","statusCode":500,"executionTimeMs":51883.62,"cacheStatus":"miss","filterParams":{},"paginationParams":{}}
{"level":30,"time":1781034070260,"pid":22816,"hostname":"preethika","requestId":"d8eb958d-1d76-412a-bad1-7a2e9d3fa712","method":"POST","url":"/api/match?random=0.41419667735753496","statusCode":500,"executionTimeMs":52011.19,"cacheStatus":"miss","filterParams":{},"paginationParams":{}}
{"level":30,"time":1781034070383,"pid":22816,"hostname":"preethika","requestId":"8917858b-c66c-4689-af4e-5d5825dd230d","method":"POST","url":"/api/match?random=0.5522993577926236","statusCode":500,"executionTimeMs":52077.02,"cacheStatus":"miss","filterParams":{},"paginationParams":{}}
{"level":30,"time":1781034070432,"pid":22816,"hostname":"preethika","requestId":"d352bc5d-4d2f-4997-88e4-19e9365ec090","method":"POST","url":"/api/match?random=0.770600437016113","statusCode":500,"executionTimeMs":52176.84,"cacheStatus":"miss","filterParams":{},"paginationParams":{}}
{"level":30,"time":1781034070506,"pid":22816,"hostname":"preethika","requestId":"5f67e466-98c6-4758-9f9d-f0cbef353fb7","method":"POST","url":"/api/match?random=0.24872524562457943","statusCode":500,"executionTimeMs":52216.49,"cacheStatus":"miss","filterParams":{},"paginationParams":{}}
{"level":30,"time":1781034070585,"pid":22816,"hostname":"preethika","requestId":"bd41da94-b98d-4391-a3af-5b3aa65a200c","method":"POST","url":"/api/match?random=0.11002050987606204","statusCode":500,"executionTimeMs":52237.66,"cacheStatus":"miss","filterParams":{},"paginationParams":{}}
{"level":30,"time":1781034070796,"pid":22816,"hostname":"preethika","requestId":"99040ab3-9817-461a-b12c-8a0993342a8a","method":"POST","url":"/api/match?random=0.0007724342357895431","statusCode":500,"executionTimeMs":52480.64,"cacheStatus":"miss","filterParams":{},"paginationParams":{}}
{"level":30,"time":1781034070948,"pid":22816,"hostname":"preethika","requestId":"e12fbe70-1224-4878-8a6f-3aff8fd32ca3","method":"POST","url":"/api/match?random=0.399965436577441","statusCode":500,"executionTimeMs":52602.12,"cacheStatus":"miss","filterParams":{},"paginationParams":{}}
{"level":30,"time":1781034070960,"pid":22816,"hostname":"preethika","requestId":"5c4081a9-8c72-46f1-abf4-dda8855681e6","method":"POST","url":"/api/match?random=0.5699168290343342","statusCode":500,"executionTimeMs":52836.92,"cacheStatus":"miss","filterParams":{},"paginationParams":{}}
{"level":30,"time":1781034070966,"pid":22816,"hostname":"preethika","requestId":"915eb85e-fe41-4366-8966-159001e17d3d","method":"POST","url":"/api/match?random=0.36533590150528905","statusCode":500,"executionTimeMs":52855.17,"cacheStatus":"miss","filterParams":{},"paginationParams":{}}
{"level":30,"time":1781034070985,"pid":22816,"hostname":"preethika","requestId":"c32d7187-76f4-48f8-bec8-0cb6c5f5b850","method":"POST","url":"/api/match?random=0.8612070298794423","statusCode":500,"executionTimeMs":52879.94,"cacheStatus":"miss","filterParams":{},"paginationParams":{}}
{"level":30,"time":1781034071101,"pid":22816,"hostname":"preethika","requestId":"1092c429-bace-42b4-97e8-160acf222f8e","method":"POST","url":"/api/match?random=0.6233098293599015","statusCode":500,"executionTimeMs":52795.69,"cacheStatus":"miss","filterParams":{},"paginationParams":{}}
{"level":30,"time":1781034071133,"pid":22816,"hostname":"preethika","requestId":"c9218402-c59f-43dc-a265-8c626aca8c6a","method":"POST","url":"/api/match?random=0.5147108504886986","statusCode":500,"executionTimeMs":52799.36,"cacheStatus":"miss","filterParams":{},"paginationParams":{}}
{"level":30,"time":1781034071151,"pid":22816,"hostname":"preethika","requestId":"9900bcc2-b8af-44c3-85cd-6803d704144d","method":"POST","url":"/api/match?random=0.9668165817387768","statusCode":500,"executionTimeMs":52836.72,"cacheStatus":"miss","filterParams":{},"paginationParams":{}}
{"level":30,"time":1781034071228,"pid":22816,"hostname":"preethika","requestId":"a69cd5b6-66a0-436a-b6c9-1e664950a027","method":"POST","url":"/api/match?random=0.5183571045898705","statusCode":500,"executionTimeMs":52877.74,"cacheStatus":"miss","filterParams":{},"paginationParams":{}}
{"level":30,"time":1781034071270,"pid":22816,"hostname":"preethika","requestId":"d2925e2e-0670-4a59-a2e5-f7b3198081e4","method":"POST","url":"/api/match?random=0.683843439734213","statusCode":500,"executionTimeMs":52941.96,"cacheStatus":"miss","filterParams":{},"paginationParams":{}}
{"level":30,"time":1781034071283,"pid":22816,"hostname":"preethika","requestId":"bb2d2d66-5ce6-4360-a7bc-1601508ff5fc","method":"POST","url":"/api/match?random=0.9907779435466686","statusCode":500,"executionTimeMs":53026.02,"cacheStatus":"miss","filterParams":{},"paginationParams":{}}
{"level":30,"time":1781034071361,"pid":22816,"hostname":"preethika","requestId":"dd1166c1-f1fd-4503-a91f-b76c6082bef4","method":"POST","url":"/api/match?random=0.7230424001788986","statusCode":500,"executionTimeMs":53018.32,"cacheStatus":"miss","filterParams":{},"paginationParams":{}}
{"level":30,"time":1781034071385,"pid":22816,"hostname":"preethika","requestId":"6e984ef5-2bab-4b80-a3b4-9bff688bcd99","method":"POST","url":"/api/match?random=0.9711845627287363","statusCode":500,"executionTimeMs":53086.17,"cacheStatus":"miss","filterParams":{},"paginationParams":{}}
{"level":30,"time":1781034071464,"pid":22816,"hostname":"preethika","requestId":"cc406c5a-1982-46ae-abdd-a23b31defcb7","method":"POST","url":"/api/match?random=0.22647034853502812","statusCode":500,"executionTimeMs":53166.66,"cacheStatus":"miss","filterParams":{},"paginationParams":{}}
{"level":30,"time":1781034071509,"pid":22816,"hostname":"preethika","requestId":"401e2758-10b0-4721-a18e-e8f20e4b2e0e","method":"POST","url":"/api/match?random=0.6358780006148352","statusCode":500,"executionTimeMs":53234.81,"cacheStatus":"miss","filterParams":{},"paginationParams":{}}
{"level":30,"time":1781034071578,"pid":22816,"hostname":"preethika","requestId":"29b827c3-2016-4761-8108-abcbb3be6d95","method":"POST","url":"/api/match?random=0.9168047615992743","statusCode":500,"executionTimeMs":53465.37,"cacheStatus":"miss","filterParams":{},"paginationParams":{}}
{"level":30,"time":1781034071587,"pid":22816,"hostname":"preethika","requestId":"90d40ffd-8d6a-46c7-807c-812e367cbdfd","method":"POST","url":"/api/match?random=0.13889631381849","statusCode":500,"executionTimeMs":53491.68,"cacheStatus":"miss","filterParams":{},"paginationParams":{}}
{"level":30,"time":1781034071698,"pid":22816,"hostname":"preethika","requestId":"3afb1f71-8777-420c-90e5-6ab39ae21495","method":"POST","url":"/api/match?random=0.1093159839992095","statusCode":500,"executionTimeMs":53338.58,"cacheStatus":"miss","filterParams":{},"paginationParams":{}}
{"level":30,"time":1781034071737,"pid":22816,"hostname":"preethika","requestId":"ac5e794b-a239-4539-9c0b-bc477b602f3c","method":"POST","url":"/api/match?random=0.9498141901814827","statusCode":500,"executionTimeMs":53434.48,"cacheStatus":"miss","filterParams":{},"paginationParams":{}}
{"level":30,"time":1781034071800,"pid":22816,"hostname":"preethika","requestId":"9c27e64a-c3df-4a00-8f93-9ec5be65f345","method":"POST","url":"/api/match?random=0.38888801072435353","statusCode":500,"executionTimeMs":53483.63,"cacheStatus":"miss","filterParams":{},"paginationParams":{}}
{"level":30,"time":1781034071868,"pid":22816,"hostname":"preethika","requestId":"14efe833-be47-42e7-b495-2638d1ee18e1","method":"POST","url":"/api/match?random=0.6250511963292005","statusCode":500,"executionTimeMs":53543.84,"cacheStatus":"miss","filterParams":{},"paginationParams":{}}
{"level":30,"time":1781034071984,"pid":22816,"hostname":"preethika","requestId":"e16743a9-c7c6-437f-9da1-d14f4dbbd26c","method":"POST","url":"/api/match?random=0.3157891623584508","statusCode":500,"executionTimeMs":53680.99,"cacheStatus":"miss","filterParams":{},"paginationParams":{}}
{"level":30,"time":1781034072066,"pid":22816,"hostname":"preethika","requestId":"bb2ecc8a-433f-4ac3-9e22-f78b4998e343","method":"POST","url":"/api/match?random=0.7401031195252383","statusCode":500,"executionTimeMs":53773.99,"cacheStatus":"miss","filterParams":{},"paginationParams":{}}
{"level":30,"time":1781034072269,"pid":22816,"hostname":"preethika","requestId":"a552f576-6c0e-4c77-a911-e316a5cdc1cf","method":"POST","url":"/api/match?random=0.028116312404036226","statusCode":500,"executionTimeMs":53951,"cacheStatus":"miss","filterParams":{},"paginationParams":{}}
{"level":30,"time":1781034072314,"pid":22816,"hostname":"preethika","requestId":"dc45af34-46db-4c38-bfb4-804faf56262b","method":"POST","url":"/api/match?random=0.5188602316523321","statusCode":500,"executionTimeMs":54042.45,"cacheStatus":"miss","filterParams":{},"paginationParams":{}}
{"level":30,"time":1781034072437,"pid":22816,"hostname":"preethika","requestId":"7c436fec-61e1-4ad9-a83e-bc7973b0e228","method":"POST","url":"/api/match?random=0.5445825591303899","statusCode":500,"executionTimeMs":54155.11,"cacheStatus":"miss","filterParams":{},"paginationParams":{}}
{"level":30,"time":1781034072446,"pid":22816,"hostname":"preethika","requestId":"8d6c7c11-f00f-4c54-b36f-44fd6f27727e","method":"POST","url":"/api/match?random=0.23186447772283714","statusCode":500,"executionTimeMs":54094.66,"cacheStatus":"miss","filterParams":{},"paginationParams":{}}
{"level":30,"time":1781034072535,"pid":22816,"hostname":"preethika","requestId":"cdcf0645-8350-4fdc-ae74-dea53e8e971f","method":"POST","url":"/api/match?random=0.41000879337668317","statusCode":500,"executionTimeMs":54205.44,"cacheStatus":"miss","filterParams":{},"paginationParams":{}}
{"level":30,"time":1781034072565,"pid":22816,"hostname":"preethika","requestId":"2502d723-b1d4-4728-833f-f258f17191c2","method":"POST","url":"/api/match?random=0.38954128434538426","statusCode":500,"executionTimeMs":54205.8,"cacheStatus":"miss","filterParams":{},"paginationParams":{}}
{"level":30,"time":1781034072574,"pid":22816,"hostname":"preethika","requestId":"463426a6-f505-4e8a-9192-afe25b788be8","method":"POST","url":"/api/match?random=0.4388268537837803","statusCode":500,"executionTimeMs":54269.74,"cacheStatus":"miss","filterParams":{},"paginationParams":{}}
{"level":30,"time":1781034072580,"pid":22816,"hostname":"preethika","requestId":"65e4b2cb-b6a8-4f73-b1f7-3b2ba3c59f8e","method":"POST","url":"/api/match?random=0.9152382542018105","statusCode":500,"executionTimeMs":54223.14,"cacheStatus":"miss","filterParams":{},"paginationParams":{}}
{"level":30,"time":1781034072600,"pid":22816,"hostname":"preethika","requestId":"5489a665-5087-4049-bf10-8e5f73125c49","method":"POST","url":"/api/match?random=0.5555075246168484","statusCode":500,"executionTimeMs":54318.72,"cacheStatus":"miss","filterParams":{},"paginationParams":{}}
{"level":30,"time":1781034072638,"pid":22816,"hostname":"preethika","requestId":"b635d6c0-7350-4025-88bf-6e8f4a64d120","method":"POST","url":"/api/match?random=0.4699869619230723","statusCode":500,"executionTimeMs":54324.7,"cacheStatus":"miss","filterParams":{},"paginationParams":{}}
{"level":30,"time":1781034072671,"pid":22816,"hostname":"preethika","requestId":"8a7f5422-dfe6-4100-96e6-328d34029586","method":"POST","url":"/api/match?random=0.2644563248910239","statusCode":500,"executionTimeMs":54329.77,"cacheStatus":"miss","filterParams":{},"paginationParams":{}}
{"level":30,"time":1781034163175,"pid":11236,"hostname":"preethika","requestId":"1f3bf801-8daf-4fc4-8f7f-1381e5751c38","method":"POST","url":"/api/match","statusCode":500,"executionTimeMs":1274.33,"cacheStatus":"miss","filterParams":{},"paginationParams":{}}
{"level":30,"time":1781034243214,"pid":39116,"hostname":"preethika","requestId":"ce725693-5ee2-4cdb-b8ac-0f10f56dbb5f","method":"POST","url":"/api/match","statusCode":500,"executionTimeMs":354.38,"cacheStatus":"miss","filterParams":{},"paginationParams":{}}
{"level":30,"time":1781034433699,"pid":39232,"hostname":"preethika","requestId":"d3526ffc-c4f7-41e0-b07c-b36d40b04ef9","method":"POST","url":"/api/match","statusCode":200,"executionTimeMs":530.96,"cacheStatus":"miss","filterParams":{},"paginationParams":{}}
{"level":30,"time":1781034462759,"pid":39232,"hostname":"preethika","requestId":"adcaf571-f0d8-4d0c-a110-52dfa3986ae5","method":"POST","url":"/api/match?random=0.04077892990544796","statusCode":200,"executionTimeMs":8393.47,"cacheStatus":"miss","filterParams":{},"paginationParams":{}}
{"level":30,"time":1781034463196,"pid":39232,"hostname":"preethika","requestId":"3a0be997-27b3-42fe-a174-fbeba8c5efe4","method":"POST","url":"/api/match?random=0.7729625477980091","statusCode":200,"executionTimeMs":8857.35,"cacheStatus":"miss","filterParams":{},"paginationParams":{}}
{"level":30,"time":1781034463268,"pid":39232,"hostname":"preethika","requestId":"3299b455-d127-44ca-a649-afbe06996b4e","method":"POST","url":"/api/match?random=0.08091723655621275","statusCode":200,"executionTimeMs":8948.04,"cacheStatus":"miss","filterParams":{},"paginationParams":{}}
{"level":30,"time":1781034463317,"pid":39232,"hostname":"preethika","requestId":"58f43630-023c-4060-95ee-b09edbad77b0","method":"POST","url":"/api/match?random=0.34967942750181225","statusCode":200,"executionTimeMs":8969.33,"cacheStatus":"miss","filterParams":{},"paginationParams":{}}
{"level":30,"time":1781034463374,"pid":39232,"hostname":"preethika","requestId":"faca597f-d843-4049-a86d-73954de620dc","method":"POST","url":"/api/match?random=0.20089879747632122","statusCode":200,"executionTimeMs":9004.59,"cacheStatus":"miss","filterParams":{},"paginationParams":{}}
{"level":30,"time":1781034463525,"pid":39232,"hostname":"preethika","requestId":"cdbfcebc-c6e7-414a-ab8f-0a88814a8579","method":"POST","url":"/api/match?random=0.8055118339341771","statusCode":200,"executionTimeMs":9188.78,"cacheStatus":"miss","filterParams":{},"paginationParams":{}}
{"level":30,"time":1781034463902,"pid":39232,"hostname":"preethika","requestId":"df21ecb0-ef32-4515-93e0-daccee09eb25","method":"POST","url":"/api/match?random=0.746359397248902","statusCode":200,"executionTimeMs":9531.12,"cacheStatus":"miss","filterParams":{},"paginationParams":{}}
{"level":30,"time":1781034463993,"pid":39232,"hostname":"preethika","requestId":"ce1643c0-69fc-4944-974e-e2deba4767cc","method":"POST","url":"/api/match?random=0.023246111440019313","statusCode":200,"executionTimeMs":9620.03,"cacheStatus":"miss","filterParams":{},"paginationParams":{}}
{"level":30,"time":1781034464038,"pid":39232,"hostname":"preethika","requestId":"7d6b1f3c-8fcd-484f-b53b-d9d4a5698f99","method":"POST","url":"/api/match?random=0.06853578539825533","statusCode":200,"executionTimeMs":9657.64,"cacheStatus":"miss","filterParams":{},"paginationParams":{}}
{"level":30,"time":1781034464080,"pid":39232,"hostname":"preethika","requestId":"28ea92fb-1a75-49a2-b7f7-e4247a69a3b7","method":"POST","url":"/api/match?random=0.7170930684493451","statusCode":200,"executionTimeMs":9715.17,"cacheStatus":"miss","filterParams":{},"paginationParams":{}}
{"level":30,"time":1781034464110,"pid":39232,"hostname":"preethika","requestId":"c315851c-35d4-4518-8b32-40278bcb245f","method":"POST","url":"/api/match?random=0.06757810281304444","statusCode":200,"executionTimeMs":9710.39,"cacheStatus":"miss","filterParams":{},"paginationParams":{}}
{"level":30,"time":1781034464221,"pid":39232,"hostname":"preethika","requestId":"1adc78b3-25a9-43fb-95a4-7726065836f9","method":"POST","url":"/api/match?random=0.48065028876491933","statusCode":200,"executionTimeMs":9893.24,"cacheStatus":"miss","filterParams":{},"paginationParams":{}}
{"level":30,"time":1781034464271,"pid":39232,"hostname":"preethika","requestId":"27064e4b-db9c-4bac-8bec-37ca41af4835","method":"POST","url":"/api/match?random=0.3770249249665343","statusCode":200,"executionTimeMs":9893.63,"cacheStatus":"miss","filterParams":{},"paginationParams":{}}
{"level":30,"time":1781034464314,"pid":39232,"hostname":"preethika","requestId":"55f9a099-753d-4e35-869c-43418ff6a19e","method":"POST","url":"/api/match?random=0.3085835117154483","statusCode":200,"executionTimeMs":9928.51,"cacheStatus":"miss","filterParams":{},"paginationParams":{}}
{"level":30,"time":1781034464327,"pid":39232,"hostname":"preethika","requestId":"8c127ef9-3ca8-44e8-acc7-26e0dd724b21","method":"POST","url":"/api/match?random=0.7968029612652856","statusCode":200,"executionTimeMs":9996.03,"cacheStatus":"miss","filterParams":{},"paginationParams":{}}
{"level":30,"time":1781034464423,"pid":39232,"hostname":"preethika","requestId":"0276d6f4-1e5b-4251-82ad-fba65df54042","method":"POST","url":"/api/match?random=0.74377626688564","statusCode":200,"executionTimeMs":10025.65,"cacheStatus":"miss","filterParams":{},"paginationParams":{}}
{"level":30,"time":1781034464654,"pid":39232,"hostname":"preethika","requestId":"74a01bc7-b1de-4d58-9f9b-84a4faaab6c8","method":"POST","url":"/api/match?random=0.9762598258563828","statusCode":200,"executionTimeMs":10267.7,"cacheStatus":"miss","filterParams":{},"paginationParams":{}}
{"level":30,"time":1781034464671,"pid":39232,"hostname":"preethika","requestId":"423c5b93-f0fd-43d2-ba6b-a5cfd1c53773","method":"POST","url":"/api/match?random=0.3011076857124553","statusCode":200,"executionTimeMs":10252.38,"cacheStatus":"miss","filterParams":{},"paginationParams":{}}
{"level":30,"time":1781034464838,"pid":39232,"hostname":"preethika","requestId":"a822c402-e42b-412b-93a7-5465b7d84919","method":"POST","url":"/api/match?random=0.3827131056667623","statusCode":200,"executionTimeMs":10438.11,"cacheStatus":"miss","filterParams":{},"paginationParams":{}}
{"level":30,"time":1781034464850,"pid":39232,"hostname":"preethika","requestId":"49d76624-3811-420d-9b86-b8827ede9452","method":"POST","url":"/api/match?random=0.4997961126235091","statusCode":200,"executionTimeMs":10503.93,"cacheStatus":"miss","filterParams":{},"paginationParams":{}}
{"level":30,"time":1781034465101,"pid":39232,"hostname":"preethika","requestId":"627b2422-bcfc-409e-8eef-d7d16940b3b7","method":"POST","url":"/api/match?random=0.291045582017885","statusCode":200,"executionTimeMs":10678.25,"cacheStatus":"miss","filterParams":{},"paginationParams":{}}
{"level":30,"time":1781034465119,"pid":39232,"hostname":"preethika","requestId":"edbde037-1647-4a3d-8564-ad25a4b87bde","method":"POST","url":"/api/match?random=0.01568350964786802","statusCode":200,"executionTimeMs":10677.56,"cacheStatus":"miss","filterParams":{},"paginationParams":{}}
{"level":30,"time":1781034465131,"pid":39232,"hostname":"preethika","requestId":"9954312d-5be3-46f6-ab6b-020bff6fb0f7","method":"POST","url":"/api/match?random=0.18021448923963712","statusCode":200,"executionTimeMs":10697.87,"cacheStatus":"miss","filterParams":{},"paginationParams":{}}
{"level":30,"time":1781034465158,"pid":39232,"hostname":"preethika","requestId":"a7405ee6-c5a5-4af2-a65a-835bcf0f03e4","method":"POST","url":"/api/match?random=0.001885160657859819","statusCode":200,"executionTimeMs":10703.33,"cacheStatus":"miss","filterParams":{},"paginationParams":{}}
{"level":30,"time":1781034465199,"pid":39232,"hostname":"preethika","requestId":"cfd7c244-7172-4271-a761-dd4331ff841b","method":"POST","url":"/api/match?random=0.7512159416179012","statusCode":200,"executionTimeMs":10818.47,"cacheStatus":"miss","filterParams":{},"paginationParams":{}}
{"level":30,"time":1781034465238,"pid":39232,"hostname":"preethika","requestId":"d8d8a55a-f0c2-4041-a11c-6499284ea299","method":"POST","url":"/api/match?random=0.019267378023870796","statusCode":200,"executionTimeMs":10850.67,"cacheStatus":"miss","filterParams":{},"paginationParams":{}}
{"level":30,"time":1781034465357,"pid":39232,"hostname":"preethika","requestId":"c36eea4c-cefe-4161-8114-426e1a6a5dd1","method":"POST","url":"/api/match?random=0.9753409578602359","statusCode":200,"executionTimeMs":10950.19,"cacheStatus":"miss","filterParams":{},"paginationParams":{}}
{"level":30,"time":1781034465381,"pid":39232,"hostname":"preethika","requestId":"92fdcffe-fccf-4656-9180-b4885cfc4f46","method":"POST","url":"/api/match?random=0.9311499844052371","statusCode":200,"executionTimeMs":10970.65,"cacheStatus":"miss","filterParams":{},"paginationParams":{}}
{"level":30,"time":1781034465508,"pid":39232,"hostname":"preethika","requestId":"ce526eae-4a83-42e8-a6b4-8c5b92165710","method":"POST","url":"/api/match?random=0.005995721307588964","statusCode":200,"executionTimeMs":11064.94,"cacheStatus":"miss","filterParams":{},"paginationParams":{}}
{"level":30,"time":1781034465528,"pid":39232,"hostname":"preethika","requestId":"09169edd-0bd9-4c7c-b10b-39c774ece97a","method":"POST","url":"/api/match?random=0.7093660542102997","statusCode":200,"executionTimeMs":11172.27,"cacheStatus":"miss","filterParams":{},"paginationParams":{}}
{"level":30,"time":1781034465581,"pid":39232,"hostname":"preethika","requestId":"7b61ee14-965f-43ab-8a28-a4670f56d07e","method":"POST","url":"/api/match?random=0.15930049686548342","statusCode":200,"executionTimeMs":11167.63,"cacheStatus":"miss","filterParams":{},"paginationParams":{}}
{"level":30,"time":1781034465664,"pid":39232,"hostname":"preethika","requestId":"cf09690a-9396-41d2-9811-993055bbc9b1","method":"POST","url":"/api/match?random=0.5831151589485997","statusCode":200,"executionTimeMs":11193.38,"cacheStatus":"miss","filterParams":{},"paginationParams":{}}
{"level":30,"time":1781034465682,"pid":39232,"hostname":"preethika","requestId":"f81ca259-86a9-4488-af48-d4ab76d78650","method":"POST","url":"/api/match?random=0.4540785671547356","statusCode":200,"executionTimeMs":11345.67,"cacheStatus":"miss","filterParams":{},"paginationParams":{}}
{"level":30,"time":1781034465933,"pid":39232,"hostname":"preethika","requestId":"b9f3a285-86f4-4813-8341-24666380d943","method":"POST","url":"/api/match?random=0.7335491348086245","statusCode":200,"executionTimeMs":11498.02,"cacheStatus":"miss","filterParams":{},"paginationParams":{}}
{"level":30,"time":1781034465951,"pid":39232,"hostname":"preethika","requestId":"38d0fd72-f02c-4e0a-8345-759dbac9a8a3","method":"POST","url":"/api/match?random=0.859503123738999","statusCode":200,"executionTimeMs":11499.03,"cacheStatus":"miss","filterParams":{},"paginationParams":{}}
{"level":30,"time":1781034465973,"pid":39232,"hostname":"preethika","requestId":"3441377c-7168-4c76-a140-da5152d6dc18","method":"POST","url":"/api/match?random=0.7116017934308991","statusCode":200,"executionTimeMs":11570.32,"cacheStatus":"miss","filterParams":{},"paginationParams":{}}
{"level":30,"time":1781034466003,"pid":39232,"hostname":"preethika","requestId":"3da9e35a-bb93-42b6-83ab-99e2aca9324d","method":"POST","url":"/api/match?random=0.5853442157599609","statusCode":200,"executionTimeMs":11614.08,"cacheStatus":"miss","filterParams":{},"paginationParams":{}}
{"level":30,"time":1781034466042,"pid":39232,"hostname":"preethika","requestId":"903eb439-884e-49b8-8c8a-a8a4c4e93cde","method":"POST","url":"/api/match?random=0.1927025063171357","statusCode":200,"executionTimeMs":11657.59,"cacheStatus":"miss","filterParams":{},"paginationParams":{}}
{"level":30,"time":1781034466054,"pid":39232,"hostname":"preethika","requestId":"2046a23c-8342-40f0-86cf-d810d783748e","method":"POST","url":"/api/match?random=0.9412555457227672","statusCode":200,"executionTimeMs":11617.93,"cacheStatus":"miss","filterParams":{},"paginationParams":{}}
{"level":30,"time":1781034466160,"pid":39232,"hostname":"preethika","requestId":"6ae4c010-d6d3-49e9-9178-ab04be679f9b","method":"POST","url":"/api/match?random=0.2868136534584984","statusCode":200,"executionTimeMs":11734.48,"cacheStatus":"miss","filterParams":{},"paginationParams":{}}
{"level":30,"time":1781034466304,"pid":39232,"hostname":"preethika","requestId":"71bf9780-e801-4f00-bcf3-62746f44e3b8","method":"POST","url":"/api/match?random=0.7861790536178563","statusCode":200,"executionTimeMs":11891.15,"cacheStatus":"miss","filterParams":{},"paginationParams":{}}
{"level":30,"time":1781034466316,"pid":39232,"hostname":"preethika","requestId":"22d15167-a4af-4a71-9a23-d9554447dc54","method":"POST","url":"/api/match?random=0.1252958383027607","statusCode":200,"executionTimeMs":11854.18,"cacheStatus":"miss","filterParams":{},"paginationParams":{}}
{"level":30,"time":1781034466332,"pid":39232,"hostname":"preethika","requestId":"ffb3950b-4ccd-4ef2-b65c-d1e61f224644","method":"POST","url":"/api/match?random=0.2143456459536912","statusCode":200,"executionTimeMs":11881.15,"cacheStatus":"miss","filterParams":{},"paginationParams":{}}
{"level":30,"time":1781034466433,"pid":39232,"hostname":"preethika","requestId":"bebe8530-8637-4324-b74d-7350043d40bc","method":"POST","url":"/api/match?random=0.29379561980093416","statusCode":200,"executionTimeMs":11993.56,"cacheStatus":"miss","filterParams":{},"paginationParams":{}}
{"level":30,"time":1781034466453,"pid":39232,"hostname":"preethika","requestId":"4051e773-5edb-48cd-81cb-96d5cbcb0811","method":"POST","url":"/api/match?random=0.9726537433790607","statusCode":200,"executionTimeMs":12037.5,"cacheStatus":"miss","filterParams":{},"paginationParams":{}}
{"level":30,"time":1781034466468,"pid":39232,"hostname":"preethika","requestId":"a36e9117-3d41-4412-95f3-71dbd56ebfd0","method":"POST","url":"/api/match?random=0.6640103895382687","statusCode":200,"executionTimeMs":12094.35,"cacheStatus":"miss","filterParams":{},"paginationParams":{}}
{"level":30,"time":1781034466516,"pid":39232,"hostname":"preethika","requestId":"935672b0-87ed-4852-9ee6-5315feb312c4","method":"POST","url":"/api/match?random=0.29113432547839024","statusCode":200,"executionTimeMs":12111.33,"cacheStatus":"miss","filterParams":{},"paginationParams":{}}
{"level":30,"time":1781034466566,"pid":39232,"hostname":"preethika","requestId":"d20f0996-6460-42b4-b153-adec67aeb513","method":"POST","url":"/api/match?random=0.1121349894467274","statusCode":200,"executionTimeMs":12194.82,"cacheStatus":"miss","filterParams":{},"paginationParams":{}}
{"level":30,"time":1781034466630,"pid":39232,"hostname":"preethika","requestId":"2a801e4d-0536-4fe4-b588-4611d1be14b9","method":"POST","url":"/api/match?random=0.6960400502446085","statusCode":200,"executionTimeMs":12139.79,"cacheStatus":"miss","filterParams":{},"paginationParams":{}}
{"level":30,"time":1781034466674,"pid":39232,"hostname":"preethika","requestId":"db216e14-a22a-40e2-8fc7-edd7268968e1","method":"POST","url":"/api/match?random=0.12825593874108154","statusCode":200,"executionTimeMs":12306.66,"cacheStatus":"miss","filterParams":{},"paginationParams":{}}
{"level":30,"time":1781034466824,"pid":39232,"hostname":"preethika","requestId":"493f0142-d4ad-4e60-872e-4bfe18482b71","method":"POST","url":"/api/match?random=0.6799810823954726","statusCode":200,"executionTimeMs":12378.05,"cacheStatus":"miss","filterParams":{},"paginationParams":{}}
{"level":30,"time":1781034466910,"pid":39232,"hostname":"preethika","requestId":"7dd43bd5-c494-4be9-b052-e16435a433a3","method":"POST","url":"/api/match?random=0.30252545155512767","statusCode":200,"executionTimeMs":12455.93,"cacheStatus":"miss","filterParams":{},"paginationParams":{}}
{"level":30,"time":1781034466946,"pid":39232,"hostname":"preethika","requestId":"13c8b065-9165-40a0-aa79-04e37937818a","method":"POST","url":"/api/match?random=0.42310934537250255","statusCode":200,"executionTimeMs":12531.78,"cacheStatus":"miss","filterParams":{},"paginationParams":{}}
{"level":30,"time":1781034466962,"pid":39232,"hostname":"preethika","requestId":"c87b7e86-c319-4412-b1b2-b2decbf0db87","method":"POST","url":"/api/match?random=0.059229981030207934","statusCode":200,"executionTimeMs":12517.39,"cacheStatus":"miss","filterParams":{},"paginationParams":{}}
{"level":30,"time":1781034466973,"pid":39232,"hostname":"preethika","requestId":"0512cf07-0251-491d-8fd5-b984d6c5c81e","method":"POST","url":"/api/match?random=0.09019593312693197","statusCode":200,"executionTimeMs":12516.29,"cacheStatus":"miss","filterParams":{},"paginationParams":{}}
{"level":30,"time":1781034466987,"pid":39232,"hostname":"preethika","requestId":"0fdd3de2-2e3f-4c0f-b12c-30610b0db7c5","method":"POST","url":"/api/match?random=0.872297501619046","statusCode":200,"executionTimeMs":12540.33,"cacheStatus":"miss","filterParams":{},"paginationParams":{}}
{"level":30,"time":1781034466995,"pid":39232,"hostname":"preethika","requestId":"306d06df-822f-4fca-a105-3279d155dbdf","method":"POST","url":"/api/match?random=0.031150561598508153","statusCode":200,"executionTimeMs":12584.07,"cacheStatus":"miss","filterParams":{},"paginationParams":{}}
{"level":30,"time":1781034467080,"pid":39232,"hostname":"preethika","requestId":"ff56c19a-522e-489f-8e65-68e5fa8be6d3","method":"POST","url":"/api/match?random=0.46443297569664876","statusCode":200,"executionTimeMs":12671.18,"cacheStatus":"miss","filterParams":{},"paginationParams":{}}
{"level":30,"time":1781034467094,"pid":39232,"hostname":"preethika","requestId":"731f48d2-e69d-4bae-b9b9-20d14e39109b","method":"POST","url":"/api/match?random=0.8809847525444097","statusCode":200,"executionTimeMs":12624.77,"cacheStatus":"miss","filterParams":{},"paginationParams":{}}
{"level":30,"time":1781034467139,"pid":39232,"hostname":"preethika","requestId":"2ce2dc47-e827-4660-9b08-44048bb49db4","method":"POST","url":"/api/match?random=0.5730034324275963","statusCode":200,"executionTimeMs":12721.23,"cacheStatus":"miss","filterParams":{},"paginationParams":{}}
{"level":30,"time":1781034467252,"pid":39232,"hostname":"preethika","requestId":"1669f504-4aaf-4cfa-804a-4f062e51abf5","method":"POST","url":"/api/match?random=0.38231111283877284","statusCode":200,"executionTimeMs":12791.46,"cacheStatus":"miss","filterParams":{},"paginationParams":{}}
{"level":30,"time":1781034467265,"pid":39232,"hostname":"preethika","requestId":"d6b544d5-5df1-4941-880a-80aadd6c5ae2","method":"POST","url":"/api/match?random=0.34865016766146817","statusCode":200,"executionTimeMs":12863.74,"cacheStatus":"miss","filterParams":{},"paginationParams":{}}
{"level":30,"time":1781034467294,"pid":39232,"hostname":"preethika","requestId":"d22db3db-3699-49ef-bfcf-3e437978ae49","method":"POST","url":"/api/match?random=0.6035607083209182","statusCode":200,"executionTimeMs":12839.29,"cacheStatus":"miss","filterParams":{},"paginationParams":{}}
{"level":30,"time":1781034467308,"pid":39232,"hostname":"preethika","requestId":"15ea850b-166a-4503-8dcc-11a7bc08ef50","method":"POST","url":"/api/match?random=0.24598529820917725","statusCode":200,"executionTimeMs":12932.93,"cacheStatus":"miss","filterParams":{},"paginationParams":{}}
{"level":30,"time":1781034467323,"pid":39232,"hostname":"preethika","requestId":"8d22de1c-4d1c-4e37-b4be-1f15a02d2977","method":"POST","url":"/api/match?random=0.08407682774444636","statusCode":200,"executionTimeMs":12869.96,"cacheStatus":"miss","filterParams":{},"paginationParams":{}}
{"level":30,"time":1781034467351,"pid":39232,"hostname":"preethika","requestId":"426f6920-ba93-4b44-b006-79dcec49b2db","method":"POST","url":"/api/match?random=0.14367378036878575","statusCode":200,"executionTimeMs":12867.4,"cacheStatus":"miss","filterParams":{},"paginationParams":{}}
{"level":30,"time":1781034467363,"pid":39232,"hostname":"preethika","requestId":"43b15010-2a78-4501-bbb0-25f5fe280d34","method":"POST","url":"/api/match?random=0.6994428150953471","statusCode":200,"executionTimeMs":12968.28,"cacheStatus":"miss","filterParams":{},"paginationParams":{}}
{"level":30,"time":1781034467374,"pid":39232,"hostname":"preethika","requestId":"16070513-e86f-4486-b627-98b12216d573","method":"POST","url":"/api/match?random=0.10444690046015692","statusCode":200,"executionTimeMs":12973.83,"cacheStatus":"miss","filterParams":{},"paginationParams":{}}
{"level":30,"time":1781034467386,"pid":39232,"hostname":"preethika","requestId":"609cab34-9db8-400f-8d6b-d044a4b7b864","method":"POST","url":"/api/match?random=0.45819349986291424","statusCode":200,"executionTimeMs":12969.34,"cacheStatus":"miss","filterParams":{},"paginationParams":{}}
{"level":30,"time":1781034467403,"pid":39232,"hostname":"preethika","requestId":"f7b26067-2e8e-4ac4-97f5-0a2b56dec7b7","method":"POST","url":"/api/match?random=0.8740336164781659","statusCode":200,"executionTimeMs":12930.2,"cacheStatus":"miss","filterParams":{},"paginationParams":{}}
{"level":30,"time":1781034467456,"pid":39232,"hostname":"preethika","requestId":"a079fb20-a1fe-4763-b936-5c34bdde0a87","method":"POST","url":"/api/match?random=0.1922645987126006","statusCode":200,"executionTimeMs":12976.12,"cacheStatus":"miss","filterParams":{},"paginationParams":{}}
{"level":30,"time":1781034467498,"pid":39232,"hostname":"preethika","requestId":"2a4ce9d0-2a94-46fb-8b1d-39eb145c684e","method":"POST","url":"/api/match?random=0.5143768638314223","statusCode":200,"executionTimeMs":13092.68,"cacheStatus":"miss","filterParams":{},"paginationParams":{}}
{"level":30,"time":1781034467512,"pid":39232,"hostname":"preethika","requestId":"31289b07-bdca-452f-bea6-159a89ced61c","method":"POST","url":"/api/match?random=0.5793659227122001","statusCode":200,"executionTimeMs":13095.98,"cacheStatus":"miss","filterParams":{},"paginationParams":{}}
{"level":30,"time":1781034467534,"pid":39232,"hostname":"preethika","requestId":"a389b3a0-b917-454c-9be2-84d9babbb3ab","method":"POST","url":"/api/match?random=0.9586204958929316","statusCode":200,"executionTimeMs":13078.54,"cacheStatus":"miss","filterParams":{},"paginationParams":{}}
{"level":30,"time":1781034467605,"pid":39232,"hostname":"preethika","requestId":"71937a64-1308-46fe-80c3-416156c538a2","method":"POST","url":"/api/match?random=0.0504455323556563","statusCode":200,"executionTimeMs":13129.4,"cacheStatus":"miss","filterParams":{},"paginationParams":{}}
{"level":30,"time":1781034467625,"pid":39232,"hostname":"preethika","requestId":"d0e9ae63-c127-4e46-98c9-a2e12267c96b","method":"POST","url":"/api/match?random=0.15811675604835917","statusCode":200,"executionTimeMs":13166.88,"cacheStatus":"miss","filterParams":{},"paginationParams":{}}
{"level":30,"time":1781034467640,"pid":39232,"hostname":"preethika","requestId":"65a0ba9e-c7f9-4d21-b579-e85d0c2c6320","method":"POST","url":"/api/match?random=0.07772743457355191","statusCode":200,"executionTimeMs":13159.22,"cacheStatus":"miss","filterParams":{},"paginationParams":{}}
{"level":30,"time":1781034467657,"pid":39232,"hostname":"preethika","requestId":"c51a3a7b-71e9-4571-a456-d3f3f14009e1","method":"POST","url":"/api/match?random=0.22023836505871142","statusCode":200,"executionTimeMs":13188.91,"cacheStatus":"miss","filterParams":{},"paginationParams":{}}
{"level":30,"time":1781034467680,"pid":39232,"hostname":"preethika","requestId":"55cbfb20-444e-48e1-9a96-7a287f9aab48","method":"POST","url":"/api/match?random=0.06257041816755149","statusCode":200,"executionTimeMs":13215.29,"cacheStatus":"miss","filterParams":{},"paginationParams":{}}
{"level":30,"time":1781034467692,"pid":39232,"hostname":"preethika","requestId":"58c7ae56-ef2b-42d4-bda8-81d5936b6d4b","method":"POST","url":"/api/match?random=0.6313694020476097","statusCode":200,"executionTimeMs":13213.93,"cacheStatus":"miss","filterParams":{},"paginationParams":{}}
{"level":30,"time":1781034467709,"pid":39232,"hostname":"preethika","requestId":"1e2a0578-ae57-47dc-97f5-b9448da134af","method":"POST","url":"/api/match?random=0.88818240566705","statusCode":200,"executionTimeMs":13344.36,"cacheStatus":"miss","filterParams":{},"paginationParams":{}}
{"level":30,"time":1781034467729,"pid":39232,"hostname":"preethika","requestId":"24426f78-9e8c-4964-aa35-140da516d0f4","method":"POST","url":"/api/match?random=0.6078780891113449","statusCode":200,"executionTimeMs":13308.63,"cacheStatus":"miss","filterParams":{},"paginationParams":{}}
{"level":30,"time":1781034467739,"pid":39232,"hostname":"preethika","requestId":"c2f1c22c-ca2f-4564-9972-0c6c597b3d63","method":"POST","url":"/api/match?random=0.08563125873929556","statusCode":200,"executionTimeMs":13290.89,"cacheStatus":"miss","filterParams":{},"paginationParams":{}}
{"level":30,"time":1781034467753,"pid":39232,"hostname":"preethika","requestId":"53d546e5-f965-487e-9805-b54290bb1e42","method":"POST","url":"/api/match?random=0.962015074288221","statusCode":200,"executionTimeMs":13289.38,"cacheStatus":"miss","filterParams":{},"paginationParams":{}}
{"level":30,"time":1781034467764,"pid":39232,"hostname":"preethika","requestId":"dba8370c-2d10-4b5a-b9ea-ced14c99f4a7","method":"POST","url":"/api/match?random=0.11101631059657957","statusCode":200,"executionTimeMs":13299.42,"cacheStatus":"miss","filterParams":{},"paginationParams":{}}
{"level":30,"time":1781034467773,"pid":39232,"hostname":"preethika","requestId":"acb80951-c97b-4ba6-b4d6-283bc228f997","method":"POST","url":"/api/match?random=0.9622144772855334","statusCode":200,"executionTimeMs":13354.14,"cacheStatus":"miss","filterParams":{},"paginationParams":{}}
{"level":30,"time":1781034467783,"pid":39232,"hostname":"preethika","requestId":"86d064dc-5b9f-40fd-95fe-c727e597878a","method":"POST","url":"/api/match?random=0.7261541126968636","statusCode":200,"executionTimeMs":13294.17,"cacheStatus":"miss","filterParams":{},"paginationParams":{}}
{"level":30,"time":1781034467797,"pid":39232,"hostname":"preethika","requestId":"2b331437-ec7c-42e3-9fdb-f8ee004c78be","method":"POST","url":"/api/match?random=0.6474223807151103","statusCode":200,"executionTimeMs":13324.74,"cacheStatus":"miss","filterParams":{},"paginationParams":{}}
{"level":30,"time":1781034467812,"pid":39232,"hostname":"preethika","requestId":"d476ecc9-87c4-4b5d-a85b-438296406000","method":"POST","url":"/api/match?random=0.3165764547550709","statusCode":200,"executionTimeMs":13330.34,"cacheStatus":"miss","filterParams":{},"paginationParams":{}}
{"level":30,"time":1781034467820,"pid":39232,"hostname":"preethika","requestId":"58e12023-138c-4606-8c01-51ae79784b40","method":"POST","url":"/api/match?random=0.5216495978162952","statusCode":200,"executionTimeMs":13423.52,"cacheStatus":"miss","filterParams":{},"paginationParams":{}}
{"level":30,"time":1781034467876,"pid":39232,"hostname":"preethika","requestId":"188ab657-8b79-4303-b883-f7b3d01ae8eb","method":"POST","url":"/api/match?random=0.4981443479147718","statusCode":200,"executionTimeMs":13454.68,"cacheStatus":"miss","filterParams":{},"paginationParams":{}}
{"level":30,"time":1781034467902,"pid":39232,"hostname":"preethika","requestId":"bb8a9846-f394-4f96-8529-22474304b400","method":"POST","url":"/api/match?random=0.2931086347369265","statusCode":200,"executionTimeMs":13414.71,"cacheStatus":"miss","filterParams":{},"paginationParams":{}}
{"level":30,"time":1781034468024,"pid":39232,"hostname":"preethika","requestId":"7ab98571-95a0-44e4-810d-a9f56fe60c05","method":"POST","url":"/api/match?random=0.30977350802942216","statusCode":200,"executionTimeMs":13586.74,"cacheStatus":"miss","filterParams":{},"paginationParams":{}}
{"level":30,"time":1781034468046,"pid":39232,"hostname":"preethika","requestId":"0b807af8-cb4b-4871-b7c1-a6b92d7686cb","method":"POST","url":"/api/match?random=0.7158167736790328","statusCode":200,"executionTimeMs":13579.93,"cacheStatus":"miss","filterParams":{},"paginationParams":{}}
{"level":30,"time":1781034468145,"pid":39232,"hostname":"preethika","requestId":"0aa5cab9-077a-49ee-a593-9b987890a667","method":"POST","url":"/api/match?random=0.7849414375693147","statusCode":200,"executionTimeMs":13679.06,"cacheStatus":"miss","filterParams":{},"paginationParams":{}}
{"level":30,"time":1781034468168,"pid":39232,"hostname":"preethika","requestId":"23e0f43d-3bc6-4dcc-b1dc-b807c8cc0315","method":"POST","url":"/api/match?random=0.7933354943927633","statusCode":200,"executionTimeMs":13718.8,"cacheStatus":"miss","filterParams":{},"paginationParams":{}}
{"level":30,"time":1781034468197,"pid":39232,"hostname":"preethika","requestId":"20a05100-c1a5-4177-aa1c-32e790a1a258","method":"POST","url":"/api/match?random=0.19808596396939326","statusCode":200,"executionTimeMs":13726.17,"cacheStatus":"miss","filterParams":{},"paginationParams":{}}
{"level":30,"time":1781034468302,"pid":39232,"hostname":"preethika","requestId":"ac1964e6-1a38-423e-b6e7-1b3777189edf","method":"POST","url":"/api/match?random=0.7210682788663789","statusCode":200,"executionTimeMs":13816.48,"cacheStatus":"miss","filterParams":{},"paginationParams":{}}
{"level":30,"time":1781034468350,"pid":39232,"hostname":"preethika","requestId":"21aa81cc-89f5-46cf-9345-71c6bacff23c","method":"POST","url":"/api/match?random=0.1167428185364785","statusCode":200,"executionTimeMs":13921.65,"cacheStatus":"miss","filterParams":{},"paginationParams":{}}
{"level":30,"time":1781034473775,"pid":39232,"hostname":"preethika","requestId":"0613227a-8043-4859-bdc5-f6493eac999a","method":"POST","url":"/api/match?random=0.05711057817717635","statusCode":200,"executionTimeMs":19284.19,"cacheStatus":"miss","filterParams":{},"paginationParams":{}}
{"level":30,"time":1781034476666,"pid":39232,"hostname":"preethika","requestId":"37a912de-a9fd-444b-9c07-22cfaec45018","method":"POST","url":"/api/match?random=0.6864024642128617","statusCode":200,"executionTimeMs":1.9,"cacheStatus":"hit","filterParams":{},"paginationParams":{}}
{"level":30,"time":1781034476669,"pid":39232,"hostname":"preethika","requestId":"004ed435-f997-4497-b709-ced7c44bd9aa","method":"POST","url":"/api/match?random=0.47072504568389717","statusCode":200,"executionTimeMs":1.16,"cacheStatus":"hit","filterParams":{},"paginationParams":{}}
{"level":30,"time":1781034477115,"pid":39232,"hostname":"preethika","requestId":"5a02ccad-5ed3-44a7-9c9c-15aa9c9953bd","method":"POST","url":"/api/match?random=0.8064998452015331","statusCode":200,"executionTimeMs":1.27,"cacheStatus":"hit","filterParams":{},"paginationParams":{}}
{"level":30,"time":1781034484069,"pid":39232,"hostname":"preethika","requestId":"0787afd7-82ae-4491-a2e4-61f5d53cadad","method":"POST","url":"/api/match?random=0.21992721759941536","statusCode":200,"executionTimeMs":8216.18,"cacheStatus":"miss","filterParams":{},"paginationParams":{}}
{"level":30,"time":1781034519467,"pid":39232,"hostname":"preethika","requestId":"8c06586c-c5fc-4892-863b-130ec53241e6","method":"POST","url":"/api/match?random=0.014725624129253712","statusCode":200,"executionTimeMs":43251.92,"cacheStatus":"miss","filterParams":{},"paginationParams":{}}
{"level":30,"time":1781034519801,"pid":39232,"hostname":"preethika","requestId":"f4f30bae-e69d-4635-bee1-94f01a5c0e40","method":"POST","url":"/api/match?random=0.4021080525760008","statusCode":200,"executionTimeMs":43621.09,"cacheStatus":"miss","filterParams":{},"paginationParams":{}}
{"level":30,"time":1781034520437,"pid":39232,"hostname":"preethika","requestId":"dda45163-2836-4f2e-8ea3-ad1762de23a4","method":"POST","url":"/api/match?random=0.725098318366711","statusCode":200,"executionTimeMs":44145.87,"cacheStatus":"miss","filterParams":{},"paginationParams":{}}
{"level":30,"time":1781034520569,"pid":39232,"hostname":"preethika","requestId":"7a8635b2-c542-4cf2-b2f8-e015fa3b8609","method":"POST","url":"/api/match?random=0.6480392249722016","statusCode":200,"executionTimeMs":44418.77,"cacheStatus":"miss","filterParams":{},"paginationParams":{}}
{"level":30,"time":1781034520602,"pid":39232,"hostname":"preethika","requestId":"b30d9fe8-e3f8-4495-87d3-8cc52052dba0","method":"POST","url":"/api/match?random=0.02577890611637912","statusCode":200,"executionTimeMs":44425.99,"cacheStatus":"miss","filterParams":{},"paginationParams":{}}
{"level":30,"time":1781034520974,"pid":39232,"hostname":"preethika","requestId":"72527233-7104-454f-af9d-57d697413fce","method":"POST","url":"/api/match?random=0.4319448871006448","statusCode":200,"executionTimeMs":44657.66,"cacheStatus":"miss","filterParams":{},"paginationParams":{}}
{"level":30,"time":1781034520989,"pid":39232,"hostname":"preethika","requestId":"8415b22c-5605-40bf-b05f-8f0c32fbf7a4","method":"POST","url":"/api/match?random=0.8047656979306739","statusCode":200,"executionTimeMs":44729.91,"cacheStatus":"miss","filterParams":{},"paginationParams":{}}
{"level":30,"time":1781034521054,"pid":39232,"hostname":"preethika","requestId":"8538685b-399d-45f9-b4d7-311f4ef0bc7a","method":"POST","url":"/api/match?random=0.9003663218751741","statusCode":200,"executionTimeMs":44773.18,"cacheStatus":"miss","filterParams":{},"paginationParams":{}}
{"level":30,"time":1781034521066,"pid":39232,"hostname":"preethika","requestId":"8ae0d2c2-b652-4468-8c76-b978494c4cf5","method":"POST","url":"/api/match?random=0.451659058214821","statusCode":200,"executionTimeMs":44869.12,"cacheStatus":"miss","filterParams":{},"paginationParams":{}}
{"level":30,"time":1781034521423,"pid":39232,"hostname":"preethika","requestId":"9aa9fe7d-81c4-4de4-87ec-128fca07f4ce","method":"POST","url":"/api/match?random=0.47109125017222464","statusCode":200,"executionTimeMs":45288.96,"cacheStatus":"miss","filterParams":{},"paginationParams":{}}
{"level":30,"time":1781034521437,"pid":39232,"hostname":"preethika","requestId":"a6aa4e95-21d0-4f63-8ab5-2e9a1ca705e2","method":"POST","url":"/api/match?random=0.3879636278247116","statusCode":200,"executionTimeMs":45244.63,"cacheStatus":"miss","filterParams":{},"paginationParams":{}}
{"level":30,"time":1781034521492,"pid":39232,"hostname":"preethika","requestId":"a29ad1ee-3bbd-4dd4-92b5-fdb5516148d0","method":"POST","url":"/api/match?random=0.158183399412952","statusCode":200,"executionTimeMs":45289.11,"cacheStatus":"miss","filterParams":{},"paginationParams":{}}
{"level":30,"time":1781034521539,"pid":39232,"hostname":"preethika","requestId":"882a35cd-e56e-4305-8c80-0d397a1f4daf","method":"POST","url":"/api/match?random=0.611316201429853","statusCode":200,"executionTimeMs":45378.58,"cacheStatus":"miss","filterParams":{},"paginationParams":{}}
{"level":30,"time":1781034521580,"pid":39232,"hostname":"preethika","requestId":"7c5ca299-5b21-4e0c-9dd7-dcf1875f86fa","method":"POST","url":"/api/match?random=0.3291408408735004","statusCode":200,"executionTimeMs":45371.06,"cacheStatus":"miss","filterParams":{},"paginationParams":{}}
{"level":30,"time":1781034521738,"pid":39232,"hostname":"preethika","requestId":"1bdca60c-6811-463b-9671-286f5b3700ef","method":"POST","url":"/api/match?random=0.7988162932216776","statusCode":200,"executionTimeMs":45607.92,"cacheStatus":"miss","filterParams":{},"paginationParams":{}}
{"level":30,"time":1781034522014,"pid":39232,"hostname":"preethika","requestId":"18d0b994-d7db-4741-838e-0d1bb48bdb18","method":"POST","url":"/api/match?random=0.15014707689185247","statusCode":200,"executionTimeMs":45801.44,"cacheStatus":"miss","filterParams":{},"paginationParams":{}}
{"level":30,"time":1781034522299,"pid":39232,"hostname":"preethika","requestId":"7dd851c3-ab73-4349-a14d-49da229a94f5","method":"POST","url":"/api/match?random=0.7320055120297233","statusCode":200,"executionTimeMs":46156.88,"cacheStatus":"miss","filterParams":{},"paginationParams":{}}
{"level":30,"time":1781034522376,"pid":39232,"hostname":"preethika","requestId":"45b47473-66c9-4665-9dc6-090a19d29ac4","method":"POST","url":"/api/match?random=0.41818722577065803","statusCode":200,"executionTimeMs":46057.41,"cacheStatus":"miss","filterParams":{},"paginationParams":{}}
{"level":30,"time":1781034522464,"pid":39232,"hostname":"preethika","requestId":"199161cd-53d8-45a4-84f8-8976eaa7d452","method":"POST","url":"/api/match?random=0.37630693884604804","statusCode":200,"executionTimeMs":46246.21,"cacheStatus":"miss","filterParams":{},"paginationParams":{}}
{"level":30,"time":1781034522477,"pid":39232,"hostname":"preethika","requestId":"418b3c52-f26e-4bf5-bed5-dacf1fa7cdb3","method":"POST","url":"/api/match?random=0.37742187234224667","statusCode":200,"executionTimeMs":46187.08,"cacheStatus":"miss","filterParams":{},"paginationParams":{}}
{"level":30,"time":1781034522494,"pid":39232,"hostname":"preethika","requestId":"ed3e6dda-7c5e-4e24-ac88-3730cfa3676a","method":"POST","url":"/api/match?random=0.46726410201270463","statusCode":200,"executionTimeMs":46356.13,"cacheStatus":"miss","filterParams":{},"paginationParams":{}}
{"level":30,"time":1781034522539,"pid":39232,"hostname":"preethika","requestId":"ec7ac003-71f6-4024-8d62-56cef91f4604","method":"POST","url":"/api/match?random=0.9909302779168363","statusCode":200,"executionTimeMs":46306.81,"cacheStatus":"miss","filterParams":{},"paginationParams":{}}
{"level":30,"time":1781034522552,"pid":39232,"hostname":"preethika","requestId":"2b06ddd6-9916-4e0b-94d9-128e57744866","method":"POST","url":"/api/match?random=0.8356787280717819","statusCode":200,"executionTimeMs":46424.25,"cacheStatus":"miss","filterParams":{},"paginationParams":{}}
{"level":30,"time":1781034522577,"pid":39232,"hostname":"preethika","requestId":"6c32c8d0-be44-4f9b-b635-3ec03baf0af2","method":"POST","url":"/api/match?random=0.11964378715250201","statusCode":200,"executionTimeMs":46355.32,"cacheStatus":"miss","filterParams":{},"paginationParams":{}}
{"level":30,"time":1781034522591,"pid":39232,"hostname":"preethika","requestId":"bcdc36ab-6f02-4681-8ce2-e93084f23ba2","method":"POST","url":"/api/match?random=0.07308642023735779","statusCode":200,"executionTimeMs":46417.37,"cacheStatus":"miss","filterParams":{},"paginationParams":{}}
{"level":30,"time":1781034522633,"pid":39232,"hostname":"preethika","requestId":"4551e0e4-b959-4af6-b433-a2535004f932","method":"POST","url":"/api/match?random=0.9680946467705094","statusCode":200,"executionTimeMs":46330.12,"cacheStatus":"miss","filterParams":{},"paginationParams":{}}
{"level":30,"time":1781101758297,"pid":27420,"hostname":"preethika","requestId":"55a0777b-1220-4f2f-97b8-1c280f98e8bc","method":"POST","url":"/api/match?random=0.45168248693622526","statusCode":200,"executionTimeMs":1201.94,"cacheStatus":"miss","filterParams":{},"paginationParams":{}}
{"level":30,"time":1781101758360,"pid":27420,"hostname":"preethika","requestId":"a5c836b8-10bc-4fc1-9518-799e5ff2eb44","method":"POST","url":"/api/match?random=0.47005410550194515","statusCode":200,"executionTimeMs":1262.38,"cacheStatus":"miss","filterParams":{},"paginationParams":{}}
{"level":30,"time":1781101759270,"pid":27420,"hostname":"preethika","requestId":"d4215d6e-913a-4282-9b61-a306b157854d","method":"POST","url":"/api/match?random=0.7564884353839767","statusCode":429,"executionTimeMs":1.49,"cacheStatus":"n/a","filterParams":{},"paginationParams":{}}
{"level":30,"time":1781101759272,"pid":27420,"hostname":"preethika","requestId":"8e118211-9fb0-4501-8898-6c9ffe24acc2","method":"POST","url":"/api/match?random=0.9660277772454839","statusCode":429,"executionTimeMs":1,"cacheStatus":"n/a","filterParams":{},"paginationParams":{}}
{"level":30,"time":1781101759274,"pid":27420,"hostname":"preethika","requestId":"08f2dea6-b939-497b-81cc-3b7d284e507f","method":"POST","url":"/api/match?random=0.9911616989345415","statusCode":429,"executionTimeMs":1,"cacheStatus":"n/a","filterParams":{},"paginationParams":{}}
{"level":30,"time":1781101759275,"pid":27420,"hostname":"preethika","requestId":"d0b0031f-5958-45f5-bcb7-7644dd206bf3","method":"POST","url":"/api/match?random=0.7182672056912134","statusCode":429,"executionTimeMs":0.71,"cacheStatus":"n/a","filterParams":{},"paginationParams":{}}
{"level":30,"time":1781101759276,"pid":27420,"hostname":"preethika","requestId":"8f49cee2-a1e6-49fb-b8d6-a8409e57bfd8","method":"POST","url":"/api/match?random=0.5965838041292679","statusCode":429,"executionTimeMs":0.82,"cacheStatus":"n/a","filterParams":{},"paginationParams":{}}
{"level":30,"time":1781101759278,"pid":27420,"hostname":"preethika","requestId":"ac474d7b-90c5-4549-8616-e55066ccd9e6","method":"POST","url":"/api/match?random=0.3088290737351955","statusCode":429,"executionTimeMs":0.73,"cacheStatus":"n/a","filterParams":{},"paginationParams":{}}
{"level":30,"time":1781101759279,"pid":27420,"hostname":"preethika","requestId":"27869b91-a717-4f8b-b63d-394efc6b72f4","method":"POST","url":"/api/match?random=0.37664938633024425","statusCode":429,"executionTimeMs":0.92,"cacheStatus":"n/a","filterParams":{},"paginationParams":{}}
{"level":30,"time":1781101759281,"pid":27420,"hostname":"preethika","requestId":"bcd2fc72-944d-4ca0-8e35-f19b300824f8","method":"POST","url":"/api/match?random=0.6427267203938467","statusCode":429,"executionTimeMs":0.7,"cacheStatus":"n/a","filterParams":{},"paginationParams":{}}
{"level":30,"time":1781101759284,"pid":27420,"hostname":"preethika","requestId":"b993e1e1-992d-4845-9b9b-359ebebedbb1","method":"POST","url":"/api/match?random=0.08761369585191736","statusCode":429,"executionTimeMs":1.04,"cacheStatus":"n/a","filterParams":{},"paginationParams":{}}
{"level":30,"time":1781101759292,"pid":27420,"hostname":"preethika","requestId":"b53c2080-a17e-4fc2-8d9c-036edf4e0530","method":"POST","url":"/api/match?random=0.41355607767841307","statusCode":429,"executionTimeMs":7.32,"cacheStatus":"n/a","filterParams":{},"paginationParams":{}}
{"level":30,"time":1781101759294,"pid":27420,"hostname":"preethika","requestId":"097548b3-7bd1-4266-bdf6-75a50279289d","method":"POST","url":"/api/match?random=0.8188454625351351","statusCode":429,"executionTimeMs":1.06,"cacheStatus":"n/a","filterParams":{},"paginationParams":{}}
{"level":30,"time":1781101759295,"pid":27420,"hostname":"preethika","requestId":"92888945-82d1-4d85-abb4-9d3f073bec7d","method":"POST","url":"/api/match?random=0.8237009022031849","statusCode":429,"executionTimeMs":0.94,"cacheStatus":"n/a","filterParams":{},"paginationParams":{}}
{"level":30,"time":1781101759297,"pid":27420,"hostname":"preethika","requestId":"3b2407de-9673-488b-8fec-1fb42ba2bfda","method":"POST","url":"/api/match?random=0.36208711080574973","statusCode":429,"executionTimeMs":0.99,"cacheStatus":"n/a","filterParams":{},"paginationParams":{}}
{"level":30,"time":1781101759298,"pid":27420,"hostname":"preethika","requestId":"27ccd819-30c7-4966-870b-fe6250b9659f","method":"POST","url":"/api/match?random=0.7091868962969039","statusCode":429,"executionTimeMs":0.83,"cacheStatus":"n/a","filterParams":{},"paginationParams":{}}
{"level":30,"time":1781101759299,"pid":27420,"hostname":"preethika","requestId":"3cdab61a-e35b-40fd-a698-905d1291b621","method":"POST","url":"/api/match?random=0.5924684744209661","statusCode":429,"executionTimeMs":0.71,"cacheStatus":"n/a","filterParams":{},"paginationParams":{}}
{"level":30,"time":1781101759301,"pid":27420,"hostname":"preethika","requestId":"d124c8f6-fa48-496a-996c-77e1cdd39054","method":"POST","url":"/api/match?random=0.2305489851398166","statusCode":429,"executionTimeMs":0.72,"cacheStatus":"n/a","filterParams":{},"paginationParams":{}}
{"level":30,"time":1781101759302,"pid":27420,"hostname":"preethika","requestId":"e807e753-07ed-407c-8ba8-88a3adc6ea91","method":"POST","url":"/api/match?random=0.316914271116306","statusCode":429,"executionTimeMs":0.7,"cacheStatus":"n/a","filterParams":{},"paginationParams":{}}
{"level":30,"time":1781101759303,"pid":27420,"hostname":"preethika","requestId":"c344abbc-2c8c-498d-9997-b49cb8736905","method":"POST","url":"/api/match?random=0.6913358005208461","statusCode":429,"executionTimeMs":0.72,"cacheStatus":"n/a","filterParams":{},"paginationParams":{}}
{"level":30,"time":1781101759304,"pid":27420,"hostname":"preethika","requestId":"edef0f84-454e-4a96-a5fa-9a6f66be92c1","method":"POST","url":"/api/match?random=0.051383551775789016","statusCode":429,"executionTimeMs":0.7,"cacheStatus":"n/a","filterParams":{},"paginationParams":{}}
{"level":30,"time":1781101759306,"pid":27420,"hostname":"preethika","requestId":"3fa47ea0-d710-4992-9901-8571c1ea9657","method":"POST","url":"/api/match?random=0.7116671214790316","statusCode":429,"executionTimeMs":0.82,"cacheStatus":"n/a","filterParams":{},"paginationParams":{}}
{"level":30,"time":1781101759307,"pid":27420,"hostname":"preethika","requestId":"fdfd89ee-683f-41e8-9f2a-4faef7e12e25","method":"POST","url":"/api/match?random=0.9934773081169712","statusCode":429,"executionTimeMs":0.68,"cacheStatus":"n/a","filterParams":{},"paginationParams":{}}
{"level":30,"time":1781101759308,"pid":27420,"hostname":"preethika","requestId":"3e990ec2-53cf-4c30-b6f4-6fccd0777658","method":"POST","url":"/api/match?random=0.3968415580577551","statusCode":429,"executionTimeMs":0.55,"cacheStatus":"n/a","filterParams":{},"paginationParams":{}}
{"level":30,"time":1781101759309,"pid":27420,"hostname":"preethika","requestId":"b8e50c86-57ef-4880-ba38-af54f5ff9eb5","method":"POST","url":"/api/match?random=0.8701726911763041","statusCode":429,"executionTimeMs":0.5,"cacheStatus":"n/a","filterParams":{},"paginationParams":{}}
{"level":30,"time":1781101759310,"pid":27420,"hostname":"preethika","requestId":"999df5f7-fdce-4495-b252-152cb08007a1","method":"POST","url":"/api/match?random=0.9777195797719835","statusCode":429,"executionTimeMs":0.55,"cacheStatus":"n/a","filterParams":{},"paginationParams":{}}
{"level":30,"time":1781101759312,"pid":27420,"hostname":"preethika","requestId":"e5e300bc-3e34-45a1-b577-a8b8bdb642d3","method":"POST","url":"/api/match?random=0.0911482299250479","statusCode":429,"executionTimeMs":0.68,"cacheStatus":"n/a","filterParams":{},"paginationParams":{}}
{"level":30,"time":1781101759314,"pid":27420,"hostname":"preethika","requestId":"2a430595-12dc-4719-80ee-cfaf54a4cc8a","method":"POST","url":"/api/match?random=0.27094588865238367","statusCode":429,"executionTimeMs":0.91,"cacheStatus":"n/a","filterParams":{},"paginationParams":{}}
{"level":30,"time":1781101759315,"pid":27420,"hostname":"preethika","requestId":"1eed1791-45a2-4513-8593-b824aa2aa06c","method":"POST","url":"/api/match?random=0.5362590379186325","statusCode":429,"executionTimeMs":0.86,"cacheStatus":"n/a","filterParams":{},"paginationParams":{}}
{"level":30,"time":1781101759317,"pid":27420,"hostname":"preethika","requestId":"f8fa6e94-129b-4175-8470-396cde148deb","method":"POST","url":"/api/match?random=0.5894062574670487","statusCode":429,"executionTimeMs":0.85,"cacheStatus":"n/a","filterParams":{},"paginationParams":{}}
{"level":30,"time":1781101759318,"pid":27420,"hostname":"preethika","requestId":"3a803aca-cfeb-448e-92e7-838ce9a7e0cc","method":"POST","url":"/api/match?random=0.6357120275063968","statusCode":429,"executionTimeMs":0.65,"cacheStatus":"n/a","filterParams":{},"paginationParams":{}}
{"level":30,"time":1781101759319,"pid":27420,"hostname":"preethika","requestId":"534e0768-daec-41a7-8249-94bfa31f6eca","method":"POST","url":"/api/match?random=0.07390123261310189","statusCode":429,"executionTimeMs":0.53,"cacheStatus":"n/a","filterParams":{},"paginationParams":{}}
{"level":30,"time":1781101759320,"pid":27420,"hostname":"preethika","requestId":"2875303f-d8cf-44c8-89d1-8941efe57423","method":"POST","url":"/api/match?random=0.6036973786098896","statusCode":429,"executionTimeMs":0.49,"cacheStatus":"n/a","filterParams":{},"paginationParams":{}}
{"level":30,"time":1781101759323,"pid":27420,"hostname":"preethika","requestId":"c9dc92d2-5d1e-4d5c-b4da-44c642d401bf","method":"POST","url":"/api/match?random=0.4990161226269689","statusCode":429,"executionTimeMs":0.78,"cacheStatus":"n/a","filterParams":{},"paginationParams":{}}
{"level":30,"time":1781101759324,"pid":27420,"hostname":"preethika","requestId":"095a84cf-9751-4083-bf16-92bd335dee4a","method":"POST","url":"/api/match?random=0.8826126207532521","statusCode":429,"executionTimeMs":0.56,"cacheStatus":"n/a","filterParams":{},"paginationParams":{}}
{"level":30,"time":1781101759325,"pid":27420,"hostname":"preethika","requestId":"0b53dfa9-2c17-4be9-867b-073a018653a5","method":"POST","url":"/api/match?random=0.7613235000537506","statusCode":429,"executionTimeMs":0.51,"cacheStatus":"n/a","filterParams":{},"paginationParams":{}}
{"level":30,"time":1781101759326,"pid":27420,"hostname":"preethika","requestId":"c4252573-f6c6-4f99-bcb6-6febc2328979","method":"POST","url":"/api/match?random=0.5949426799927826","statusCode":429,"executionTimeMs":0.73,"cacheStatus":"n/a","filterParams":{},"paginationParams":{}}
{"level":30,"time":1781101759327,"pid":27420,"hostname":"preethika","requestId":"1734107b-3f58-419b-bd63-2f23188445f4","method":"POST","url":"/api/match?random=0.40888849584086384","statusCode":429,"executionTimeMs":0.56,"cacheStatus":"n/a","filterParams":{},"paginationParams":{}}
{"level":30,"time":1781101759328,"pid":27420,"hostname":"preethika","requestId":"9c36e1f1-c789-4c74-a3f8-60e343dc54b0","method":"POST","url":"/api/match?random=0.22607410749070622","statusCode":429,"executionTimeMs":0.53,"cacheStatus":"n/a","filterParams":{},"paginationParams":{}}
{"level":30,"time":1781101759329,"pid":27420,"hostname":"preethika","requestId":"5f8a9974-6eaa-4cee-abd1-2da997fdc69d","method":"POST","url":"/api/match?random=0.7374488998905606","statusCode":429,"executionTimeMs":0.56,"cacheStatus":"n/a","filterParams":{},"paginationParams":{}}
{"level":30,"time":1781101759330,"pid":27420,"hostname":"preethika","requestId":"52fd8244-6902-4eff-9a77-efb020a59c56","method":"POST","url":"/api/match?random=0.3926592762489929","statusCode":429,"executionTimeMs":0.82,"cacheStatus":"n/a","filterParams":{},"paginationParams":{}}
{"level":30,"time":1781101759788,"pid":27420,"hostname":"preethika","requestId":"e5024f05-d1ff-4fb5-9101-2a97a678412d","method":"POST","url":"/api/match?random=0.5207261752009944","statusCode":429,"executionTimeMs":1.07,"cacheStatus":"n/a","filterParams":{},"paginationParams":{}}
{"level":30,"time":1781101760104,"pid":27420,"hostname":"preethika","requestId":"b6168471-8d11-485c-84f0-a71dba0887f9","method":"POST","url":"/api/match?random=0.7739280391186256","statusCode":200,"executionTimeMs":3018.7,"cacheStatus":"miss","filterParams":{},"paginationParams":{}}
{"level":30,"time":1781101761688,"pid":27420,"hostname":"preethika","requestId":"4bb2d916-d680-4e86-90a3-2d8dc9b221a2","method":"POST","url":"/api/match?random=0.09488380637403537","statusCode":200,"executionTimeMs":3894.05,"cacheStatus":"miss","filterParams":{},"paginationParams":{}}
{"level":30,"time":1781101762892,"pid":27420,"hostname":"preethika","requestId":"73c5e524-6ed8-4f34-bdd9-65602dd2cbc5","method":"POST","url":"/api/match?random=0.01825045015856297","statusCode":200,"executionTimeMs":4364.33,"cacheStatus":"miss","filterParams":{},"paginationParams":{}}
{"level":30,"time":1781101763459,"pid":27420,"hostname":"preethika","requestId":"61245d76-f518-4938-b11f-3736e14bcfa0","method":"POST","url":"/api/match?random=0.7758887820386078","statusCode":200,"executionTimeMs":4925.03,"cacheStatus":"miss","filterParams":{},"paginationParams":{}}
{"level":30,"time":1781101763839,"pid":27420,"hostname":"preethika","requestId":"32e303bc-3755-4252-a361-1f2112b6bdf0","method":"POST","url":"/api/match?random=0.8602534815854164","statusCode":200,"executionTimeMs":6052.09,"cacheStatus":"miss","filterParams":{},"paginationParams":{}}
{"level":30,"time":1781101763857,"pid":27420,"hostname":"preethika","requestId":"8c20ce96-3ce0-4ecc-8e72-2dffd64aefc0","method":"POST","url":"/api/match?random=0.6244850245891882","statusCode":200,"executionTimeMs":5314.99,"cacheStatus":"miss","filterParams":{},"paginationParams":{}}
{"level":30,"time":1781101763978,"pid":27420,"hostname":"preethika","requestId":"6284598c-f01d-4d1a-9f4b-207ccfec8cc8","method":"POST","url":"/api/match?random=0.25216479352937804","statusCode":200,"executionTimeMs":5425.66,"cacheStatus":"miss","filterParams":{},"paginationParams":{}}
{"level":30,"time":1781101763992,"pid":27420,"hostname":"preethika","requestId":"2616527a-a381-4a94-affc-b32e4440520f","method":"POST","url":"/api/match?random=0.7187533159142301","statusCode":200,"executionTimeMs":6200.45,"cacheStatus":"miss","filterParams":{},"paginationParams":{}}
{"level":30,"time":1781101764015,"pid":27420,"hostname":"preethika","requestId":"ef059991-37e5-4155-9af5-dd56fe471e32","method":"POST","url":"/api/match?random=0.19188099325032737","statusCode":200,"executionTimeMs":5464.2,"cacheStatus":"miss","filterParams":{},"paginationParams":{}}
{"level":30,"time":1781101764119,"pid":27420,"hostname":"preethika","requestId":"6e07c0c1-fa09-49ae-8623-b1660713cf6d","method":"POST","url":"/api/match?random=0.4457482436013416","statusCode":200,"executionTimeMs":5573.45,"cacheStatus":"miss","filterParams":{},"paginationParams":{}}
{"level":30,"time":1781101764213,"pid":27420,"hostname":"preethika","requestId":"5a25c575-9f21-4b17-85ec-c023b6964774","method":"POST","url":"/api/match?random=0.11320166013816912","statusCode":200,"executionTimeMs":6428.6,"cacheStatus":"miss","filterParams":{},"paginationParams":{}}
{"level":30,"time":1781101764377,"pid":27420,"hostname":"preethika","requestId":"02b57459-dc73-461f-8138-f5b67f626e87","method":"POST","url":"/api/match?random=0.6238402545916599","statusCode":200,"executionTimeMs":5811.62,"cacheStatus":"miss","filterParams":{},"paginationParams":{}}
{"level":30,"time":1781101764631,"pid":27420,"hostname":"preethika","requestId":"eb0f639f-4b89-4d95-b126-ed6bb5976a7b","method":"POST","url":"/api/match?random=0.809053554029552","statusCode":200,"executionTimeMs":6068.79,"cacheStatus":"miss","filterParams":{},"paginationParams":{}}
{"level":30,"time":1781101764656,"pid":27420,"hostname":"preethika","requestId":"98c89951-e601-45c3-a214-d5fbfdb63ff0","method":"POST","url":"/api/match?random=0.017649566933620076","statusCode":200,"executionTimeMs":6115.61,"cacheStatus":"miss","filterParams":{},"paginationParams":{}}
{"level":30,"time":1781101764706,"pid":27420,"hostname":"preethika","requestId":"86d8cec7-576f-4278-96c3-f6cfa8bf5256","method":"POST","url":"/api/match?random=0.9652180068563192","statusCode":200,"executionTimeMs":6173.77,"cacheStatus":"miss","filterParams":{},"paginationParams":{}}
{"level":30,"time":1781101764720,"pid":27420,"hostname":"preethika","requestId":"c789161e-6821-4ac2-9534-0bcd76ff4d65","method":"POST","url":"/api/match?random=0.623401425049777","statusCode":200,"executionTimeMs":6184.06,"cacheStatus":"miss","filterParams":{},"paginationParams":{}}
{"level":30,"time":1781101764741,"pid":27420,"hostname":"preethika","requestId":"e3bc423b-0077-49b1-a820-bd202198c0ee","method":"POST","url":"/api/match?random=0.594021545368564","statusCode":200,"executionTimeMs":6184.47,"cacheStatus":"miss","filterParams":{},"paginationParams":{}}
{"level":30,"time":1781101764800,"pid":27420,"hostname":"preethika","requestId":"d4570f2f-6e35-4bb8-bea3-0b0c5962a136","method":"POST","url":"/api/match?random=0.3720650227980009","statusCode":200,"executionTimeMs":5788.64,"cacheStatus":"miss","filterParams":{},"paginationParams":{}}
{"level":30,"time":1781101764901,"pid":27420,"hostname":"preethika","requestId":"621f8f5e-c904-4799-84eb-aed2081e3cfa","method":"POST","url":"/api/match?random=0.5240938176269268","statusCode":200,"executionTimeMs":6353.87,"cacheStatus":"miss","filterParams":{},"paginationParams":{}}
{"level":30,"time":1781101764990,"pid":27420,"hostname":"preethika","requestId":"e0e47ff3-61b2-4d78-b21e-8562c4f1b601","method":"POST","url":"/api/match?random=0.6278407427571555","statusCode":200,"executionTimeMs":5976.13,"cacheStatus":"miss","filterParams":{},"paginationParams":{}}
{"level":30,"time":1781101765043,"pid":27420,"hostname":"preethika","requestId":"2b06a634-8873-4b08-8bd0-2fe0055a9060","method":"POST","url":"/api/match?random=0.5578258641732887","statusCode":200,"executionTimeMs":7541.65,"cacheStatus":"miss","filterParams":{},"paginationParams":{}}
{"level":30,"time":1781101765140,"pid":27420,"hostname":"preethika","requestId":"1bbe1555-81f2-4d42-8c10-af37c732c5e4","method":"POST","url":"/api/match?random=0.5123068743693169","statusCode":200,"executionTimeMs":6585.85,"cacheStatus":"miss","filterParams":{},"paginationParams":{}}
{"level":30,"time":1781101765184,"pid":27420,"hostname":"preethika","requestId":"c3958f41-3d0b-45c6-b0b8-b4d35c2cc51a","method":"POST","url":"/api/match?random=0.21001664425505195","statusCode":200,"executionTimeMs":6619.34,"cacheStatus":"miss","filterParams":{},"paginationParams":{}}
{"level":30,"time":1781101765302,"pid":27420,"hostname":"preethika","requestId":"b33e2141-77d9-4be9-b7e3-b16052c832c6","method":"POST","url":"/api/match?random=0.9405442177741645","statusCode":200,"executionTimeMs":6275.26,"cacheStatus":"miss","filterParams":{},"paginationParams":{}}
{"level":30,"time":1781101765406,"pid":27420,"hostname":"preethika","requestId":"b5c2c00a-fcd3-488c-b404-a6d52c66cdbe","method":"POST","url":"/api/match?random=0.9693963202977065","statusCode":200,"executionTimeMs":6381.51,"cacheStatus":"miss","filterParams":{},"paginationParams":{}}
{"level":30,"time":1781101765524,"pid":27420,"hostname":"preethika","requestId":"e0044e5b-2c47-4edb-8c97-89eb8c489fb9","method":"POST","url":"/api/match?random=0.8048496751406857","statusCode":200,"executionTimeMs":6985.2,"cacheStatus":"miss","filterParams":{},"paginationParams":{}}
{"level":30,"time":1781101765536,"pid":27420,"hostname":"preethika","requestId":"bee0d31c-b881-48bf-8b37-89ece9249c3a","method":"POST","url":"/api/match?random=0.21892717383595417","statusCode":200,"executionTimeMs":6523.37,"cacheStatus":"miss","filterParams":{},"paginationParams":{}}
{"level":30,"time":1781101765585,"pid":27420,"hostname":"preethika","requestId":"f4eceafb-5e5a-4ea0-b98a-4f5435d48185","method":"POST","url":"/api/match?random=0.8706420222360516","statusCode":200,"executionTimeMs":6575.47,"cacheStatus":"miss","filterParams":{},"paginationParams":{}}
{"level":30,"time":1781101765649,"pid":27420,"hostname":"preethika","requestId":"7ec6d5b3-69ab-41a7-8d29-bb053a4461d6","method":"POST","url":"/api/match?random=0.234417693691936","statusCode":200,"executionTimeMs":6397.63,"cacheStatus":"miss","filterParams":{},"paginationParams":{}}
{"level":30,"time":1781101765689,"pid":27420,"hostname":"preethika","requestId":"0e6a730c-a8e3-41db-8d3b-1e8fb4731d03","method":"POST","url":"/api/match?random=0.9009343793184525","statusCode":200,"executionTimeMs":7127.72,"cacheStatus":"miss","filterParams":{},"paginationParams":{}}
{"level":30,"time":1781101765705,"pid":27420,"hostname":"preethika","requestId":"2b0c1dd6-eee8-4966-9b1c-27b5c086dbf9","method":"POST","url":"/api/match?random=0.17666522021449382","statusCode":200,"executionTimeMs":7155.59,"cacheStatus":"miss","filterParams":{},"paginationParams":{}}
{"level":30,"time":1781101765728,"pid":27420,"hostname":"preethika","requestId":"722cdc87-959c-4451-9956-e9fa44d53260","method":"POST","url":"/api/match?random=0.3982874002488388","statusCode":200,"executionTimeMs":6695.67,"cacheStatus":"miss","filterParams":{},"paginationParams":{}}
{"level":30,"time":1781101765815,"pid":27420,"hostname":"preethika","requestId":"03ae17d0-b70b-4579-ba48-de7dc82a8f7a","method":"POST","url":"/api/match?random=0.09860731053941696","statusCode":200,"executionTimeMs":7256.51,"cacheStatus":"miss","filterParams":{},"paginationParams":{}}
{"level":30,"time":1781101765826,"pid":27420,"hostname":"preethika","requestId":"a8dc931e-8f85-4038-951e-8aebab8f24d8","method":"POST","url":"/api/match?random=0.24010241909399999","statusCode":200,"executionTimeMs":7259.91,"cacheStatus":"miss","filterParams":{},"paginationParams":{}}
{"level":30,"time":1781101765935,"pid":27420,"hostname":"preethika","requestId":"ddf478c5-0f6a-4911-ba2d-21b16af5e0c2","method":"POST","url":"/api/match?random=0.40069287741024007","statusCode":200,"executionTimeMs":6668.81,"cacheStatus":"miss","filterParams":{},"paginationParams":{}}
{"level":30,"time":1781101766002,"pid":27420,"hostname":"preethika","requestId":"603347b4-83c4-4602-bdb7-a712d6efe059","method":"POST","url":"/api/match?random=0.019663269732209665","statusCode":200,"executionTimeMs":7447.21,"cacheStatus":"miss","filterParams":{},"paginationParams":{}}
{"level":30,"time":1781101766033,"pid":27420,"hostname":"preethika","requestId":"883fb63c-be98-486a-b02d-90c5947cc33e","method":"POST","url":"/api/match?random=0.2009892971142906","statusCode":200,"executionTimeMs":7472.08,"cacheStatus":"miss","filterParams":{},"paginationParams":{}}
{"level":30,"time":1781101766045,"pid":27420,"hostname":"preethika","requestId":"3126a2ae-078c-4bb1-afbc-634a5872a8a0","method":"POST","url":"/api/match?random=0.2634168120249005","statusCode":200,"executionTimeMs":8255.68,"cacheStatus":"miss","filterParams":{},"paginationParams":{}}
{"level":30,"time":1781101766057,"pid":27420,"hostname":"preethika","requestId":"5406cfa5-6677-4d22-9d54-f611e44541d8","method":"POST","url":"/api/match?random=0.7062270602817033","statusCode":200,"executionTimeMs":7033.46,"cacheStatus":"miss","filterParams":{},"paginationParams":{}}
{"level":30,"time":1781101766227,"pid":27420,"hostname":"preethika","requestId":"a7b948df-7f58-4b49-a093-785f512ba292","method":"POST","url":"/api/match?random=0.27747426278357534","statusCode":200,"executionTimeMs":7212.36,"cacheStatus":"miss","filterParams":{},"paginationParams":{}}
{"level":30,"time":1781101766248,"pid":27420,"hostname":"preethika","requestId":"37dfbe0e-2020-4848-b4e7-be8b245aa746","method":"POST","url":"/api/match?random=0.8269731288959534","statusCode":200,"executionTimeMs":6994.55,"cacheStatus":"miss","filterParams":{},"paginationParams":{}}
{"level":30,"time":1781101766295,"pid":27420,"hostname":"preethika","requestId":"7eb42fa6-ce75-4e2d-ba18-2e44743c1f7c","method":"POST","url":"/api/match?random=0.10856556618382895","statusCode":200,"executionTimeMs":7267.19,"cacheStatus":"miss","filterParams":{},"paginationParams":{}}
{"level":30,"time":1781101766308,"pid":27420,"hostname":"preethika","requestId":"0c50393b-6a58-432f-a6a6-84e593e6a7c3","method":"POST","url":"/api/match?random=0.10896746345458874","statusCode":200,"executionTimeMs":7287.3,"cacheStatus":"miss","filterParams":{},"paginationParams":{}}
{"level":30,"time":1781101766315,"pid":27420,"hostname":"preethika","requestId":"5b07a779-20e5-490c-9a19-bc8973c90b02","method":"POST","url":"/api/match?random=0.11424561933709243","statusCode":200,"executionTimeMs":7293.34,"cacheStatus":"miss","filterParams":{},"paginationParams":{}}
{"level":30,"time":1781101766437,"pid":27420,"hostname":"preethika","requestId":"99a46fd0-76bf-4581-8805-236a24f946f2","method":"POST","url":"/api/match?random=0.7143035113573253","statusCode":200,"executionTimeMs":7420.29,"cacheStatus":"miss","filterParams":{},"paginationParams":{}}
{"level":30,"time":1781101766500,"pid":27420,"hostname":"preethika","requestId":"bdeba2d5-39b0-4079-a034-548c5b22da82","method":"POST","url":"/api/match?random=0.00164687388978213","statusCode":200,"executionTimeMs":7468.95,"cacheStatus":"miss","filterParams":{},"paginationParams":{}}
{"level":30,"time":1781101766517,"pid":27420,"hostname":"preethika","requestId":"a9359692-5a4e-4f2f-89ec-724fe2ecfca5","method":"POST","url":"/api/match?random=0.9557309964210696","statusCode":200,"executionTimeMs":7509.13,"cacheStatus":"miss","filterParams":{},"paginationParams":{}}
{"level":30,"time":1781101766537,"pid":27420,"hostname":"preethika","requestId":"5e376014-e331-427a-931c-bd5de0fccd7f","method":"POST","url":"/api/match?random=0.6800899375327636","statusCode":200,"executionTimeMs":7518.51,"cacheStatus":"miss","filterParams":{},"paginationParams":{}}
{"level":30,"time":1781101766550,"pid":27420,"hostname":"preethika","requestId":"01e935de-fe48-44d7-be2e-4f3870433ccd","method":"POST","url":"/api/match?random=0.20389995660976812","statusCode":200,"executionTimeMs":7989.87,"cacheStatus":"miss","filterParams":{},"paginationParams":{}}
{"level":30,"time":1781101766622,"pid":27420,"hostname":"preethika","requestId":"2f15ceb2-3a9c-4e00-bfc5-56979411fe09","method":"POST","url":"/api/match?random=0.26279983002159013","statusCode":200,"executionTimeMs":8080.87,"cacheStatus":"miss","filterParams":{},"paginationParams":{}}
{"level":30,"time":1781101766652,"pid":27420,"hostname":"preethika","requestId":"b13a73d6-f7fd-4f7e-98f0-6fe42cec35e0","method":"POST","url":"/api/match?random=0.9894952604581457","statusCode":200,"executionTimeMs":7629.49,"cacheStatus":"miss","filterParams":{},"paginationParams":{}}
{"level":30,"time":1781101766685,"pid":27420,"hostname":"preethika","requestId":"d30b6736-760e-47c9-ae96-210d56dcab0c","method":"POST","url":"/api/match?random=0.28996064108070785","statusCode":200,"executionTimeMs":8127.29,"cacheStatus":"miss","filterParams":{},"paginationParams":{}}
{"level":30,"time":1781101766767,"pid":27420,"hostname":"preethika","requestId":"8df0833c-004a-4619-a354-ecb47f6dcca0","method":"POST","url":"/api/match?random=0.736051010852999","statusCode":200,"executionTimeMs":7741.43,"cacheStatus":"miss","filterParams":{},"paginationParams":{}}
{"level":30,"time":1781101766810,"pid":27420,"hostname":"preethika","requestId":"34f6c20a-deb2-4dc6-84e5-74675b31422f","method":"POST","url":"/api/match?random=0.77613331244502","statusCode":200,"executionTimeMs":7777.48,"cacheStatus":"miss","filterParams":{},"paginationParams":{}}
{"level":30,"time":1781101766824,"pid":27420,"hostname":"preethika","requestId":"fea80de6-cc6f-4706-a5a5-cf66ae90ed5c","method":"POST","url":"/api/match?random=0.9200946077297703","statusCode":200,"executionTimeMs":8280.59,"cacheStatus":"miss","filterParams":{},"paginationParams":{}}
{"level":30,"time":1781101766935,"pid":27420,"hostname":"preethika","requestId":"b25aa78c-fe5a-486d-b0e5-6990056d6633","method":"POST","url":"/api/match?random=0.4417129637735442","statusCode":200,"executionTimeMs":7668.07,"cacheStatus":"miss","filterParams":{},"paginationParams":{}}
{"level":30,"time":1781101767103,"pid":27420,"hostname":"preethika","requestId":"aa6a484d-92b6-4564-9290-cf40b7c88a7f","method":"POST","url":"/api/match?random=0.30670580586691343","statusCode":200,"executionTimeMs":7847.33,"cacheStatus":"miss","filterParams":{},"paginationParams":{}}
{"level":30,"time":1781101768339,"pid":27420,"hostname":"preethika","requestId":"93b5ee4f-35f5-4055-a5a4-2385603a2af8","method":"POST","url":"/api/match?random=0.10533613978728185","statusCode":200,"executionTimeMs":9309,"cacheStatus":"miss","filterParams":{},"paginationParams":{}}
{"level":30,"time":1781101770396,"pid":27420,"hostname":"preethika","requestId":"eed35630-d69f-4ac9-8250-ae8dc473dfd6","method":"POST","url":"/api/match?random=0.3255417747043696","statusCode":429,"executionTimeMs":1.19,"cacheStatus":"n/a","filterParams":{},"paginationParams":{}}
{"level":30,"time":1781101770398,"pid":27420,"hostname":"preethika","requestId":"17e3f733-0e43-4541-9f18-f6d0855a14da","method":"POST","url":"/api/match?random=0.011026013775522703","statusCode":429,"executionTimeMs":0.8,"cacheStatus":"n/a","filterParams":{},"paginationParams":{}}
{"level":30,"time":1781101770399,"pid":27420,"hostname":"preethika","requestId":"b996ad22-f35c-43d4-a9c5-c6ae012e34ea","method":"POST","url":"/api/match?random=0.38866775661180397","statusCode":429,"executionTimeMs":0.79,"cacheStatus":"n/a","filterParams":{},"paginationParams":{}}
{"level":30,"time":1781101770400,"pid":27420,"hostname":"preethika","requestId":"a4eea8b6-60da-4638-9811-0d3db660548b","method":"POST","url":"/api/match?random=0.7124499387220578","statusCode":429,"executionTimeMs":0.68,"cacheStatus":"n/a","filterParams":{},"paginationParams":{}}
{"level":30,"time":1781101770401,"pid":27420,"hostname":"preethika","requestId":"26876baa-bf36-4bcd-aecc-9a33de38b0b9","method":"POST","url":"/api/match?random=0.6135410424360548","statusCode":429,"executionTimeMs":0.61,"cacheStatus":"n/a","filterParams":{},"paginationParams":{}}
{"level":30,"time":1781101770402,"pid":27420,"hostname":"preethika","requestId":"abd9d446-ab8b-4ddc-9f23-1f2db51e3aca","method":"POST","url":"/api/match?random=0.18621136645399994","statusCode":429,"executionTimeMs":0.59,"cacheStatus":"n/a","filterParams":{},"paginationParams":{}}
{"level":30,"time":1781101770403,"pid":27420,"hostname":"preethika","requestId":"d2c1b0d4-f1e9-40b5-a7b1-136de161c00b","method":"POST","url":"/api/match?random=0.31364369146665516","statusCode":429,"executionTimeMs":0.56,"cacheStatus":"n/a","filterParams":{},"paginationParams":{}}
{"level":30,"time":1781101770405,"pid":27420,"hostname":"preethika","requestId":"b9e54262-5253-4463-a807-b5ab6a9ee850","method":"POST","url":"/api/match?random=0.4165909279054594","statusCode":429,"executionTimeMs":0.66,"cacheStatus":"n/a","filterParams":{},"paginationParams":{}}
{"level":30,"time":1781101770406,"pid":27420,"hostname":"preethika","requestId":"1e2bf6b9-c3b9-4f0a-a52f-233c26682b23","method":"POST","url":"/api/match?random=0.9046045055191656","statusCode":429,"executionTimeMs":0.73,"cacheStatus":"n/a","filterParams":{},"paginationParams":{}}
{"level":30,"time":1781101770407,"pid":27420,"hostname":"preethika","requestId":"573de712-19ba-49db-aa1f-83022db81f68","method":"POST","url":"/api/match?random=0.8471590817463277","statusCode":429,"executionTimeMs":0.67,"cacheStatus":"n/a","filterParams":{},"paginationParams":{}}
{"level":30,"time":1781101770408,"pid":27420,"hostname":"preethika","requestId":"79d781cc-db64-4392-a4fc-ffb9c181068a","method":"POST","url":"/api/match?random=0.40893524727445985","statusCode":429,"executionTimeMs":0.6,"cacheStatus":"n/a","filterParams":{},"paginationParams":{}}
{"level":30,"time":1781101770409,"pid":27420,"hostname":"preethika","requestId":"1a70911b-e738-4d5a-a305-872705bb7597","method":"POST","url":"/api/match?random=0.2257693019591338","statusCode":429,"executionTimeMs":0.6,"cacheStatus":"n/a","filterParams":{},"paginationParams":{}}
{"level":30,"time":1781101770410,"pid":27420,"hostname":"preethika","requestId":"7b3a07ab-3500-487e-a5aa-56477b1f0b92","method":"POST","url":"/api/match?random=0.5176842704624094","statusCode":429,"executionTimeMs":0.66,"cacheStatus":"n/a","filterParams":{},"paginationParams":{}}
{"level":30,"time":1781101770411,"pid":27420,"hostname":"preethika","requestId":"ad256d46-fb87-48be-ac2d-f844c0c02697","method":"POST","url":"/api/match?random=0.4552915823487407","statusCode":429,"executionTimeMs":0.73,"cacheStatus":"n/a","filterParams":{},"paginationParams":{}}
{"level":30,"time":1781101770661,"pid":27420,"hostname":"preethika","requestId":"d50b6588-6240-4af9-9823-d8d3901e0cb7","method":"POST","url":"/api/match?random=0.5999924131598489","statusCode":429,"executionTimeMs":1.07,"cacheStatus":"n/a","filterParams":{},"paginationParams":{}}
{"level":30,"time":1781101770662,"pid":27420,"hostname":"preethika","requestId":"4eaef6f9-3030-441d-946c-588ac5f93101","method":"POST","url":"/api/match?random=0.5159922164949071","statusCode":429,"executionTimeMs":0.93,"cacheStatus":"n/a","filterParams":{},"paginationParams":{}}
{"level":30,"time":1781101770664,"pid":27420,"hostname":"preethika","requestId":"98b777e5-d2dc-4028-a0fd-4a8ebf6d2f37","method":"POST","url":"/api/match?random=0.15674787380719746","statusCode":429,"executionTimeMs":0.92,"cacheStatus":"n/a","filterParams":{},"paginationParams":{}}
{"level":30,"time":1781101770665,"pid":27420,"hostname":"preethika","requestId":"35a4c3f0-57ae-41e7-8b1e-ecaf977350bc","method":"POST","url":"/api/match?random=0.6161094983234965","statusCode":429,"executionTimeMs":0.76,"cacheStatus":"n/a","filterParams":{},"paginationParams":{}}
{"level":30,"time":1781101770667,"pid":27420,"hostname":"preethika","requestId":"bb6e444f-deef-4be8-9108-0c2e6869e4bc","method":"POST","url":"/api/match?random=0.6085516091466894","statusCode":429,"executionTimeMs":0.85,"cacheStatus":"n/a","filterParams":{},"paginationParams":{}}
{"level":30,"time":1781101770668,"pid":27420,"hostname":"preethika","requestId":"66124d68-0061-481f-8032-e9ba0f6e31a8","method":"POST","url":"/api/match?random=0.261847742398873","statusCode":429,"executionTimeMs":0.86,"cacheStatus":"n/a","filterParams":{},"paginationParams":{}}
{"level":30,"time":1781101770670,"pid":27420,"hostname":"preethika","requestId":"95fa2316-9187-4f7f-b57a-50241000cd03","method":"POST","url":"/api/match?random=0.40618238713399113","statusCode":429,"executionTimeMs":0.9,"cacheStatus":"n/a","filterParams":{},"paginationParams":{}}
{"level":30,"time":1781101770671,"pid":27420,"hostname":"preethika","requestId":"a1506719-905d-4af7-87dd-57e535600060","method":"POST","url":"/api/match?random=0.986196273069061","statusCode":429,"executionTimeMs":0.67,"cacheStatus":"n/a","filterParams":{},"paginationParams":{}}
{"level":30,"time":1781101770672,"pid":27420,"hostname":"preethika","requestId":"08c71c74-32a3-46ce-937e-c23b7d74437a","method":"POST","url":"/api/match?random=0.027186914666688766","statusCode":429,"executionTimeMs":0.57,"cacheStatus":"n/a","filterParams":{},"paginationParams":{}}
{"level":30,"time":1781101770673,"pid":27420,"hostname":"preethika","requestId":"50a5d637-953a-475b-9bdd-38de75f9cf39","method":"POST","url":"/api/match?random=0.3931956358415538","statusCode":429,"executionTimeMs":0.74,"cacheStatus":"n/a","filterParams":{},"paginationParams":{}}
{"level":30,"time":1781101770674,"pid":27420,"hostname":"preethika","requestId":"346e5cb7-96d4-4d73-9737-349434106e9a","method":"POST","url":"/api/match?random=0.145858225482433","statusCode":429,"executionTimeMs":0.64,"cacheStatus":"n/a","filterParams":{},"paginationParams":{}}
{"level":30,"time":1781101770676,"pid":27420,"hostname":"preethika","requestId":"b8d7ef4d-11c9-4cd7-9968-2a1ccd9f51cf","method":"POST","url":"/api/match?random=0.34654251115348345","statusCode":429,"executionTimeMs":0.97,"cacheStatus":"n/a","filterParams":{},"paginationParams":{}}
{"level":30,"time":1781101770677,"pid":27420,"hostname":"preethika","requestId":"500fea18-1da0-431f-9dec-edb22226e721","method":"POST","url":"/api/match?random=0.6941224157298871","statusCode":429,"executionTimeMs":0.92,"cacheStatus":"n/a","filterParams":{},"paginationParams":{}}
{"level":30,"time":1781101770679,"pid":27420,"hostname":"preethika","requestId":"1871bac5-4341-4d42-a707-f1a6ca18a099","method":"POST","url":"/api/match?random=0.1878634498370868","statusCode":429,"executionTimeMs":0.99,"cacheStatus":"n/a","filterParams":{},"paginationParams":{}}
{"level":30,"time":1781101770681,"pid":27420,"hostname":"preethika","requestId":"b9b090e9-5f73-47ba-a6c0-8ac16a1913e6","method":"POST","url":"/api/match?random=0.5900872405239432","statusCode":429,"executionTimeMs":1.09,"cacheStatus":"n/a","filterParams":{},"paginationParams":{}}
{"level":30,"time":1781101770682,"pid":27420,"hostname":"preethika","requestId":"e1e31766-e02c-4f0d-820b-b5ed5cf6be5c","method":"POST","url":"/api/match?random=0.3522533706464779","statusCode":429,"executionTimeMs":0.79,"cacheStatus":"n/a","filterParams":{},"paginationParams":{}}
{"level":30,"time":1781101770684,"pid":27420,"hostname":"preethika","requestId":"e89de23b-66a9-420a-8a55-618cab8ac899","method":"POST","url":"/api/match?random=0.9838605586165059","statusCode":429,"executionTimeMs":0.9,"cacheStatus":"n/a","filterParams":{},"paginationParams":{}}
{"level":30,"time":1781101770985,"pid":27420,"hostname":"preethika","requestId":"7caa4cd7-64e2-45c4-b539-3baf6eca9ad4","method":"POST","url":"/api/match?random=0.014507311759122343","statusCode":429,"executionTimeMs":0.92,"cacheStatus":"n/a","filterParams":{},"paginationParams":{}}
{"level":30,"time":1781101770987,"pid":27420,"hostname":"preethika","requestId":"915e71cc-13c4-4ddd-9463-368a26fca3a5","method":"POST","url":"/api/match?random=0.367530006642907","statusCode":429,"executionTimeMs":0.9,"cacheStatus":"n/a","filterParams":{},"paginationParams":{}}
{"level":30,"time":1781101770988,"pid":27420,"hostname":"preethika","requestId":"086640fb-6aeb-43ba-ba78-78313a7e34d8","method":"POST","url":"/api/match?random=0.40428505052293695","statusCode":429,"executionTimeMs":0.83,"cacheStatus":"n/a","filterParams":{},"paginationParams":{}}
{"level":30,"time":1781101770990,"pid":27420,"hostname":"preethika","requestId":"a82e1a46-ee5a-43df-b6af-ab11f3d19c04","method":"POST","url":"/api/match?random=0.0008427816906197982","statusCode":429,"executionTimeMs":0.91,"cacheStatus":"n/a","filterParams":{},"paginationParams":{}}
{"level":30,"time":1781101770991,"pid":27420,"hostname":"preethika","requestId":"05908f00-41a4-4156-9cd8-a32fd30ac8cd","method":"POST","url":"/api/match?random=0.7320743938212839","statusCode":429,"executionTimeMs":0.83,"cacheStatus":"n/a","filterParams":{},"paginationParams":{}}
{"level":30,"time":1781101770993,"pid":27420,"hostname":"preethika","requestId":"f5620a07-b257-482a-90c6-c01c94c7e124","method":"POST","url":"/api/match?random=0.22275321820628458","statusCode":429,"executionTimeMs":0.75,"cacheStatus":"n/a","filterParams":{},"paginationParams":{}}
{"level":30,"time":1781101770994,"pid":27420,"hostname":"preethika","requestId":"fe721939-21dd-42e5-b272-a5cdaf83c83f","method":"POST","url":"/api/match?random=0.6259500134424358","statusCode":429,"executionTimeMs":0.83,"cacheStatus":"n/a","filterParams":{},"paginationParams":{}}
{"level":30,"time":1781101770998,"pid":27420,"hostname":"preethika","requestId":"7b27b306-1702-4662-8740-2ed4389e329b","method":"POST","url":"/api/match?random=0.8362283334990961","statusCode":429,"executionTimeMs":0.94,"cacheStatus":"n/a","filterParams":{},"paginationParams":{}}
{"level":30,"time":1781101771000,"pid":27420,"hostname":"preethika","requestId":"7bbb584e-16ab-47ba-958c-4c40c09aafbb","method":"POST","url":"/api/match?random=0.5318853400328143","statusCode":429,"executionTimeMs":0.75,"cacheStatus":"n/a","filterParams":{},"paginationParams":{}}
{"level":30,"time":1781101771001,"pid":27420,"hostname":"preethika","requestId":"6878caec-0fdd-44fd-9a4a-df34d84b7d9f","method":"POST","url":"/api/match?random=0.0909382438763855","statusCode":429,"executionTimeMs":0.74,"cacheStatus":"n/a","filterParams":{},"paginationParams":{}}
{"level":30,"time":1781101771002,"pid":27420,"hostname":"preethika","requestId":"2ad1e852-18a6-4f74-91bd-245b4a93469e","method":"POST","url":"/api/match?random=0.7630226160476676","statusCode":429,"executionTimeMs":0.88,"cacheStatus":"n/a","filterParams":{},"paginationParams":{}}
{"level":30,"time":1781101771004,"pid":27420,"hostname":"preethika","requestId":"6365b610-c1ab-41ba-a4fe-972dc346f55d","method":"POST","url":"/api/match?random=0.9819936366416158","statusCode":429,"executionTimeMs":0.77,"cacheStatus":"n/a","filterParams":{},"paginationParams":{}}
{"level":30,"time":1781101771005,"pid":27420,"hostname":"preethika","requestId":"fb263b3b-dff2-4f85-9780-5671c72bf2e6","method":"POST","url":"/api/match?random=0.001049687373945174","statusCode":429,"executionTimeMs":0.8,"cacheStatus":"n/a","filterParams":{},"paginationParams":{}}
{"level":30,"time":1781101771006,"pid":27420,"hostname":"preethika","requestId":"e52cb015-84f0-431a-9192-2bbc29209fde","method":"POST","url":"/api/match?random=0.7742617161173602","statusCode":429,"executionTimeMs":0.83,"cacheStatus":"n/a","filterParams":{},"paginationParams":{}}
{"level":30,"time":1781101771008,"pid":27420,"hostname":"preethika","requestId":"9024fb56-a9ee-4d39-bf17-b69dbf5b8d11","method":"POST","url":"/api/match?random=0.8742974458130441","statusCode":429,"executionTimeMs":0.69,"cacheStatus":"n/a","filterParams":{},"paginationParams":{}}
{"level":30,"time":1781101771009,"pid":27420,"hostname":"preethika","requestId":"bdf5afb1-c7cb-40ec-a162-5505073dbb08","method":"POST","url":"/api/match?random=0.7937487284596967","statusCode":429,"executionTimeMs":0.76,"cacheStatus":"n/a","filterParams":{},"paginationParams":{}}
{"level":30,"time":1781101771010,"pid":27420,"hostname":"preethika","requestId":"ebe4a0be-62a3-4b26-bccc-f210f7c136ac","method":"POST","url":"/api/match?random=0.6239638671430674","statusCode":429,"executionTimeMs":0.74,"cacheStatus":"n/a","filterParams":{},"paginationParams":{}}
{"level":30,"time":1781101771012,"pid":27420,"hostname":"preethika","requestId":"82b06263-40fe-47b7-a374-17b3ce56e9b9","method":"POST","url":"/api/match?random=0.044675312619660845","statusCode":429,"executionTimeMs":0.79,"cacheStatus":"n/a","filterParams":{},"paginationParams":{}}
{"level":30,"time":1781101771013,"pid":27420,"hostname":"preethika","requestId":"fdb12002-18b4-48d3-a7b4-c20cc6d4d849","method":"POST","url":"/api/match?random=0.5906662869790722","statusCode":429,"executionTimeMs":0.85,"cacheStatus":"n/a","filterParams":{},"paginationParams":{}}
{"level":30,"time":1781101771015,"pid":27420,"hostname":"preethika","requestId":"fdf948b9-2059-4db6-a432-3a154d79f56d","method":"POST","url":"/api/match?random=0.2746511588002163","statusCode":429,"executionTimeMs":0.8,"cacheStatus":"n/a","filterParams":{},"paginationParams":{}}
{"level":30,"time":1781101771016,"pid":27420,"hostname":"preethika","requestId":"0961ed05-4381-42ff-bcbc-61fd1f1b7cd2","method":"POST","url":"/api/match?random=0.2749351302122274","statusCode":429,"executionTimeMs":0.81,"cacheStatus":"n/a","filterParams":{},"paginationParams":{}}
{"level":30,"time":1781101771017,"pid":27420,"hostname":"preethika","requestId":"7b2bc3ec-f177-4492-bf91-d7c4bc5a1610","method":"POST","url":"/api/match?random=0.9036042791676706","statusCode":429,"executionTimeMs":0.83,"cacheStatus":"n/a","filterParams":{},"paginationParams":{}}
{"level":30,"time":1781101771019,"pid":27420,"hostname":"preethika","requestId":"4d3a6d0b-0980-49d4-a0e7-cc20de142c08","method":"POST","url":"/api/match?random=0.6843583508298503","statusCode":429,"executionTimeMs":0.79,"cacheStatus":"n/a","filterParams":{},"paginationParams":{}}
{"level":30,"time":1781101771020,"pid":27420,"hostname":"preethika","requestId":"d8b19890-bdab-4017-83b0-bfd2fb0e9351","method":"POST","url":"/api/match?random=0.537852544977552","statusCode":429,"executionTimeMs":0.71,"cacheStatus":"n/a","filterParams":{},"paginationParams":{}}
{"level":30,"time":1781101771021,"pid":27420,"hostname":"preethika","requestId":"83288031-2b18-4ded-b471-9718c6bf5b66","method":"POST","url":"/api/match?random=0.23225203647606385","statusCode":429,"executionTimeMs":0.72,"cacheStatus":"n/a","filterParams":{},"paginationParams":{}}
{"level":30,"time":1781101771022,"pid":27420,"hostname":"preethika","requestId":"d6b69894-a854-481c-9110-347fee566c7b","method":"POST","url":"/api/match?random=0.2705807290676632","statusCode":429,"executionTimeMs":0.77,"cacheStatus":"n/a","filterParams":{},"paginationParams":{}}
{"level":30,"time":1781101771024,"pid":27420,"hostname":"preethika","requestId":"97e4b4b5-2ef8-494c-93b2-2bc1a447e8df","method":"POST","url":"/api/match?random=0.31560322954987163","statusCode":429,"executionTimeMs":0.68,"cacheStatus":"n/a","filterParams":{},"paginationParams":{}}
{"level":30,"time":1781101771025,"pid":27420,"hostname":"preethika","requestId":"f68a4895-c603-4561-9408-661789c24a06","method":"POST","url":"/api/match?random=0.8223274747721072","statusCode":429,"executionTimeMs":0.82,"cacheStatus":"n/a","filterParams":{},"paginationParams":{}}
{"level":30,"time":1781101771026,"pid":27420,"hostname":"preethika","requestId":"98118a84-7a09-4fc0-ab60-0b648a8912f6","method":"POST","url":"/api/match?random=0.8629905993186251","statusCode":429,"executionTimeMs":0.72,"cacheStatus":"n/a","filterParams":{},"paginationParams":{}}
{"level":30,"time":1781101771027,"pid":27420,"hostname":"preethika","requestId":"17450a0d-f880-46f2-b0c4-0813f74fd84f","method":"POST","url":"/api/match?random=0.8600501881648184","statusCode":429,"executionTimeMs":0.61,"cacheStatus":"n/a","filterParams":{},"paginationParams":{}}
{"level":30,"time":1781101771028,"pid":27420,"hostname":"preethika","requestId":"2a71055c-f1f0-45d4-9bfa-591dfe815514","method":"POST","url":"/api/match?random=0.23327514847687114","statusCode":429,"executionTimeMs":0.58,"cacheStatus":"n/a","filterParams":{},"paginationParams":{}}
{"level":30,"time":1781101771030,"pid":27420,"hostname":"preethika","requestId":"9cd2e52b-386f-4bb2-943d-610813200e1e","method":"POST","url":"/api/match?random=0.13539076446793774","statusCode":429,"executionTimeMs":0.75,"cacheStatus":"n/a","filterParams":{},"paginationParams":{}}
{"level":30,"time":1781101771031,"pid":27420,"hostname":"preethika","requestId":"ef95e674-9e2a-4347-b96d-0d850b140244","method":"POST","url":"/api/match?random=0.08042568295221808","statusCode":429,"executionTimeMs":0.75,"cacheStatus":"n/a","filterParams":{},"paginationParams":{}}
{"level":30,"time":1781101771032,"pid":27420,"hostname":"preethika","requestId":"03929477-739c-48f1-9dff-ee23291468c6","method":"POST","url":"/api/match?random=0.393769398249485","statusCode":429,"executionTimeMs":0.73,"cacheStatus":"n/a","filterParams":{},"paginationParams":{}}
{"level":30,"time":1781101771033,"pid":27420,"hostname":"preethika","requestId":"0cc44e8f-bb49-4a58-be24-d071c287ad91","method":"POST","url":"/api/match?random=0.9046164368271761","statusCode":429,"executionTimeMs":0.76,"cacheStatus":"n/a","filterParams":{},"paginationParams":{}}
{"level":30,"time":1781101771035,"pid":27420,"hostname":"preethika","requestId":"a357efcb-e619-4aaa-aa3a-eb2cca0ed8a1","method":"POST","url":"/api/match?random=0.7925944478861584","statusCode":429,"executionTimeMs":0.81,"cacheStatus":"n/a","filterParams":{},"paginationParams":{}}
{"level":30,"time":1781101771036,"pid":27420,"hostname":"preethika","requestId":"b80e036a-732c-47fd-add3-2bccc45fc431","method":"POST","url":"/api/match?random=0.4872504117460652","statusCode":429,"executionTimeMs":0.74,"cacheStatus":"n/a","filterParams":{},"paginationParams":{}}
{"level":30,"time":1781101771037,"pid":27420,"hostname":"preethika","requestId":"24384bef-3686-47d4-bcf3-2da2ac605919","method":"POST","url":"/api/match?random=0.11668292559748394","statusCode":429,"executionTimeMs":0.79,"cacheStatus":"n/a","filterParams":{},"paginationParams":{}}
{"level":30,"time":1781101771039,"pid":27420,"hostname":"preethika","requestId":"2c51c0ea-b416-4b02-a8ec-ff55772516e3","method":"POST","url":"/api/match?random=0.9328308102282723","statusCode":429,"executionTimeMs":0.84,"cacheStatus":"n/a","filterParams":{},"paginationParams":{}}
{"level":30,"time":1781101771040,"pid":27420,"hostname":"preethika","requestId":"80de1491-9f05-4017-83e3-799e74dbcf48","method":"POST","url":"/api/match?random=0.6119010009780448","statusCode":429,"executionTimeMs":0.77,"cacheStatus":"n/a","filterParams":{},"paginationParams":{}}
{"level":30,"time":1781101771041,"pid":27420,"hostname":"preethika","requestId":"7e032203-7961-4be0-8bbf-7e0865d489b3","method":"POST","url":"/api/match?random=0.5643223417348127","statusCode":429,"executionTimeMs":0.72,"cacheStatus":"n/a","filterParams":{},"paginationParams":{}}
{"level":30,"time":1781101771043,"pid":27420,"hostname":"preethika","requestId":"8603b179-dfae-4f1c-8929-7f047438f2ba","method":"POST","url":"/api/match?random=0.9991848677361876","statusCode":429,"executionTimeMs":0.65,"cacheStatus":"n/a","filterParams":{},"paginationParams":{}}
{"level":30,"time":1781101771044,"pid":27420,"hostname":"preethika","requestId":"ad549199-2dba-473e-aa0e-ffec187ada6e","method":"POST","url":"/api/match?random=0.05844308458878711","statusCode":429,"executionTimeMs":0.65,"cacheStatus":"n/a","filterParams":{},"paginationParams":{}}
{"level":30,"time":1781101771045,"pid":27420,"hostname":"preethika","requestId":"49684179-5ad2-4b78-9e3b-380ca3193c3b","method":"POST","url":"/api/match?random=0.7161133611907096","statusCode":429,"executionTimeMs":1.21,"cacheStatus":"n/a","filterParams":{},"paginationParams":{}}
{"level":30,"time":1781101771047,"pid":27420,"hostname":"preethika","requestId":"22055074-c141-4660-ae82-52edd5c7083f","method":"POST","url":"/api/match?random=0.3815148503190595","statusCode":429,"executionTimeMs":1.08,"cacheStatus":"n/a","filterParams":{},"paginationParams":{}}
{"level":30,"time":1781101771049,"pid":27420,"hostname":"preethika","requestId":"c3678737-9a09-40fc-8dc8-b8f6116e2e22","method":"POST","url":"/api/match?random=0.5355386128620423","statusCode":429,"executionTimeMs":0.88,"cacheStatus":"n/a","filterParams":{},"paginationParams":{}}
{"level":30,"time":1781101771051,"pid":27420,"hostname":"preethika","requestId":"54805e01-151e-4e08-8a45-74821dacd6e9","method":"POST","url":"/api/match?random=0.9141949371907614","statusCode":429,"executionTimeMs":1.02,"cacheStatus":"n/a","filterParams":{},"paginationParams":{}}
{"level":30,"time":1781101771052,"pid":27420,"hostname":"preethika","requestId":"3ece831b-e913-4f77-92b8-b3a4aa0d7937","method":"POST","url":"/api/match?random=0.26264358803539367","statusCode":429,"executionTimeMs":0.82,"cacheStatus":"n/a","filterParams":{},"paginationParams":{}}
{"level":30,"time":1781101771053,"pid":27420,"hostname":"preethika","requestId":"9e6f8692-568d-47f3-bcd2-5c5b7a95bb04","method":"POST","url":"/api/match?random=0.5537382437594296","statusCode":429,"executionTimeMs":0.7,"cacheStatus":"n/a","filterParams":{},"paginationParams":{}}
{"level":30,"time":1781101771054,"pid":27420,"hostname":"preethika","requestId":"cefe1e49-7274-4fc9-8b73-fe9f34b642d6","method":"POST","url":"/api/match?random=0.18579851015969862","statusCode":429,"executionTimeMs":0.71,"cacheStatus":"n/a","filterParams":{},"paginationParams":{}}
{"level":30,"time":1781101771055,"pid":27420,"hostname":"preethika","requestId":"024bdf76-9234-42ef-b0c7-20e113bab5c4","method":"POST","url":"/api/match?random=0.2850988266672396","statusCode":429,"executionTimeMs":0.65,"cacheStatus":"n/a","filterParams":{},"paginationParams":{}}
{"level":30,"time":1781101771057,"pid":27420,"hostname":"preethika","requestId":"5317a8cf-c0bb-4bb0-a0cf-d833c7cda278","method":"POST","url":"/api/match?random=0.9538100947205892","statusCode":429,"executionTimeMs":0.66,"cacheStatus":"n/a","filterParams":{},"paginationParams":{}}
{"level":30,"time":1781101771058,"pid":27420,"hostname":"preethika","requestId":"e13446cf-d503-464c-927e-6806d99968d4","method":"POST","url":"/api/match?random=0.0013177447023118294","statusCode":429,"executionTimeMs":0.66,"cacheStatus":"n/a","filterParams":{},"paginationParams":{}}
{"level":30,"time":1781101771059,"pid":27420,"hostname":"preethika","requestId":"83f0faa8-f1bb-4245-81cf-1dc5478e65e1","method":"POST","url":"/api/match?random=0.2665222536951095","statusCode":429,"executionTimeMs":0.6,"cacheStatus":"n/a","filterParams":{},"paginationParams":{}}
{"level":30,"time":1781101771060,"pid":27420,"hostname":"preethika","requestId":"d3143624-7900-4a10-97f1-ee9258824257","method":"POST","url":"/api/match?random=0.2623157130351055","statusCode":429,"executionTimeMs":0.73,"cacheStatus":"n/a","filterParams":{},"paginationParams":{}}
{"level":30,"time":1781101771062,"pid":27420,"hostname":"preethika","requestId":"519620b4-1b31-4fc3-828c-064efa9d8196","method":"POST","url":"/api/match?random=0.520022497669842","statusCode":429,"executionTimeMs":1.46,"cacheStatus":"n/a","filterParams":{},"paginationParams":{}}
{"level":30,"time":1781101771064,"pid":27420,"hostname":"preethika","requestId":"d211a96d-40d3-4b2c-9ad0-c5d2992bcd1d","method":"POST","url":"/api/match?random=0.1663893922624815","statusCode":429,"executionTimeMs":0.92,"cacheStatus":"n/a","filterParams":{},"paginationParams":{}}
{"level":30,"time":1781101771065,"pid":27420,"hostname":"preethika","requestId":"0cdda37a-7e9e-4b5c-aba8-1c62509e703d","method":"POST","url":"/api/match?random=0.4760927419325329","statusCode":429,"executionTimeMs":0.78,"cacheStatus":"n/a","filterParams":{},"paginationParams":{}}
{"level":30,"time":1781101771066,"pid":27420,"hostname":"preethika","requestId":"f8ce0cdf-be05-4f1e-9d4e-233fedd42c13","method":"POST","url":"/api/match?random=0.7712533784196769","statusCode":429,"executionTimeMs":0.61,"cacheStatus":"n/a","filterParams":{},"paginationParams":{}}
{"level":30,"time":1781101771067,"pid":27420,"hostname":"preethika","requestId":"3a59d3de-7a46-4c0d-b9f3-32aff8a28f06","method":"POST","url":"/api/match?random=0.36907849537181825","statusCode":429,"executionTimeMs":0.61,"cacheStatus":"n/a","filterParams":{},"paginationParams":{}}
{"level":30,"time":1781101771068,"pid":27420,"hostname":"preethika","requestId":"ab60916c-fcec-462b-aae3-4e51ab05c229","method":"POST","url":"/api/match?random=0.9330720343107868","statusCode":429,"executionTimeMs":0.61,"cacheStatus":"n/a","filterParams":{},"paginationParams":{}}
{"level":30,"time":1781101771069,"pid":27420,"hostname":"preethika","requestId":"8015115d-41ff-4a60-aad5-362963adc1bd","method":"POST","url":"/api/match?random=0.8871359474915539","statusCode":429,"executionTimeMs":0.65,"cacheStatus":"n/a","filterParams":{},"paginationParams":{}}
{"level":30,"time":1781101771070,"pid":27420,"hostname":"preethika","requestId":"b033e12f-7785-43f0-bd68-b7d8a1598caa","method":"POST","url":"/api/match?random=0.916802943161565","statusCode":429,"executionTimeMs":0.64,"cacheStatus":"n/a","filterParams":{},"paginationParams":{}}
{"level":30,"time":1781101771071,"pid":27420,"hostname":"preethika","requestId":"b8908743-cd00-4303-8d75-067e818db4d9","method":"POST","url":"/api/match?random=0.3991621061579871","statusCode":429,"executionTimeMs":0.58,"cacheStatus":"n/a","filterParams":{},"paginationParams":{}}
{"level":30,"time":1781101771519,"pid":27420,"hostname":"preethika","requestId":"56864271-46ee-4e27-86d3-b471555a25fa","method":"POST","url":"/api/match?random=0.545063027870017","statusCode":429,"executionTimeMs":1.24,"cacheStatus":"n/a","filterParams":{},"paginationParams":{}}
{"level":30,"time":1781101771521,"pid":27420,"hostname":"preethika","requestId":"00fe02dc-4ee3-4c6e-830e-27b670d58c3f","method":"POST","url":"/api/match?random=0.9356926104590071","statusCode":429,"executionTimeMs":1.13,"cacheStatus":"n/a","filterParams":{},"paginationParams":{}}
{"level":30,"time":1781101771524,"pid":27420,"hostname":"preethika","requestId":"cf88c763-12e2-454c-8a78-97513e022551","method":"POST","url":"/api/match?random=0.39665648284905686","statusCode":429,"executionTimeMs":1.78,"cacheStatus":"n/a","filterParams":{},"paginationParams":{}}
{"level":30,"time":1781101771526,"pid":27420,"hostname":"preethika","requestId":"1d668c07-7192-4508-bdf3-dd7c10a6b3fc","method":"POST","url":"/api/match?random=0.1023250048980402","statusCode":429,"executionTimeMs":1.18,"cacheStatus":"n/a","filterParams":{},"paginationParams":{}}
{"level":30,"time":1781101771528,"pid":27420,"hostname":"preethika","requestId":"0893be55-2ebd-4fb3-9c14-0de6c4ecc98d","method":"POST","url":"/api/match?random=0.268092400868998","statusCode":429,"executionTimeMs":1,"cacheStatus":"n/a","filterParams":{},"paginationParams":{}}
{"level":30,"time":1781101771530,"pid":27420,"hostname":"preethika","requestId":"6bcb25a1-3c66-4865-a31c-631374d28ff2","method":"POST","url":"/api/match?random=0.8411681228450534","statusCode":429,"executionTimeMs":1.11,"cacheStatus":"n/a","filterParams":{},"paginationParams":{}}
{"level":30,"time":1781101771531,"pid":27420,"hostname":"preethika","requestId":"eeb86ab5-a39e-4fde-85fc-7174d815adbf","method":"POST","url":"/api/match?random=0.25996735009047867","statusCode":429,"executionTimeMs":1.06,"cacheStatus":"n/a","filterParams":{},"paginationParams":{}}
{"level":30,"time":1781101771533,"pid":27420,"hostname":"preethika","requestId":"5d3127d1-ccb2-48be-a4e4-0603ce5bb8f6","method":"POST","url":"/api/match?random=0.2329111771766701","statusCode":429,"executionTimeMs":1.01,"cacheStatus":"n/a","filterParams":{},"paginationParams":{}}
{"level":30,"time":1781101771535,"pid":27420,"hostname":"preethika","requestId":"edd86077-c9f3-4c81-8b36-8bfb773fb62d","method":"POST","url":"/api/match?random=0.1721197877257783","statusCode":429,"executionTimeMs":0.98,"cacheStatus":"n/a","filterParams":{},"paginationParams":{}}
{"level":30,"time":1781101771536,"pid":27420,"hostname":"preethika","requestId":"6a3a43b6-f268-433b-8da4-efa21fd3f7a1","method":"POST","url":"/api/match?random=0.9569295775550686","statusCode":429,"executionTimeMs":0.92,"cacheStatus":"n/a","filterParams":{},"paginationParams":{}}
{"level":30,"time":1781101771538,"pid":27420,"hostname":"preethika","requestId":"53e33902-657c-465d-b51e-5f5c690ec1a8","method":"POST","url":"/api/match?random=0.9344725822392228","statusCode":429,"executionTimeMs":1.01,"cacheStatus":"n/a","filterParams":{},"paginationParams":{}}
{"level":30,"time":1781101771540,"pid":27420,"hostname":"preethika","requestId":"4b849d60-2dda-4abd-84ec-6f3bd3fcee0c","method":"POST","url":"/api/match?random=0.9612485210252979","statusCode":429,"executionTimeMs":0.89,"cacheStatus":"n/a","filterParams":{},"paginationParams":{}}
{"level":30,"time":1781101771541,"pid":27420,"hostname":"preethika","requestId":"71a70048-c231-4261-ac93-03b9ce06f703","method":"POST","url":"/api/match?random=0.12698369926377606","statusCode":429,"executionTimeMs":0.74,"cacheStatus":"n/a","filterParams":{},"paginationParams":{}}
{"level":30,"time":1781101771542,"pid":27420,"hostname":"preethika","requestId":"bec4ac0b-2abb-4603-8ada-c5db0ffbe399","method":"POST","url":"/api/match?random=0.05089807654810641","statusCode":429,"executionTimeMs":1,"cacheStatus":"n/a","filterParams":{},"paginationParams":{}}
{"level":30,"time":1781101771544,"pid":27420,"hostname":"preethika","requestId":"7c4f1ca5-b742-4b31-a701-3e98acc2f93b","method":"POST","url":"/api/match?random=0.6601895924929198","statusCode":429,"executionTimeMs":1.03,"cacheStatus":"n/a","filterParams":{},"paginationParams":{}}
{"level":30,"time":1781101771546,"pid":27420,"hostname":"preethika","requestId":"60eea5e4-0f2a-4c7a-b38f-b4eada0dc619","method":"POST","url":"/api/match?random=0.5619088615688193","statusCode":429,"executionTimeMs":0.92,"cacheStatus":"n/a","filterParams":{},"paginationParams":{}}
{"level":30,"time":1781101771547,"pid":27420,"hostname":"preethika","requestId":"caaedf8f-c1c7-474a-92a0-e810f53609a5","method":"POST","url":"/api/match?random=0.9702812108211001","statusCode":429,"executionTimeMs":0.95,"cacheStatus":"n/a","filterParams":{},"paginationParams":{}}
{"level":30,"time":1781101771549,"pid":27420,"hostname":"preethika","requestId":"01ae3b39-bc94-4eb1-873e-f2ca4f4be469","method":"POST","url":"/api/match?random=0.11955761864935721","statusCode":429,"executionTimeMs":0.86,"cacheStatus":"n/a","filterParams":{},"paginationParams":{}}
{"level":30,"time":1781101771550,"pid":27420,"hostname":"preethika","requestId":"7917e855-e7d5-44ab-9c31-013432258a16","method":"POST","url":"/api/match?random=0.902542203727654","statusCode":429,"executionTimeMs":0.76,"cacheStatus":"n/a","filterParams":{},"paginationParams":{}}
{"level":30,"time":1781101771552,"pid":27420,"hostname":"preethika","requestId":"b8b3065e-1079-483d-acc1-02179dfd9539","method":"POST","url":"/api/match?random=0.4885371221613397","statusCode":429,"executionTimeMs":0.72,"cacheStatus":"n/a","filterParams":{},"paginationParams":{}}
{"level":30,"time":1781101771553,"pid":27420,"hostname":"preethika","requestId":"b7c22d9a-0cd3-4bfb-8970-3de8a1db6131","method":"POST","url":"/api/match?random=0.013328713166343542","statusCode":429,"executionTimeMs":0.93,"cacheStatus":"n/a","filterParams":{},"paginationParams":{}}
{"level":30,"time":1781101771554,"pid":27420,"hostname":"preethika","requestId":"1cb6e1d4-b090-4281-a2cb-d47b6a9eca95","method":"POST","url":"/api/match?random=0.9084949087532797","statusCode":429,"executionTimeMs":0.82,"cacheStatus":"n/a","filterParams":{},"paginationParams":{}}
{"level":30,"time":1781101771556,"pid":27420,"hostname":"preethika","requestId":"ea72b712-c5d3-46ef-8db9-964e0446e011","method":"POST","url":"/api/match?random=0.6283036166520117","statusCode":429,"executionTimeMs":0.85,"cacheStatus":"n/a","filterParams":{},"paginationParams":{}}
{"level":30,"time":1781101771558,"pid":27420,"hostname":"preethika","requestId":"772bbd80-390e-4d0d-9960-0933ecba7abe","method":"POST","url":"/api/match?random=0.6968048390123927","statusCode":429,"executionTimeMs":0.91,"cacheStatus":"n/a","filterParams":{},"paginationParams":{}}
{"level":30,"time":1781101771559,"pid":27420,"hostname":"preethika","requestId":"69132806-a59b-4f93-82b0-67a64585ae25","method":"POST","url":"/api/match?random=0.0012335542687784695","statusCode":429,"executionTimeMs":0.83,"cacheStatus":"n/a","filterParams":{},"paginationParams":{}}
{"level":30,"time":1781101771561,"pid":27420,"hostname":"preethika","requestId":"7203807d-3fd9-4ee6-9817-7a60cd3b0f74","method":"POST","url":"/api/match?random=0.49298701689730473","statusCode":429,"executionTimeMs":0.89,"cacheStatus":"n/a","filterParams":{},"paginationParams":{}}
{"level":30,"time":1781101771562,"pid":27420,"hostname":"preethika","requestId":"5d97129b-b7d1-46e1-b452-59b49410ca95","method":"POST","url":"/api/match?random=0.2059079065822269","statusCode":429,"executionTimeMs":0.96,"cacheStatus":"n/a","filterParams":{},"paginationParams":{}}
{"level":30,"time":1781101771564,"pid":27420,"hostname":"preethika","requestId":"43f4d0a1-d1f8-4e0c-a143-951ea48ea1f3","method":"POST","url":"/api/match?random=0.06580770738433728","statusCode":429,"executionTimeMs":0.9,"cacheStatus":"n/a","filterParams":{},"paginationParams":{}}
{"level":30,"time":1781101771565,"pid":27420,"hostname":"preethika","requestId":"ac9a2fa8-05cb-40f1-a254-6b1ce5e78001","method":"POST","url":"/api/match?random=0.3439611208771798","statusCode":429,"executionTimeMs":1.07,"cacheStatus":"n/a","filterParams":{},"paginationParams":{}}
{"level":30,"time":1781101771567,"pid":27420,"hostname":"preethika","requestId":"03f17693-bfe7-4932-8c54-becb607e0c3d","method":"POST","url":"/api/match?random=0.817420707688302","statusCode":429,"executionTimeMs":1.03,"cacheStatus":"n/a","filterParams":{},"paginationParams":{}}
{"level":30,"time":1781101771569,"pid":27420,"hostname":"preethika","requestId":"8225d44b-6a8e-45ff-af6d-8c7696bff1cf","method":"POST","url":"/api/match?random=0.5080807854430696","statusCode":429,"executionTimeMs":0.97,"cacheStatus":"n/a","filterParams":{},"paginationParams":{}}
{"level":30,"time":1781101771570,"pid":27420,"hostname":"preethika","requestId":"73aeb575-dde0-4b3e-83f0-dc729b5e0a6d","method":"POST","url":"/api/match?random=0.86689886484835","statusCode":429,"executionTimeMs":0.91,"cacheStatus":"n/a","filterParams":{},"paginationParams":{}}
{"level":30,"time":1781101771572,"pid":27420,"hostname":"preethika","requestId":"a6f350ff-5baa-48d8-9967-9fb37038444a","method":"POST","url":"/api/match?random=0.6757625312095021","statusCode":429,"executionTimeMs":0.78,"cacheStatus":"n/a","filterParams":{},"paginationParams":{}}
{"level":30,"time":1781101771573,"pid":27420,"hostname":"preethika","requestId":"d39ef509-6fdf-4785-bc9c-fec931831b62","method":"POST","url":"/api/match?random=0.08407466896767835","statusCode":429,"executionTimeMs":0.65,"cacheStatus":"n/a","filterParams":{},"paginationParams":{}}
{"level":30,"time":1781101771574,"pid":27420,"hostname":"preethika","requestId":"f4ad34b1-ae27-4f04-a451-f0e3198f7f09","method":"POST","url":"/api/match?random=0.6866185846508919","statusCode":429,"executionTimeMs":0.74,"cacheStatus":"n/a","filterParams":{},"paginationParams":{}}
{"level":30,"time":1781101771575,"pid":27420,"hostname":"preethika","requestId":"9b45add7-ca79-403d-bff0-51a5fdc32cee","method":"POST","url":"/api/match?random=0.5926254623710172","statusCode":429,"executionTimeMs":0.69,"cacheStatus":"n/a","filterParams":{},"paginationParams":{}}
{"level":30,"time":1781101771576,"pid":27420,"hostname":"preethika","requestId":"2ea3bad2-f6a0-4e30-a792-780fda03c701","method":"POST","url":"/api/match?random=0.2869340785132031","statusCode":429,"executionTimeMs":0.77,"cacheStatus":"n/a","filterParams":{},"paginationParams":{}}
{"level":30,"time":1781101771577,"pid":27420,"hostname":"preethika","requestId":"f2245eee-fa1c-4ce2-b7f2-175d35a72a51","method":"POST","url":"/api/match?random=0.2000615700289854","statusCode":429,"executionTimeMs":0.7,"cacheStatus":"n/a","filterParams":{},"paginationParams":{}}
{"level":30,"time":1781101771578,"pid":27420,"hostname":"preethika","requestId":"3868d2bd-6c1a-4aee-9586-33d5f24b692d","method":"POST","url":"/api/match?random=0.43212896861689054","statusCode":429,"executionTimeMs":0.69,"cacheStatus":"n/a","filterParams":{},"paginationParams":{}}
{"level":30,"time":1781101771580,"pid":27420,"hostname":"preethika","requestId":"2a6ee2cf-35ba-416d-83e3-6b076a3606e9","method":"POST","url":"/api/match?random=0.1419336742651569","statusCode":429,"executionTimeMs":0.79,"cacheStatus":"n/a","filterParams":{},"paginationParams":{}}
{"level":30,"time":1781101771581,"pid":27420,"hostname":"preethika","requestId":"bf4fb3ed-deb6-4a33-b86f-16caf3a6d4d6","method":"POST","url":"/api/match?random=0.302312353821206","statusCode":429,"executionTimeMs":0.7,"cacheStatus":"n/a","filterParams":{},"paginationParams":{}}
{"level":30,"time":1781101771583,"pid":27420,"hostname":"preethika","requestId":"668768a3-146d-4e54-922a-e95ce32fa867","method":"POST","url":"/api/match?random=0.8190332462825622","statusCode":429,"executionTimeMs":1.2,"cacheStatus":"n/a","filterParams":{},"paginationParams":{}}
{"level":30,"time":1781101771584,"pid":27420,"hostname":"preethika","requestId":"e106f520-86ee-4efe-8859-627bcc293cf8","method":"POST","url":"/api/match?random=0.7498505501915038","statusCode":429,"executionTimeMs":0.85,"cacheStatus":"n/a","filterParams":{},"paginationParams":{}}
{"level":30,"time":1781101771585,"pid":27420,"hostname":"preethika","requestId":"a3f401b8-3712-46be-bf23-db93e4afe60e","method":"POST","url":"/api/match?random=0.9207471442523885","statusCode":429,"executionTimeMs":0.68,"cacheStatus":"n/a","filterParams":{},"paginationParams":{}}
{"level":30,"time":1781101771587,"pid":27420,"hostname":"preethika","requestId":"0c397885-2a67-4bfa-8fd4-46114e9a25ab","method":"POST","url":"/api/match?random=0.7386133367643479","statusCode":429,"executionTimeMs":0.75,"cacheStatus":"n/a","filterParams":{},"paginationParams":{}}
{"level":30,"time":1781101771588,"pid":27420,"hostname":"preethika","requestId":"b4b24b37-0588-46f0-a7e1-f4895133702e","method":"POST","url":"/api/match?random=0.027384953511755183","statusCode":429,"executionTimeMs":0.94,"cacheStatus":"n/a","filterParams":{},"paginationParams":{}}
{"level":30,"time":1781101771590,"pid":27420,"hostname":"preethika","requestId":"c963c92e-4511-4ca2-834d-a0933936b269","method":"POST","url":"/api/match?random=0.9222193172151762","statusCode":429,"executionTimeMs":0.99,"cacheStatus":"n/a","filterParams":{},"paginationParams":{}}
{"level":30,"time":1781101771592,"pid":27420,"hostname":"preethika","requestId":"43c1bb75-bf18-4c85-9629-83ea75cf8f3a","method":"POST","url":"/api/match?random=0.27987484824189224","statusCode":429,"executionTimeMs":1.26,"cacheStatus":"n/a","filterParams":{},"paginationParams":{}}
{"level":30,"time":1781101771594,"pid":27420,"hostname":"preethika","requestId":"0ae312c9-94bf-416e-a55e-f1edec0892fd","method":"POST","url":"/api/match?random=0.9683143642872463","statusCode":429,"executionTimeMs":1.19,"cacheStatus":"n/a","filterParams":{},"paginationParams":{}}
{"level":30,"time":1781101771595,"pid":27420,"hostname":"preethika","requestId":"3f5382f0-7b75-496d-a706-0df5898399b9","method":"POST","url":"/api/match?random=0.4316823601525024","statusCode":429,"executionTimeMs":0.96,"cacheStatus":"n/a","filterParams":{},"paginationParams":{}}
{"level":30,"time":1781101771597,"pid":27420,"hostname":"preethika","requestId":"6951f43e-f74d-4e4f-9d36-e74e3caf0856","method":"POST","url":"/api/match?random=0.4412937165138604","statusCode":429,"executionTimeMs":0.64,"cacheStatus":"n/a","filterParams":{},"paginationParams":{}}
{"level":30,"time":1781101771598,"pid":27420,"hostname":"preethika","requestId":"002f1ba6-364a-44fa-83eb-2d2af87635c9","method":"POST","url":"/api/match?random=0.686433944962386","statusCode":429,"executionTimeMs":0.64,"cacheStatus":"n/a","filterParams":{},"paginationParams":{}}
{"level":30,"time":1781101771599,"pid":27420,"hostname":"preethika","requestId":"e92c800a-6526-491c-981a-fb8c73df8ecf","method":"POST","url":"/api/match?random=0.3281659059672817","statusCode":429,"executionTimeMs":0.54,"cacheStatus":"n/a","filterParams":{},"paginationParams":{}}
{"level":30,"time":1781101771600,"pid":27420,"hostname":"preethika","requestId":"fc9a90dc-615c-453a-8db1-6cfa1132ca81","method":"POST","url":"/api/match?random=0.45828750015688957","statusCode":429,"executionTimeMs":0.69,"cacheStatus":"n/a","filterParams":{},"paginationParams":{}}
{"level":30,"time":1781101771601,"pid":27420,"hostname":"preethika","requestId":"3a902e2f-3ee2-4da8-90bf-1a68d6989bd7","method":"POST","url":"/api/match?random=0.3358144502213707","statusCode":429,"executionTimeMs":0.94,"cacheStatus":"n/a","filterParams":{},"paginationParams":{}}
{"level":30,"time":1781101771887,"pid":27420,"hostname":"preethika","requestId":"cbe23376-6bb0-4831-84c0-b567e2a5c939","method":"POST","url":"/api/match?random=0.8094512615964042","statusCode":429,"executionTimeMs":0.81,"cacheStatus":"n/a","filterParams":{},"paginationParams":{}}
{"level":30,"time":1781101771888,"pid":27420,"hostname":"preethika","requestId":"d6160d6e-ec94-46ee-abe2-3c4f47acbdaa","method":"POST","url":"/api/match?random=0.19276689754928955","statusCode":429,"executionTimeMs":0.67,"cacheStatus":"n/a","filterParams":{},"paginationParams":{}}
{"level":30,"time":1781101771889,"pid":27420,"hostname":"preethika","requestId":"30d21ebf-0a21-4b1d-9ea0-d60f4fc8794e","method":"POST","url":"/api/match?random=0.470151113100155","statusCode":429,"executionTimeMs":0.56,"cacheStatus":"n/a","filterParams":{},"paginationParams":{}}
{"level":30,"time":1781101771890,"pid":27420,"hostname":"preethika","requestId":"478e6449-85e8-4713-a217-533cb833b5e1","method":"POST","url":"/api/match?random=0.9749873050894748","statusCode":429,"executionTimeMs":0.52,"cacheStatus":"n/a","filterParams":{},"paginationParams":{}}
{"level":30,"time":1781101771891,"pid":27420,"hostname":"preethika","requestId":"917d0e0d-94ce-4524-9bd0-ff04e5eb40b8","method":"POST","url":"/api/match?random=0.49419101736204984","statusCode":429,"executionTimeMs":0.54,"cacheStatus":"n/a","filterParams":{},"paginationParams":{}}
{"level":30,"time":1781101771892,"pid":27420,"hostname":"preethika","requestId":"ec679e10-1d9f-4806-a4c7-362244005315","method":"POST","url":"/api/match?random=0.47367546203376687","statusCode":429,"executionTimeMs":0.75,"cacheStatus":"n/a","filterParams":{},"paginationParams":{}}
{"level":30,"time":1781101771893,"pid":27420,"hostname":"preethika","requestId":"3f376fd4-d2b6-4b8f-bec9-0359f99657fa","method":"POST","url":"/api/match?random=0.9012279542482","statusCode":429,"executionTimeMs":0.67,"cacheStatus":"n/a","filterParams":{},"paginationParams":{}}
{"level":30,"time":1781101771894,"pid":27420,"hostname":"preethika","requestId":"87d4f86a-ede8-4dd2-8ed7-b899092c1201","method":"POST","url":"/api/match?random=0.285911853443537","statusCode":429,"executionTimeMs":0.62,"cacheStatus":"n/a","filterParams":{},"paginationParams":{}}
{"level":30,"time":1781101771895,"pid":27420,"hostname":"preethika","requestId":"17269f55-4185-4ffd-971f-cebec14d58cd","method":"POST","url":"/api/match?random=0.47172141296715275","statusCode":429,"executionTimeMs":0.71,"cacheStatus":"n/a","filterParams":{},"paginationParams":{}}
{"level":30,"time":1781101771896,"pid":27420,"hostname":"preethika","requestId":"d504af4c-13cc-4d25-aa8e-fb89b8da0040","method":"POST","url":"/api/match?random=0.7405414736708198","statusCode":429,"executionTimeMs":0.65,"cacheStatus":"n/a","filterParams":{},"paginationParams":{}}
{"level":30,"time":1781101771897,"pid":27420,"hostname":"preethika","requestId":"3e68493c-2044-48e8-8ece-46952ac99a67","method":"POST","url":"/api/match?random=0.36744431523465626","statusCode":429,"executionTimeMs":0.59,"cacheStatus":"n/a","filterParams":{},"paginationParams":{}}
{"level":30,"time":1781101771898,"pid":27420,"hostname":"preethika","requestId":"33014a29-3169-4331-bbdc-41aca8ccdd5d","method":"POST","url":"/api/match?random=0.39830984443982675","statusCode":429,"executionTimeMs":0.56,"cacheStatus":"n/a","filterParams":{},"paginationParams":{}}
{"level":30,"time":1781101771899,"pid":27420,"hostname":"preethika","requestId":"929682d9-1bd3-4eb0-a47c-5184ef461542","method":"POST","url":"/api/match?random=0.4178803580963648","statusCode":429,"executionTimeMs":0.6,"cacheStatus":"n/a","filterParams":{},"paginationParams":{}}
{"level":30,"time":1781101771901,"pid":27420,"hostname":"preethika","requestId":"9cd2dd88-2f97-40bd-9837-3b69914e6d2c","method":"POST","url":"/api/match?random=0.32867867705943676","statusCode":429,"executionTimeMs":0.6,"cacheStatus":"n/a","filterParams":{},"paginationParams":{}}
{"level":30,"time":1781101771902,"pid":27420,"hostname":"preethika","requestId":"2e1a0b61-2d5c-4b9a-802f-337d8abec476","method":"POST","url":"/api/match?random=0.4653650247228829","statusCode":429,"executionTimeMs":0.62,"cacheStatus":"n/a","filterParams":{},"paginationParams":{}}
{"level":30,"time":1781101771903,"pid":27420,"hostname":"preethika","requestId":"c85230e1-f11c-44ac-9012-e48bd917b653","method":"POST","url":"/api/match?random=0.32804382499564566","statusCode":429,"executionTimeMs":0.63,"cacheStatus":"n/a","filterParams":{},"paginationParams":{}}
{"level":30,"time":1781101771904,"pid":27420,"hostname":"preethika","requestId":"6f26c1ff-4525-4890-acdb-c2178328e23b","method":"POST","url":"/api/match?random=0.9030594844762867","statusCode":429,"executionTimeMs":0.75,"cacheStatus":"n/a","filterParams":{},"paginationParams":{}}
{"level":30,"time":1781101771906,"pid":27420,"hostname":"preethika","requestId":"c7a104ce-6894-45e3-9d27-4f7362e62962","method":"POST","url":"/api/match?random=0.5442435209143854","statusCode":429,"executionTimeMs":0.67,"cacheStatus":"n/a","filterParams":{},"paginationParams":{}}
{"level":30,"time":1781101771907,"pid":27420,"hostname":"preethika","requestId":"55981a62-22f6-401c-91a2-16659e760cd5","method":"POST","url":"/api/match?random=0.8759068241263324","statusCode":429,"executionTimeMs":0.64,"cacheStatus":"n/a","filterParams":{},"paginationParams":{}}
{"level":30,"time":1781101771908,"pid":27420,"hostname":"preethika","requestId":"cda54444-ce2a-4d43-aef9-33d3dd977ba2","method":"POST","url":"/api/match?random=0.06032816311162459","statusCode":429,"executionTimeMs":0.82,"cacheStatus":"n/a","filterParams":{},"paginationParams":{}}
{"level":30,"time":1781101771910,"pid":27420,"hostname":"preethika","requestId":"a48b2de5-aef7-4f5d-a23f-1dbac3d13dba","method":"POST","url":"/api/match?random=0.7420020545718973","statusCode":429,"executionTimeMs":0.84,"cacheStatus":"n/a","filterParams":{},"paginationParams":{}}
{"level":30,"time":1781101771911,"pid":27420,"hostname":"preethika","requestId":"8bcaadff-deda-4b7c-b455-a9099e81a977","method":"POST","url":"/api/match?random=0.36129240118327965","statusCode":429,"executionTimeMs":0.82,"cacheStatus":"n/a","filterParams":{},"paginationParams":{}}
{"level":30,"time":1781101771912,"pid":27420,"hostname":"preethika","requestId":"c501b53f-960c-4b98-be21-ddee00c48331","method":"POST","url":"/api/match?random=0.5757237137527771","statusCode":429,"executionTimeMs":0.81,"cacheStatus":"n/a","filterParams":{},"paginationParams":{}}
{"level":30,"time":1781101771914,"pid":27420,"hostname":"preethika","requestId":"36c90677-d574-4d1b-80db-cd7d87916bfa","method":"POST","url":"/api/match?random=0.1723958392952747","statusCode":429,"executionTimeMs":1.19,"cacheStatus":"n/a","filterParams":{},"paginationParams":{}}
{"level":30,"time":1781101771916,"pid":27420,"hostname":"preethika","requestId":"ef254823-e68a-4d01-b14c-e4f52a7cbd29","method":"POST","url":"/api/match?random=0.33572220750424653","statusCode":429,"executionTimeMs":0.85,"cacheStatus":"n/a","filterParams":{},"paginationParams":{}}
{"level":30,"time":1781101771917,"pid":27420,"hostname":"preethika","requestId":"fea42a65-32e2-46ab-9e56-ef2062a9ff46","method":"POST","url":"/api/match?random=0.4303337524613564","statusCode":429,"executionTimeMs":0.84,"cacheStatus":"n/a","filterParams":{},"paginationParams":{}}
{"level":30,"time":1781101771919,"pid":27420,"hostname":"preethika","requestId":"b4ddf00d-c967-48e6-8af0-8a19c5481396","method":"POST","url":"/api/match?random=0.2790287147728159","statusCode":429,"executionTimeMs":0.8,"cacheStatus":"n/a","filterParams":{},"paginationParams":{}}
{"level":30,"time":1781101771920,"pid":27420,"hostname":"preethika","requestId":"84d99728-bcee-4594-802f-c39994894472","method":"POST","url":"/api/match?random=0.9335887879581786","statusCode":429,"executionTimeMs":0.78,"cacheStatus":"n/a","filterParams":{},"paginationParams":{}}
{"level":30,"time":1781101771921,"pid":27420,"hostname":"preethika","requestId":"9f581f9e-b4bd-4963-99fd-f8beb956ef13","method":"POST","url":"/api/match?random=0.9050405124505552","statusCode":429,"executionTimeMs":0.88,"cacheStatus":"n/a","filterParams":{},"paginationParams":{}}
{"level":30,"time":1781101771923,"pid":27420,"hostname":"preethika","requestId":"b098c1f0-f832-4a94-96b3-41b57ad9388c","method":"POST","url":"/api/match?random=0.9681025834404564","statusCode":429,"executionTimeMs":1.05,"cacheStatus":"n/a","filterParams":{},"paginationParams":{}}
{"level":30,"time":1781101771925,"pid":27420,"hostname":"preethika","requestId":"4df8f678-0210-424f-8ac0-cac826e82be0","method":"POST","url":"/api/match?random=0.6538982931296817","statusCode":429,"executionTimeMs":0.99,"cacheStatus":"n/a","filterParams":{},"paginationParams":{}}
{"level":30,"time":1781101771927,"pid":27420,"hostname":"preethika","requestId":"9aa4679e-5701-4e57-810e-11779a916494","method":"POST","url":"/api/match?random=0.5875752171294562","statusCode":429,"executionTimeMs":0.91,"cacheStatus":"n/a","filterParams":{},"paginationParams":{}}
{"level":30,"time":1781101771928,"pid":27420,"hostname":"preethika","requestId":"508e48fb-eee5-42f7-8a72-df6749273a32","method":"POST","url":"/api/match?random=0.7669045555164953","statusCode":429,"executionTimeMs":0.9,"cacheStatus":"n/a","filterParams":{},"paginationParams":{}}
{"level":30,"time":1781101771930,"pid":27420,"hostname":"preethika","requestId":"8bdaf4a2-9bfb-40aa-9472-88b077b2fea8","method":"POST","url":"/api/match?random=0.3939902610736201","statusCode":429,"executionTimeMs":0.96,"cacheStatus":"n/a","filterParams":{},"paginationParams":{}}
{"level":30,"time":1781101771932,"pid":27420,"hostname":"preethika","requestId":"d88dea8b-15ee-4b7c-9eeb-c79eedbe6d7f","method":"POST","url":"/api/match?random=0.9609531363275348","statusCode":429,"executionTimeMs":1.02,"cacheStatus":"n/a","filterParams":{},"paginationParams":{}}
{"level":30,"time":1781101771933,"pid":27420,"hostname":"preethika","requestId":"b53ac7f6-8b37-4e32-8dbc-f6984ae5d51f","method":"POST","url":"/api/match?random=0.467870964118545","statusCode":429,"executionTimeMs":0.85,"cacheStatus":"n/a","filterParams":{},"paginationParams":{}}
{"level":30,"time":1781101771935,"pid":27420,"hostname":"preethika","requestId":"b82d0e3f-7133-4822-b77d-5ffafd62ec5f","method":"POST","url":"/api/match?random=0.9594127776575279","statusCode":429,"executionTimeMs":0.75,"cacheStatus":"n/a","filterParams":{},"paginationParams":{}}
{"level":30,"time":1781101771936,"pid":27420,"hostname":"preethika","requestId":"76dc1d90-64c2-4044-b54b-43ef578ed098","method":"POST","url":"/api/match?random=0.5681535941315581","statusCode":429,"executionTimeMs":0.78,"cacheStatus":"n/a","filterParams":{},"paginationParams":{}}
{"level":30,"time":1781101771955,"pid":27420,"hostname":"preethika","requestId":"c3e07d9c-d79c-465e-a435-61b4273faf30","method":"POST","url":"/api/match?random=0.6290759911859187","statusCode":429,"executionTimeMs":1.46,"cacheStatus":"n/a","filterParams":{},"paginationParams":{}}
{"level":30,"time":1781101771957,"pid":27420,"hostname":"preethika","requestId":"8c07eecf-0f63-40b6-8fae-1d18b3abd1f3","method":"POST","url":"/api/match?random=0.7023163840397759","statusCode":429,"executionTimeMs":0.95,"cacheStatus":"n/a","filterParams":{},"paginationParams":{}}
{"level":30,"time":1781101771958,"pid":27420,"hostname":"preethika","requestId":"dac1c1d3-47db-4239-9729-c18024b379ca","method":"POST","url":"/api/match?random=0.7783653467250828","statusCode":429,"executionTimeMs":0.85,"cacheStatus":"n/a","filterParams":{},"paginationParams":{}}
{"level":30,"time":1781101771974,"pid":27420,"hostname":"preethika","requestId":"3e31a3c6-3f4f-4cb1-b480-be0ccffcb6db","method":"POST","url":"/api/match?random=0.32913882596233757","statusCode":429,"executionTimeMs":6.39,"cacheStatus":"n/a","filterParams":{},"paginationParams":{}}
{"level":30,"time":1781101771976,"pid":27420,"hostname":"preethika","requestId":"1f7f9d29-f1aa-4830-b27a-4f833080c881","method":"POST","url":"/api/match?random=0.6148988757222584","statusCode":429,"executionTimeMs":0.85,"cacheStatus":"n/a","filterParams":{},"paginationParams":{}}
{"level":30,"time":1781101771977,"pid":27420,"hostname":"preethika","requestId":"602c87f6-a5ec-438d-97e0-a0b08cc8ac5f","method":"POST","url":"/api/match?random=0.5476354796600988","statusCode":429,"executionTimeMs":0.76,"cacheStatus":"n/a","filterParams":{},"paginationParams":{}}
{"level":30,"time":1781101771978,"pid":27420,"hostname":"preethika","requestId":"47bb6fae-677a-4e51-8892-7a5660db46c3","method":"POST","url":"/api/match?random=0.6772410281004455","statusCode":429,"executionTimeMs":0.77,"cacheStatus":"n/a","filterParams":{},"paginationParams":{}}
{"level":30,"time":1781101771985,"pid":27420,"hostname":"preethika","requestId":"c0931af0-d3a0-4b0b-a9d9-686012d35581","method":"POST","url":"/api/match?random=0.656056864734933","statusCode":429,"executionTimeMs":0.97,"cacheStatus":"n/a","filterParams":{},"paginationParams":{}}
{"level":30,"time":1781101771986,"pid":27420,"hostname":"preethika","requestId":"92b64171-3302-420b-9b05-5a7aa2f040f7","method":"POST","url":"/api/match?random=0.13978886839519045","statusCode":429,"executionTimeMs":0.82,"cacheStatus":"n/a","filterParams":{},"paginationParams":{}}
{"level":30,"time":1781101771987,"pid":27420,"hostname":"preethika","requestId":"a69e8658-520d-4ba1-aeaa-a30b54f1226b","method":"POST","url":"/api/match?random=0.7849045144473563","statusCode":429,"executionTimeMs":0.82,"cacheStatus":"n/a","filterParams":{},"paginationParams":{}}
{"level":30,"time":1781101771989,"pid":27420,"hostname":"preethika","requestId":"4a25915d-bbe1-44e8-a481-d43a0e475b2a","method":"POST","url":"/api/match?random=0.24935175725039538","statusCode":429,"executionTimeMs":0.83,"cacheStatus":"n/a","filterParams":{},"paginationParams":{}}
{"level":30,"time":1781101771990,"pid":27420,"hostname":"preethika","requestId":"203ce6e5-2675-4f85-978b-61e3fd41146d","method":"POST","url":"/api/match?random=0.6180479431099835","statusCode":429,"executionTimeMs":0.79,"cacheStatus":"n/a","filterParams":{},"paginationParams":{}}
{"level":30,"time":1781101771991,"pid":27420,"hostname":"preethika","requestId":"1d263892-64b8-405e-8118-d9b80b5cc99c","method":"POST","url":"/api/match?random=0.8943310908934663","statusCode":429,"executionTimeMs":0.8,"cacheStatus":"n/a","filterParams":{},"paginationParams":{}}
{"level":30,"time":1781101771993,"pid":27420,"hostname":"preethika","requestId":"f2366137-5a61-41d7-939d-b458e6713741","method":"POST","url":"/api/match?random=0.1072843823808658","statusCode":429,"executionTimeMs":0.78,"cacheStatus":"n/a","filterParams":{},"paginationParams":{}}
{"level":30,"time":1781101771994,"pid":27420,"hostname":"preethika","requestId":"af107604-3cd2-49f7-b0e3-81035156e164","method":"POST","url":"/api/match?random=0.59852018949614","statusCode":429,"executionTimeMs":1,"cacheStatus":"n/a","filterParams":{},"paginationParams":{}}
{"level":30,"time":1781101771996,"pid":27420,"hostname":"preethika","requestId":"3736b30d-97d9-4cd6-bc04-cb7c20d384ba","method":"POST","url":"/api/match?random=0.1867975821327006","statusCode":429,"executionTimeMs":0.86,"cacheStatus":"n/a","filterParams":{},"paginationParams":{}}
{"level":30,"time":1781101771997,"pid":27420,"hostname":"preethika","requestId":"0d40788a-cfb5-4b78-83d8-4f7cbb219fad","method":"POST","url":"/api/match?random=0.7953954668707972","statusCode":429,"executionTimeMs":0.81,"cacheStatus":"n/a","filterParams":{},"paginationParams":{}}
{"level":30,"time":1781101771999,"pid":27420,"hostname":"preethika","requestId":"820fbd63-8f14-41d6-9612-65f5c1ca9783","method":"POST","url":"/api/match?random=0.5680648577517329","statusCode":429,"executionTimeMs":0.84,"cacheStatus":"n/a","filterParams":{},"paginationParams":{}}
{"level":30,"time":1781101772000,"pid":27420,"hostname":"preethika","requestId":"2c2c4bf4-d625-4fc4-8e31-02e43be33d59","method":"POST","url":"/api/match?random=0.4950757408191775","statusCode":429,"executionTimeMs":0.7,"cacheStatus":"n/a","filterParams":{},"paginationParams":{}}
{"level":30,"time":1781101772001,"pid":27420,"hostname":"preethika","requestId":"dc77987b-3cb4-4626-b91d-15e9effea7d6","method":"POST","url":"/api/match?random=0.06109859957191843","statusCode":429,"executionTimeMs":0.82,"cacheStatus":"n/a","filterParams":{},"paginationParams":{}}
{"level":30,"time":1781101772002,"pid":27420,"hostname":"preethika","requestId":"2d47a012-1c3c-4b51-b368-c0b77ebebdfe","method":"POST","url":"/api/match?random=0.2752347530654915","statusCode":429,"executionTimeMs":0.69,"cacheStatus":"n/a","filterParams":{},"paginationParams":{}}
{"level":30,"time":1781101772004,"pid":27420,"hostname":"preethika","requestId":"6d015715-e096-49da-ae36-1746603b47ae","method":"POST","url":"/api/match?random=0.08775901911715289","statusCode":429,"executionTimeMs":0.69,"cacheStatus":"n/a","filterParams":{},"paginationParams":{}}
{"level":30,"time":1781101772005,"pid":27420,"hostname":"preethika","requestId":"9c5dee5a-bb8d-40c7-95d2-6e792efbb48b","method":"POST","url":"/api/match?random=0.47633327445941376","statusCode":429,"executionTimeMs":0.75,"cacheStatus":"n/a","filterParams":{},"paginationParams":{}}
{"level":30,"time":1781101772006,"pid":27420,"hostname":"preethika","requestId":"39d4eb1c-796a-42a1-9414-07fe0bc49627","method":"POST","url":"/api/match?random=0.248322939258673","statusCode":429,"executionTimeMs":0.9,"cacheStatus":"n/a","filterParams":{},"paginationParams":{}}
{"level":30,"time":1781101772008,"pid":27420,"hostname":"preethika","requestId":"14f82f9b-360c-42be-84cb-7963d2009031","method":"POST","url":"/api/match?random=0.4031552055238512","statusCode":429,"executionTimeMs":0.67,"cacheStatus":"n/a","filterParams":{},"paginationParams":{}}
{"level":30,"time":1781101772009,"pid":27420,"hostname":"preethika","requestId":"9a6e544a-f548-4d91-b7fa-d35ca567ede6","method":"POST","url":"/api/match?random=0.8100499766741707","statusCode":429,"executionTimeMs":0.71,"cacheStatus":"n/a","filterParams":{},"paginationParams":{}}
{"level":30,"time":1781101772010,"pid":27420,"hostname":"preethika","requestId":"91725330-669a-41fc-8111-fa915381ea49","method":"POST","url":"/api/match?random=0.7040547070668399","statusCode":429,"executionTimeMs":0.82,"cacheStatus":"n/a","filterParams":{},"paginationParams":{}}
{"level":30,"time":1781101772012,"pid":27420,"hostname":"preethika","requestId":"ab46c583-981a-45b3-9067-17757e019982","method":"POST","url":"/api/match?random=0.3753371875044069","statusCode":429,"executionTimeMs":0.91,"cacheStatus":"n/a","filterParams":{},"paginationParams":{}}
{"level":30,"time":1781101772014,"pid":27420,"hostname":"preethika","requestId":"45afe5eb-0f06-412f-a9d8-8dba83940ee7","method":"POST","url":"/api/match?random=0.1819739748737077","statusCode":429,"executionTimeMs":0.88,"cacheStatus":"n/a","filterParams":{},"paginationParams":{}}
{"level":30,"time":1781101772015,"pid":27420,"hostname":"preethika","requestId":"052825ce-e0d6-47af-9ed3-8a42e6773a49","method":"POST","url":"/api/match?random=0.6409282801836276","statusCode":429,"executionTimeMs":0.91,"cacheStatus":"n/a","filterParams":{},"paginationParams":{}}
{"level":30,"time":1781101772017,"pid":27420,"hostname":"preethika","requestId":"fe827aab-778d-432e-a9da-4f97127bff71","method":"POST","url":"/api/match?random=0.26840994451777656","statusCode":429,"executionTimeMs":0.96,"cacheStatus":"n/a","filterParams":{},"paginationParams":{}}
{"level":30,"time":1781101772019,"pid":27420,"hostname":"preethika","requestId":"caaf249d-9ae9-4731-86d7-6ddff8a0b330","method":"POST","url":"/api/match?random=0.8276053630558615","statusCode":429,"executionTimeMs":1.07,"cacheStatus":"n/a","filterParams":{},"paginationParams":{}}
{"level":30,"time":1781101772029,"pid":27420,"hostname":"preethika","requestId":"e5b88660-b640-419a-b964-eec47254322a","method":"POST","url":"/api/match?random=0.9798554488364275","statusCode":429,"executionTimeMs":8.96,"cacheStatus":"n/a","filterParams":{},"paginationParams":{}}
{"level":30,"time":1781101772035,"pid":27420,"hostname":"preethika","requestId":"b2e9f67d-0820-43ec-9663-70fb192fb4c7","method":"POST","url":"/api/match?random=0.5727120302321695","statusCode":429,"executionTimeMs":1.14,"cacheStatus":"n/a","filterParams":{},"paginationParams":{}}
{"level":30,"time":1781101772037,"pid":27420,"hostname":"preethika","requestId":"c4a64e7a-8f67-4967-a3a7-018886b2c721","method":"POST","url":"/api/match?random=0.02661891506042191","statusCode":429,"executionTimeMs":0.93,"cacheStatus":"n/a","filterParams":{},"paginationParams":{}}
{"level":30,"time":1781101772039,"pid":27420,"hostname":"preethika","requestId":"b2f837a5-3d0c-4a73-9e4f-03b4bb47dcc3","method":"POST","url":"/api/match?random=0.18977898316135922","statusCode":429,"executionTimeMs":2.07,"cacheStatus":"n/a","filterParams":{},"paginationParams":{}}
{"level":30,"time":1781101772041,"pid":27420,"hostname":"preethika","requestId":"319da9df-dc87-424c-af7b-845b72d9a1ff","method":"POST","url":"/api/match?random=0.059042163816494186","statusCode":429,"executionTimeMs":1.2,"cacheStatus":"n/a","filterParams":{},"paginationParams":{}}
{"level":30,"time":1781101772044,"pid":27420,"hostname":"preethika","requestId":"cc0d98ce-6ae3-4fd3-b120-32b5d1beea18","method":"POST","url":"/api/match?random=0.45783609831512506","statusCode":429,"executionTimeMs":1.3,"cacheStatus":"n/a","filterParams":{},"paginationParams":{}}
{"level":30,"time":1781101772047,"pid":27420,"hostname":"preethika","requestId":"5ac23da9-dbdc-47db-b234-e62800dae448","method":"POST","url":"/api/match?random=0.5187705912235019","statusCode":429,"executionTimeMs":2.05,"cacheStatus":"n/a","filterParams":{},"paginationParams":{}}
{"level":30,"time":1781101772050,"pid":27420,"hostname":"preethika","requestId":"00eb5b70-2a01-4a3b-9951-f5585ab9c42c","method":"POST","url":"/api/match?random=0.19291877459272122","statusCode":429,"executionTimeMs":1.86,"cacheStatus":"n/a","filterParams":{},"paginationParams":{}}
{"level":30,"time":1781101772052,"pid":27420,"hostname":"preethika","requestId":"06730629-6f91-4338-b396-de86370b109b","method":"POST","url":"/api/match?random=0.18178571241560526","statusCode":429,"executionTimeMs":1.25,"cacheStatus":"n/a","filterParams":{},"paginationParams":{}}
{"level":30,"time":1781101772054,"pid":27420,"hostname":"preethika","requestId":"09317792-3de6-41a0-8462-d5ba820ddb7e","method":"POST","url":"/api/match?random=0.3759251122756637","statusCode":429,"executionTimeMs":1.34,"cacheStatus":"n/a","filterParams":{},"paginationParams":{}}
{"level":30,"time":1781101772056,"pid":27420,"hostname":"preethika","requestId":"729dca56-6d06-4169-b3bc-a57612dee243","method":"POST","url":"/api/match?random=0.26169872274236194","statusCode":429,"executionTimeMs":1.18,"cacheStatus":"n/a","filterParams":{},"paginationParams":{}}
{"level":30,"time":1781101772058,"pid":27420,"hostname":"preethika","requestId":"39e2163d-cd51-42f8-aff0-12aa73e0b466","method":"POST","url":"/api/match?random=0.47432817915490966","statusCode":429,"executionTimeMs":1.3,"cacheStatus":"n/a","filterParams":{},"paginationParams":{}}
{"level":30,"time":1781101772060,"pid":27420,"hostname":"preethika","requestId":"17e3ad8d-34b4-4783-8b5a-a5d79b00176b","method":"POST","url":"/api/match?random=0.8794628971103768","statusCode":429,"executionTimeMs":0.91,"cacheStatus":"n/a","filterParams":{},"paginationParams":{}}
{"level":30,"time":1781101772061,"pid":27420,"hostname":"preethika","requestId":"caccea4d-9bdd-47b9-a3b1-0986ee907b63","method":"POST","url":"/api/match?random=0.4248733852377633","statusCode":429,"executionTimeMs":0.86,"cacheStatus":"n/a","filterParams":{},"paginationParams":{}}
{"level":30,"time":1781101772063,"pid":27420,"hostname":"preethika","requestId":"9521905a-761a-406d-bf13-559167ebd88c","method":"POST","url":"/api/match?random=0.8736266777387485","statusCode":429,"executionTimeMs":1.01,"cacheStatus":"n/a","filterParams":{},"paginationParams":{}}
{"level":30,"time":1781101772066,"pid":27420,"hostname":"preethika","requestId":"28894196-909d-42bc-864b-a40d9f5b0517","method":"POST","url":"/api/match?random=0.7148490635338809","statusCode":429,"executionTimeMs":1.25,"cacheStatus":"n/a","filterParams":{},"paginationParams":{}}
{"level":30,"time":1781101772068,"pid":27420,"hostname":"preethika","requestId":"4a71fc0f-5626-48c0-b93f-624f3075f462","method":"POST","url":"/api/match?random=0.37629790660057005","statusCode":429,"executionTimeMs":1.35,"cacheStatus":"n/a","filterParams":{},"paginationParams":{}}
{"level":30,"time":1781101772069,"pid":27420,"hostname":"preethika","requestId":"eaf9ffa6-ba37-46a4-8458-e08cbd12d078","method":"POST","url":"/api/match?random=0.13667787799763076","statusCode":429,"executionTimeMs":0.92,"cacheStatus":"n/a","filterParams":{},"paginationParams":{}}
{"level":30,"time":1781101772071,"pid":27420,"hostname":"preethika","requestId":"72bdfbf0-b180-483b-9250-81e2bfcbf31c","method":"POST","url":"/api/match?random=0.20749465572078285","statusCode":429,"executionTimeMs":0.92,"cacheStatus":"n/a","filterParams":{},"paginationParams":{}}
{"level":30,"time":1781101772073,"pid":27420,"hostname":"preethika","requestId":"5d4e67cd-97da-4004-b84d-c58d525ab14b","method":"POST","url":"/api/match?random=0.3041916827080411","statusCode":429,"executionTimeMs":1.22,"cacheStatus":"n/a","filterParams":{},"paginationParams":{}}
{"level":30,"time":1781101772076,"pid":27420,"hostname":"preethika","requestId":"e8a88d18-9fb3-4917-a5db-0394f3b336dd","method":"POST","url":"/api/match?random=0.2039027895358032","statusCode":429,"executionTimeMs":1.32,"cacheStatus":"n/a","filterParams":{},"paginationParams":{}}
{"level":30,"time":1781101772078,"pid":27420,"hostname":"preethika","requestId":"ea14698d-fe5e-4c41-a0ad-34fc9191732e","method":"POST","url":"/api/match?random=0.8107375237020127","statusCode":429,"executionTimeMs":1.46,"cacheStatus":"n/a","filterParams":{},"paginationParams":{}}
{"level":30,"time":1781101772081,"pid":27420,"hostname":"preethika","requestId":"68fd529c-ccb3-454e-8e05-a125f8a84f8b","method":"POST","url":"/api/match?random=0.3246600502294925","statusCode":429,"executionTimeMs":1.33,"cacheStatus":"n/a","filterParams":{},"paginationParams":{}}
{"level":30,"time":1781101772084,"pid":27420,"hostname":"preethika","requestId":"5a521a84-6297-4179-ba7b-2f2eba85e443","method":"POST","url":"/api/match?random=0.24032247086917513","statusCode":429,"executionTimeMs":1.78,"cacheStatus":"n/a","filterParams":{},"paginationParams":{}}
{"level":30,"time":1781101772086,"pid":27420,"hostname":"preethika","requestId":"a4c7832b-9696-4a57-bea5-ad91d27c1276","method":"POST","url":"/api/match?random=0.12573244978532427","statusCode":429,"executionTimeMs":1.29,"cacheStatus":"n/a","filterParams":{},"paginationParams":{}}
{"level":30,"time":1781101772088,"pid":27420,"hostname":"preethika","requestId":"526390a7-0ddc-4e15-86f4-3e66cf3a425e","method":"POST","url":"/api/match?random=0.5731140242879049","statusCode":429,"executionTimeMs":1.12,"cacheStatus":"n/a","filterParams":{},"paginationParams":{}}
{"level":30,"time":1781101772091,"pid":27420,"hostname":"preethika","requestId":"bf626bcd-36a0-42af-b8ca-9bfb822df851","method":"POST","url":"/api/match?random=0.3728216966976279","statusCode":429,"executionTimeMs":1.43,"cacheStatus":"n/a","filterParams":{},"paginationParams":{}}
{"level":30,"time":1781101772094,"pid":27420,"hostname":"preethika","requestId":"23a2570c-bf78-4a37-839a-eb322c646c88","method":"POST","url":"/api/match?random=0.009766190008539066","statusCode":429,"executionTimeMs":1.86,"cacheStatus":"n/a","filterParams":{},"paginationParams":{}}
{"level":30,"time":1781101772097,"pid":27420,"hostname":"preethika","requestId":"3e23b356-9cee-4ac4-8c10-9032ab950c5c","method":"POST","url":"/api/match?random=0.15903974475655236","statusCode":429,"executionTimeMs":2.54,"cacheStatus":"n/a","filterParams":{},"paginationParams":{}}
{"level":30,"time":1781101772103,"pid":27420,"hostname":"preethika","requestId":"02da2135-d318-4384-a793-9021e00fd4de","method":"POST","url":"/api/match?random=0.3773097735611082","statusCode":429,"executionTimeMs":1.42,"cacheStatus":"n/a","filterParams":{},"paginationParams":{}}
{"level":30,"time":1781101772113,"pid":27420,"hostname":"preethika","requestId":"99e7be39-5760-4eb2-b4a9-258eff1d9086","method":"POST","url":"/api/match?random=0.38124496131589325","statusCode":429,"executionTimeMs":1.39,"cacheStatus":"n/a","filterParams":{},"paginationParams":{}}
{"level":30,"time":1781101772115,"pid":27420,"hostname":"preethika","requestId":"28ab11c4-9197-45d0-bf7e-f675618a953a","method":"POST","url":"/api/match?random=0.16228991685843974","statusCode":429,"executionTimeMs":1.26,"cacheStatus":"n/a","filterParams":{},"paginationParams":{}}
{"level":30,"time":1781101772117,"pid":27420,"hostname":"preethika","requestId":"96c0fa53-9937-4e1c-b25c-8bccc736f0d7","method":"POST","url":"/api/match?random=0.5665588321983173","statusCode":429,"executionTimeMs":1,"cacheStatus":"n/a","filterParams":{},"paginationParams":{}}
{"level":30,"time":1781101772160,"pid":27420,"hostname":"preethika","requestId":"a9b3d442-431a-41a3-988a-eb366ade1ff6","method":"POST","url":"/api/match?random=0.5773919798582032","statusCode":429,"executionTimeMs":42.75,"cacheStatus":"n/a","filterParams":{},"paginationParams":{}}
{"level":30,"time":1781101772164,"pid":27420,"hostname":"preethika","requestId":"c0842f63-ed2d-485d-a90a-a9af85f5e000","method":"POST","url":"/api/match?random=0.649870260391352","statusCode":429,"executionTimeMs":2.71,"cacheStatus":"n/a","filterParams":{},"paginationParams":{}}
{"level":30,"time":1781101772192,"pid":27420,"hostname":"preethika","requestId":"c3e7b240-1580-442e-8d4c-52380e0595dc","method":"POST","url":"/api/match?random=0.1965441710017255","statusCode":429,"executionTimeMs":1.49,"cacheStatus":"n/a","filterParams":{},"paginationParams":{}}
{"level":30,"time":1781101772205,"pid":27420,"hostname":"preethika","requestId":"a29aa344-f397-4347-815b-1d772f167c7d","method":"POST","url":"/api/match?random=0.1604309466097278","statusCode":429,"executionTimeMs":1.93,"cacheStatus":"n/a","filterParams":{},"paginationParams":{}}
{"level":30,"time":1781101772208,"pid":27420,"hostname":"preethika","requestId":"d8821002-45ec-4546-9337-e956c8f0eed9","method":"POST","url":"/api/match?random=0.6023523429552928","statusCode":429,"executionTimeMs":1.92,"cacheStatus":"n/a","filterParams":{},"paginationParams":{}}
{"level":30,"time":1781101772211,"pid":27420,"hostname":"preethika","requestId":"b0155c2f-7dc2-4103-a0af-716b65103718","method":"POST","url":"/api/match?random=0.6176963748330722","statusCode":429,"executionTimeMs":1.41,"cacheStatus":"n/a","filterParams":{},"paginationParams":{}}
{"level":30,"time":1781101772215,"pid":27420,"hostname":"preethika","requestId":"f28d4a3a-f5d4-4d48-9608-658e2d68b642","method":"POST","url":"/api/match?random=0.8094305091015606","statusCode":429,"executionTimeMs":3.21,"cacheStatus":"n/a","filterParams":{},"paginationParams":{}}
{"level":30,"time":1781101772218,"pid":27420,"hostname":"preethika","requestId":"8cd291ea-e612-4caf-a4be-137ca81289d3","method":"POST","url":"/api/match?random=0.11161448651428474","statusCode":429,"executionTimeMs":1.56,"cacheStatus":"n/a","filterParams":{},"paginationParams":{}}
{"level":30,"time":1781101772222,"pid":27420,"hostname":"preethika","requestId":"d21af4eb-9a64-4752-9be5-ab2e487c6c00","method":"POST","url":"/api/match?random=0.8985260999919642","statusCode":429,"executionTimeMs":3.18,"cacheStatus":"n/a","filterParams":{},"paginationParams":{}}
{"level":30,"time":1781101772224,"pid":27420,"hostname":"preethika","requestId":"597063c5-3170-4ec5-81af-762011a32973","method":"POST","url":"/api/match?random=0.3147100077021572","statusCode":429,"executionTimeMs":0.95,"cacheStatus":"n/a","filterParams":{},"paginationParams":{}}
{"level":30,"time":1781101772225,"pid":27420,"hostname":"preethika","requestId":"6a91b8c1-3185-4ac0-9d36-7e64264ac7e3","method":"POST","url":"/api/match?random=0.159354199605501","statusCode":429,"executionTimeMs":0.91,"cacheStatus":"n/a","filterParams":{},"paginationParams":{}}
{"level":30,"time":1781101772227,"pid":27420,"hostname":"preethika","requestId":"46d90ccf-705f-4c45-a2aa-a5bce6db1173","method":"POST","url":"/api/match?random=0.5839090445704456","statusCode":429,"executionTimeMs":0.92,"cacheStatus":"n/a","filterParams":{},"paginationParams":{}}
{"level":30,"time":1781101772229,"pid":27420,"hostname":"preethika","requestId":"80caaec4-5fef-4d5f-a781-7426302ee391","method":"POST","url":"/api/match?random=0.49143851302418184","statusCode":429,"executionTimeMs":1.03,"cacheStatus":"n/a","filterParams":{},"paginationParams":{}}
{"level":30,"time":1781101772230,"pid":27420,"hostname":"preethika","requestId":"29f93657-4a61-4af8-821b-d31c3272d326","method":"POST","url":"/api/match?random=0.8651892654677","statusCode":429,"executionTimeMs":0.87,"cacheStatus":"n/a","filterParams":{},"paginationParams":{}}
{"level":30,"time":1781101772232,"pid":27420,"hostname":"preethika","requestId":"1e34e29c-e2ac-4813-b25c-6f7194ccaa2e","method":"POST","url":"/api/match?random=0.9938632761244428","statusCode":429,"executionTimeMs":0.82,"cacheStatus":"n/a","filterParams":{},"paginationParams":{}}
{"level":30,"time":1781101772233,"pid":27420,"hostname":"preethika","requestId":"2a7c419e-e729-4cf3-8724-523138f91c57","method":"POST","url":"/api/match?random=0.053003660921371765","statusCode":429,"executionTimeMs":0.95,"cacheStatus":"n/a","filterParams":{},"paginationParams":{}}
{"level":30,"time":1781101772235,"pid":27420,"hostname":"preethika","requestId":"77bfa36d-0d1d-4389-8308-f32755ba0912","method":"POST","url":"/api/match?random=0.9244613983468211","statusCode":429,"executionTimeMs":1.02,"cacheStatus":"n/a","filterParams":{},"paginationParams":{}}
{"level":30,"time":1781101772237,"pid":27420,"hostname":"preethika","requestId":"5e2bfe8a-25c3-4402-8128-cb18f61b74bb","method":"POST","url":"/api/match?random=0.8953936819705104","statusCode":429,"executionTimeMs":0.89,"cacheStatus":"n/a","filterParams":{},"paginationParams":{}}
{"level":30,"time":1781101772238,"pid":27420,"hostname":"preethika","requestId":"50efbad0-aaf5-4a44-a506-9b960336684f","method":"POST","url":"/api/match?random=0.7336935532363773","statusCode":429,"executionTimeMs":1.04,"cacheStatus":"n/a","filterParams":{},"paginationParams":{}}
{"level":30,"time":1781101772240,"pid":27420,"hostname":"preethika","requestId":"d163e400-52d3-4be3-b89c-7983e256e142","method":"POST","url":"/api/match?random=0.0011721897786516333","statusCode":429,"executionTimeMs":1.11,"cacheStatus":"n/a","filterParams":{},"paginationParams":{}}
{"level":30,"time":1781101772242,"pid":27420,"hostname":"preethika","requestId":"c95a43c1-591f-4185-b771-3d1c459f4add","method":"POST","url":"/api/match?random=0.03165276701076447","statusCode":429,"executionTimeMs":0.93,"cacheStatus":"n/a","filterParams":{},"paginationParams":{}}
{"level":30,"time":1781101772251,"pid":27420,"hostname":"preethika","requestId":"c02b6036-ae9a-48d4-8c80-24cc529e8fa5","method":"POST","url":"/api/match?random=0.010427692163080815","statusCode":429,"executionTimeMs":8.25,"cacheStatus":"n/a","filterParams":{},"paginationParams":{}}
{"level":30,"time":1781101772253,"pid":27420,"hostname":"preethika","requestId":"909af825-39a7-4135-9a1f-1fb1dfb4ebfb","method":"POST","url":"/api/match?random=0.5643670913893766","statusCode":429,"executionTimeMs":1.17,"cacheStatus":"n/a","filterParams":{},"paginationParams":{}}
{"level":30,"time":1781101772255,"pid":27420,"hostname":"preethika","requestId":"8dde7985-82b0-416d-bc56-7cfde3811b05","method":"POST","url":"/api/match?random=0.4754676993409863","statusCode":429,"executionTimeMs":1.54,"cacheStatus":"n/a","filterParams":{},"paginationParams":{}}
{"level":30,"time":1781101772258,"pid":27420,"hostname":"preethika","requestId":"dcb07a1d-6de3-46ac-af6b-a154cd3378a2","method":"POST","url":"/api/match?random=0.5464853443121482","statusCode":429,"executionTimeMs":1.69,"cacheStatus":"n/a","filterParams":{},"paginationParams":{}}
{"level":30,"time":1781101772260,"pid":27420,"hostname":"preethika","requestId":"bdd47a63-ac23-4e3c-b9c0-6b8f8739e3d9","method":"POST","url":"/api/match?random=0.8382791983357314","statusCode":429,"executionTimeMs":1.21,"cacheStatus":"n/a","filterParams":{},"paginationParams":{}}
{"level":30,"time":1781101772265,"pid":27420,"hostname":"preethika","requestId":"99d272bb-3718-4a60-a356-535d613f1b34","method":"POST","url":"/api/match?random=0.5431959990965498","statusCode":429,"executionTimeMs":4.08,"cacheStatus":"n/a","filterParams":{},"paginationParams":{}}
{"level":30,"time":1781101772269,"pid":27420,"hostname":"preethika","requestId":"b1d31086-2e91-4fb8-8180-d59f073e72c9","method":"POST","url":"/api/match?random=0.6743621018108372","statusCode":429,"executionTimeMs":1.38,"cacheStatus":"n/a","filterParams":{},"paginationParams":{}}
{"level":30,"time":1781101772270,"pid":27420,"hostname":"preethika","requestId":"00cdbdfb-8e12-4b3e-b3a4-192a8326cc70","method":"POST","url":"/api/match?random=0.2963244638136344","statusCode":429,"executionTimeMs":0.85,"cacheStatus":"n/a","filterParams":{},"paginationParams":{}}
{"level":30,"time":1781101772272,"pid":27420,"hostname":"preethika","requestId":"0cc9b4bd-1c91-4fb2-9a73-373e7706cce5","method":"POST","url":"/api/match?random=0.21103115742302303","statusCode":429,"executionTimeMs":0.91,"cacheStatus":"n/a","filterParams":{},"paginationParams":{}}
{"level":30,"time":1781101772273,"pid":27420,"hostname":"preethika","requestId":"38d5b679-4f86-4dcb-bb4a-89f1cafeeccb","method":"POST","url":"/api/match?random=0.23920675935820568","statusCode":429,"executionTimeMs":0.95,"cacheStatus":"n/a","filterParams":{},"paginationParams":{}}
{"level":30,"time":1781101772275,"pid":27420,"hostname":"preethika","requestId":"75cb7b05-17fe-4a0b-9ff5-798e812aa6fe","method":"POST","url":"/api/match?random=0.02936693343952923","statusCode":429,"executionTimeMs":0.86,"cacheStatus":"n/a","filterParams":{},"paginationParams":{}}
{"level":30,"time":1781101772278,"pid":27420,"hostname":"preethika","requestId":"72eaa6d1-2e30-4932-a661-bde41d9f786c","method":"POST","url":"/api/match?random=0.03560525825154026","statusCode":429,"executionTimeMs":2.41,"cacheStatus":"n/a","filterParams":{},"paginationParams":{}}
{"level":30,"time":1781101772280,"pid":27420,"hostname":"preethika","requestId":"3b9580c4-2101-47a6-9947-07ad65bb64f8","method":"POST","url":"/api/match?random=0.45201271168140345","statusCode":429,"executionTimeMs":1.4,"cacheStatus":"n/a","filterParams":{},"paginationParams":{}}
{"level":30,"time":1781101772289,"pid":27420,"hostname":"preethika","requestId":"3babb0ce-017a-47e4-be8d-671a70fdc2a9","method":"POST","url":"/api/match?random=0.009182612772010268","statusCode":429,"executionTimeMs":1.15,"cacheStatus":"n/a","filterParams":{},"paginationParams":{}}
{"level":30,"time":1781101772293,"pid":27420,"hostname":"preethika","requestId":"5af409e7-008d-4f28-94d0-eec32281a0d2","method":"POST","url":"/api/match?random=0.23077531987983013","statusCode":429,"executionTimeMs":1.03,"cacheStatus":"n/a","filterParams":{},"paginationParams":{}}
{"level":30,"time":1781101772295,"pid":27420,"hostname":"preethika","requestId":"6028b3fd-69b6-4b37-a47b-915ea253b5e1","method":"POST","url":"/api/match?random=0.000633907851456339","statusCode":429,"executionTimeMs":0.9,"cacheStatus":"n/a","filterParams":{},"paginationParams":{}}
{"level":30,"time":1781101772296,"pid":27420,"hostname":"preethika","requestId":"fb8f7635-1826-4a56-82dc-8c10e4cf1273","method":"POST","url":"/api/match?random=0.7589190182559131","statusCode":429,"executionTimeMs":0.98,"cacheStatus":"n/a","filterParams":{},"paginationParams":{}}
{"level":30,"time":1781101772298,"pid":27420,"hostname":"preethika","requestId":"40c7ebc1-d4c7-45f1-9700-52eee09d82b2","method":"POST","url":"/api/match?random=0.8638391692532212","statusCode":429,"executionTimeMs":0.77,"cacheStatus":"n/a","filterParams":{},"paginationParams":{}}
{"level":30,"time":1781101772299,"pid":27420,"hostname":"preethika","requestId":"aa05aa8a-b09b-4c76-bc0c-39359a774a49","method":"POST","url":"/api/match?random=0.09360098059448507","statusCode":429,"executionTimeMs":0.99,"cacheStatus":"n/a","filterParams":{},"paginationParams":{}}
{"level":30,"time":1781101772301,"pid":27420,"hostname":"preethika","requestId":"9df8fb22-4315-4b98-b7ae-f73c0ed7ea0a","method":"POST","url":"/api/match?random=0.40081241742038","statusCode":429,"executionTimeMs":1.05,"cacheStatus":"n/a","filterParams":{},"paginationParams":{}}
{"level":30,"time":1781101772303,"pid":27420,"hostname":"preethika","requestId":"dae19fb5-be30-480c-8936-8a8fb242c39a","method":"POST","url":"/api/match?random=0.28155669070744427","statusCode":429,"executionTimeMs":1.25,"cacheStatus":"n/a","filterParams":{},"paginationParams":{}}
{"level":30,"time":1781101772305,"pid":27420,"hostname":"preethika","requestId":"838f98a2-4e8e-4e56-bce0-a92db2957b91","method":"POST","url":"/api/match?random=0.0687626426320711","statusCode":429,"executionTimeMs":1.25,"cacheStatus":"n/a","filterParams":{},"paginationParams":{}}
{"level":30,"time":1781101772307,"pid":27420,"hostname":"preethika","requestId":"8e280858-42c0-44bd-8e97-d9e7a9e64c17","method":"POST","url":"/api/match?random=0.5917473620855713","statusCode":429,"executionTimeMs":0.97,"cacheStatus":"n/a","filterParams":{},"paginationParams":{}}
{"level":30,"time":1781101772313,"pid":27420,"hostname":"preethika","requestId":"75cf7d17-cc54-4e4f-8c84-900c16876d7e","method":"POST","url":"/api/match?random=0.797708894206665","statusCode":429,"executionTimeMs":5.03,"cacheStatus":"n/a","filterParams":{},"paginationParams":{}}
{"level":30,"time":1781101772315,"pid":27420,"hostname":"preethika","requestId":"9e6ff132-1164-4ae8-94f7-188f4b892cf4","method":"POST","url":"/api/match?random=0.12424695157762189","statusCode":429,"executionTimeMs":1.21,"cacheStatus":"n/a","filterParams":{},"paginationParams":{}}
{"level":30,"time":1781101772317,"pid":27420,"hostname":"preethika","requestId":"8fa9ec01-7b0a-4707-a734-384559bf363a","method":"POST","url":"/api/match?random=0.24191049128863784","statusCode":429,"executionTimeMs":1.08,"cacheStatus":"n/a","filterParams":{},"paginationParams":{}}
{"level":30,"time":1781101772319,"pid":27420,"hostname":"preethika","requestId":"81d6f697-871a-4568-b10d-ec265ff9c779","method":"POST","url":"/api/match?random=0.5950597968372395","statusCode":429,"executionTimeMs":1.21,"cacheStatus":"n/a","filterParams":{},"paginationParams":{}}
{"level":30,"time":1781101772321,"pid":27420,"hostname":"preethika","requestId":"5eb2953e-e0bd-4f55-8c9f-814bcfbad2c0","method":"POST","url":"/api/match?random=0.014656314043708818","statusCode":429,"executionTimeMs":1.02,"cacheStatus":"n/a","filterParams":{},"paginationParams":{}}
{"level":30,"time":1781101772323,"pid":27420,"hostname":"preethika","requestId":"ac883a91-fed2-42d2-9f4b-715d027ead79","method":"POST","url":"/api/match?random=0.41385610370829884","statusCode":429,"executionTimeMs":0.84,"cacheStatus":"n/a","filterParams":{},"paginationParams":{}}
{"level":30,"time":1781101772324,"pid":27420,"hostname":"preethika","requestId":"4f2fbd24-db9f-4390-9589-807cfecf8776","method":"POST","url":"/api/match?random=0.672613465100746","statusCode":429,"executionTimeMs":0.76,"cacheStatus":"n/a","filterParams":{},"paginationParams":{}}
{"level":30,"time":1781101772325,"pid":27420,"hostname":"preethika","requestId":"272bd06b-389d-438e-8171-891e948c5cb7","method":"POST","url":"/api/match?random=0.5771160950610685","statusCode":429,"executionTimeMs":0.75,"cacheStatus":"n/a","filterParams":{},"paginationParams":{}}
{"level":30,"time":1781101772329,"pid":27420,"hostname":"preethika","requestId":"0b607b0b-f46b-49d1-b345-75dfb5f69ef5","method":"POST","url":"/api/match?random=0.4827215477169644","statusCode":429,"executionTimeMs":1.42,"cacheStatus":"n/a","filterParams":{},"paginationParams":{}}
{"level":30,"time":1781101772336,"pid":27420,"hostname":"preethika","requestId":"3d3623cd-1e4b-4c85-a86c-683d03b51abe","method":"POST","url":"/api/match?random=0.824323834702867","statusCode":429,"executionTimeMs":1.95,"cacheStatus":"n/a","filterParams":{},"paginationParams":{}}
{"level":30,"time":1781101772340,"pid":27420,"hostname":"preethika","requestId":"c12eedcc-9d55-4f06-9ab1-be2e6910a886","method":"POST","url":"/api/match?random=0.021056416505031095","statusCode":429,"executionTimeMs":3.16,"cacheStatus":"n/a","filterParams":{},"paginationParams":{}}
{"level":30,"time":1781101772343,"pid":27420,"hostname":"preethika","requestId":"7654d5b7-bba7-4f9b-87bf-8ac23e43ad03","method":"POST","url":"/api/match?random=0.2750949639613276","statusCode":429,"executionTimeMs":1.81,"cacheStatus":"n/a","filterParams":{},"paginationParams":{}}
{"level":30,"time":1781101772346,"pid":27420,"hostname":"preethika","requestId":"38e0f376-9fce-4f3d-91fe-3cc4f6aea858","method":"POST","url":"/api/match?random=0.8911505650396969","statusCode":429,"executionTimeMs":2,"cacheStatus":"n/a","filterParams":{},"paginationParams":{}}
{"level":30,"time":1781101772352,"pid":27420,"hostname":"preethika","requestId":"a02fa0c2-577a-4887-a28f-db0a525e52ab","method":"POST","url":"/api/match?random=0.9065698503515616","statusCode":429,"executionTimeMs":1.71,"cacheStatus":"n/a","filterParams":{},"paginationParams":{}}
{"level":30,"time":1781101772355,"pid":27420,"hostname":"preethika","requestId":"6fbd6850-e9c8-44c8-9b58-4e7e2e42707b","method":"POST","url":"/api/match?random=0.4249793175817529","statusCode":429,"executionTimeMs":1.48,"cacheStatus":"n/a","filterParams":{},"paginationParams":{}}
{"level":30,"time":1781101772357,"pid":27420,"hostname":"preethika","requestId":"fd5a3c70-e80f-4996-ae2b-e43c866e3140","method":"POST","url":"/api/match?random=0.6543739310811227","statusCode":429,"executionTimeMs":1.51,"cacheStatus":"n/a","filterParams":{},"paginationParams":{}}
{"level":30,"time":1781101772363,"pid":27420,"hostname":"preethika","requestId":"627fefc2-3e2c-43c2-abca-d167bc19d8d1","method":"POST","url":"/api/match?random=0.11758900826737317","statusCode":429,"executionTimeMs":4.6,"cacheStatus":"n/a","filterParams":{},"paginationParams":{}}
{"level":30,"time":1781101772370,"pid":27420,"hostname":"preethika","requestId":"07d7f393-4088-47ff-9e7e-487549fa866f","method":"POST","url":"/api/match?random=0.39667909926778067","statusCode":429,"executionTimeMs":5.32,"cacheStatus":"n/a","filterParams":{},"paginationParams":{}}
{"level":30,"time":1781101772373,"pid":27420,"hostname":"preethika","requestId":"b29db7a5-bada-46b4-99f8-069cbd497950","method":"POST","url":"/api/match?random=0.059974675204796934","statusCode":429,"executionTimeMs":2.46,"cacheStatus":"n/a","filterParams":{},"paginationParams":{}}
{"level":30,"time":1781101772388,"pid":27420,"hostname":"preethika","requestId":"6fd090ac-300a-4ab8-857d-a2931cab9f4d","method":"POST","url":"/api/match?random=0.9823324995316707","statusCode":429,"executionTimeMs":1.88,"cacheStatus":"n/a","filterParams":{},"paginationParams":{}}
{"level":30,"time":1781101772395,"pid":27420,"hostname":"preethika","requestId":"9c0e580e-30cb-41da-92ea-9e5187791c90","method":"POST","url":"/api/match?random=0.5849001270574319","statusCode":429,"executionTimeMs":4.76,"cacheStatus":"n/a","filterParams":{},"paginationParams":{}}
{"level":30,"time":1781101772398,"pid":27420,"hostname":"preethika","requestId":"81fa050e-4ce3-4db9-b259-39b6ea42aad9","method":"POST","url":"/api/match?random=0.10456243626712647","statusCode":429,"executionTimeMs":1.53,"cacheStatus":"n/a","filterParams":{},"paginationParams":{}}
{"level":30,"time":1781101772435,"pid":27420,"hostname":"preethika","requestId":"3e3e0d6f-bbbb-458e-a462-9593cac3abc7","method":"POST","url":"/api/match?random=0.568463248973746","statusCode":429,"executionTimeMs":35.96,"cacheStatus":"n/a","filterParams":{},"paginationParams":{}}
{"level":30,"time":1781101772438,"pid":27420,"hostname":"preethika","requestId":"01f1c1ba-09b0-497e-ae64-bd3818ec286a","method":"POST","url":"/api/match?random=0.23529281392374912","statusCode":429,"executionTimeMs":1.56,"cacheStatus":"n/a","filterParams":{},"paginationParams":{}}
{"level":30,"time":1781101772442,"pid":27420,"hostname":"preethika","requestId":"49e323a7-f3c6-458c-b22b-e2c0b6b25ab4","method":"POST","url":"/api/match?random=0.3641755504216564","statusCode":429,"executionTimeMs":3.13,"cacheStatus":"n/a","filterParams":{},"paginationParams":{}}
{"level":30,"time":1781101772445,"pid":27420,"hostname":"preethika","requestId":"8548a48f-3be8-4ad0-b2fb-a2b994e4ef0d","method":"POST","url":"/api/match?random=0.3289970706323442","statusCode":429,"executionTimeMs":1.83,"cacheStatus":"n/a","filterParams":{},"paginationParams":{}}
{"level":30,"time":1781101772448,"pid":27420,"hostname":"preethika","requestId":"115c68b8-b635-435f-a462-b61a54bbbed0","method":"POST","url":"/api/match?random=0.7050751197402565","statusCode":429,"executionTimeMs":1.7,"cacheStatus":"n/a","filterParams":{},"paginationParams":{}}
{"level":30,"time":1781101772450,"pid":27420,"hostname":"preethika","requestId":"8a351c07-1ed2-4b4d-bb6d-09a160173cfb","method":"POST","url":"/api/match?random=0.06608948048249763","statusCode":429,"executionTimeMs":1.46,"cacheStatus":"n/a","filterParams":{},"paginationParams":{}}
{"level":30,"time":1781101772453,"pid":27420,"hostname":"preethika","requestId":"78cbb997-c400-4346-a3e8-04e3760c0991","method":"POST","url":"/api/match?random=0.5201101535603934","statusCode":429,"executionTimeMs":1.71,"cacheStatus":"n/a","filterParams":{},"paginationParams":{}}
{"level":30,"time":1781101772458,"pid":27420,"hostname":"preethika","requestId":"6f3d05b0-a544-4272-84a6-76986f91c434","method":"POST","url":"/api/match?random=0.9203429468053739","statusCode":429,"executionTimeMs":1.99,"cacheStatus":"n/a","filterParams":{},"paginationParams":{}}
{"level":30,"time":1781101772463,"pid":27420,"hostname":"preethika","requestId":"d6e821e5-4783-4e7d-bfc1-75f9ba064a63","method":"POST","url":"/api/match?random=0.7855820624658876","statusCode":429,"executionTimeMs":2.85,"cacheStatus":"n/a","filterParams":{},"paginationParams":{}}
{"level":30,"time":1781101772468,"pid":27420,"hostname":"preethika","requestId":"87050574-26e1-4f99-9aa1-91d02277fedf","method":"POST","url":"/api/match?random=0.4622673650737814","statusCode":429,"executionTimeMs":2.05,"cacheStatus":"n/a","filterParams":{},"paginationParams":{}}
{"level":30,"time":1781101772470,"pid":27420,"hostname":"preethika","requestId":"810c608f-1410-4064-a4bc-8534793af67e","method":"POST","url":"/api/match?random=0.7666285995129671","statusCode":429,"executionTimeMs":1.53,"cacheStatus":"n/a","filterParams":{},"paginationParams":{}}
{"level":30,"time":1781101772473,"pid":27420,"hostname":"preethika","requestId":"43cd855e-119d-4a0d-b036-561700ae95ec","method":"POST","url":"/api/match?random=0.46622933562896596","statusCode":429,"executionTimeMs":1.24,"cacheStatus":"n/a","filterParams":{},"paginationParams":{}}
{"level":30,"time":1781101772475,"pid":27420,"hostname":"preethika","requestId":"dacf4909-85f1-4ba5-a316-a99a082436ea","method":"POST","url":"/api/match?random=0.12913351545915175","statusCode":429,"executionTimeMs":1.17,"cacheStatus":"n/a","filterParams":{},"paginationParams":{}}
{"level":30,"time":1781101772477,"pid":27420,"hostname":"preethika","requestId":"2246ac7b-2e60-4c46-a6ed-37e76f7dac32","method":"POST","url":"/api/match?random=0.3221000628686803","statusCode":429,"executionTimeMs":1.28,"cacheStatus":"n/a","filterParams":{},"paginationParams":{}}
{"level":30,"time":1781101772480,"pid":27420,"hostname":"preethika","requestId":"7465b068-5ec0-4330-98af-4f60e9b442ae","method":"POST","url":"/api/match?random=0.9922314651850808","statusCode":429,"executionTimeMs":1.68,"cacheStatus":"n/a","filterParams":{},"paginationParams":{}}
{"level":30,"time":1781101772483,"pid":27420,"hostname":"preethika","requestId":"56e02df2-d754-4349-a6da-4df6365f35dd","method":"POST","url":"/api/match?random=0.9268290198000453","statusCode":429,"executionTimeMs":1.91,"cacheStatus":"n/a","filterParams":{},"paginationParams":{}}
{"level":30,"time":1781101772485,"pid":27420,"hostname":"preethika","requestId":"7242c378-5e28-4a4e-8c60-0541b301478b","method":"POST","url":"/api/match?random=0.9126830613412018","statusCode":429,"executionTimeMs":1.55,"cacheStatus":"n/a","filterParams":{},"paginationParams":{}}
{"level":30,"time":1781101772488,"pid":27420,"hostname":"preethika","requestId":"8edf358c-01ec-496c-b336-3ebfcf8fe679","method":"POST","url":"/api/match?random=0.21239706221579624","statusCode":429,"executionTimeMs":1.82,"cacheStatus":"n/a","filterParams":{},"paginationParams":{}}
{"level":30,"time":1781101772495,"pid":27420,"hostname":"preethika","requestId":"e7e00245-42c1-4dcf-9cf4-59902a6ed1c0","method":"POST","url":"/api/match?random=0.8778730279064413","statusCode":429,"executionTimeMs":1.89,"cacheStatus":"n/a","filterParams":{},"paginationParams":{}}
{"level":30,"time":1781101772498,"pid":27420,"hostname":"preethika","requestId":"ed7e7267-5d56-43c9-ae28-a39411f6c12b","method":"POST","url":"/api/match?random=0.372530150822288","statusCode":429,"executionTimeMs":1.66,"cacheStatus":"n/a","filterParams":{},"paginationParams":{}}
{"level":30,"time":1781101772507,"pid":27420,"hostname":"preethika","requestId":"75fa9cb4-3834-415e-88ee-3baf7042e082","method":"POST","url":"/api/match?random=0.650856832489072","statusCode":429,"executionTimeMs":1.58,"cacheStatus":"n/a","filterParams":{},"paginationParams":{}}
{"level":30,"time":1781101772510,"pid":27420,"hostname":"preethika","requestId":"602ed8c3-c902-436b-a60b-b3e76ad1bcf9","method":"POST","url":"/api/match?random=0.2803883786154606","statusCode":429,"executionTimeMs":1.32,"cacheStatus":"n/a","filterParams":{},"paginationParams":{}}
{"level":30,"time":1781101772511,"pid":27420,"hostname":"preethika","requestId":"9a7105aa-5b00-46c1-8e29-ec558feaf188","method":"POST","url":"/api/match?random=0.9680313818215842","statusCode":429,"executionTimeMs":1.03,"cacheStatus":"n/a","filterParams":{},"paginationParams":{}}
{"level":30,"time":1781101772513,"pid":27420,"hostname":"preethika","requestId":"ac9b47ed-648a-42fd-9b3e-14a4a885f730","method":"POST","url":"/api/match?random=0.9163158972997127","statusCode":429,"executionTimeMs":0.9,"cacheStatus":"n/a","filterParams":{},"paginationParams":{}}
{"level":30,"time":1781101772515,"pid":27420,"hostname":"preethika","requestId":"4fb6eda9-7ca6-412b-97fa-a368c6669019","method":"POST","url":"/api/match?random=0.8373014279845175","statusCode":429,"executionTimeMs":1.43,"cacheStatus":"n/a","filterParams":{},"paginationParams":{}}
{"level":30,"time":1781101772517,"pid":27420,"hostname":"preethika","requestId":"7df12a23-5bd4-437b-b904-a5c03ce000c3","method":"POST","url":"/api/match?random=0.043368875272961516","statusCode":429,"executionTimeMs":1.51,"cacheStatus":"n/a","filterParams":{},"paginationParams":{}}
{"level":30,"time":1781101772520,"pid":27420,"hostname":"preethika","requestId":"aacadfc6-d48e-4260-af82-8e28fe25395e","method":"POST","url":"/api/match?random=0.5553561986547577","statusCode":429,"executionTimeMs":1.55,"cacheStatus":"n/a","filterParams":{},"paginationParams":{}}
{"level":30,"time":1781101772521,"pid":27420,"hostname":"preethika","requestId":"0fca7d5f-caa9-485d-b506-febc25452416","method":"POST","url":"/api/match?random=0.7226268456649145","statusCode":429,"executionTimeMs":0.98,"cacheStatus":"n/a","filterParams":{},"paginationParams":{}}
{"level":30,"time":1781101772523,"pid":27420,"hostname":"preethika","requestId":"8a8ef9f0-8263-47f8-9efa-afe03778fb30","method":"POST","url":"/api/match?random=0.8584353802045117","statusCode":429,"executionTimeMs":0.95,"cacheStatus":"n/a","filterParams":{},"paginationParams":{}}
{"level":30,"time":1781101772524,"pid":27420,"hostname":"preethika","requestId":"29d306d1-e4ad-4604-a458-f8f79a03172c","method":"POST","url":"/api/match?random=0.4551979822121255","statusCode":429,"executionTimeMs":1.18,"cacheStatus":"n/a","filterParams":{},"paginationParams":{}}
{"level":30,"time":1781101772526,"pid":27420,"hostname":"preethika","requestId":"15def0d6-c769-4ed5-bc7b-581af5586cf3","method":"POST","url":"/api/match?random=0.7195553525490264","statusCode":429,"executionTimeMs":0.85,"cacheStatus":"n/a","filterParams":{},"paginationParams":{}}
{"level":30,"time":1781101772527,"pid":27420,"hostname":"preethika","requestId":"e46247e0-a7bd-4d4a-879e-5d4226093a5e","method":"POST","url":"/api/match?random=0.05014946018030497","statusCode":429,"executionTimeMs":0.74,"cacheStatus":"n/a","filterParams":{},"paginationParams":{}}
{"level":30,"time":1781101772529,"pid":27420,"hostname":"preethika","requestId":"ecd94a0e-ef2c-41e7-acda-f5d145538115","method":"POST","url":"/api/match?random=0.6369812669781483","statusCode":429,"executionTimeMs":0.88,"cacheStatus":"n/a","filterParams":{},"paginationParams":{}}
{"level":30,"time":1781101772530,"pid":27420,"hostname":"preethika","requestId":"5c2ab3c9-4c37-4317-a83e-73ed40290ea8","method":"POST","url":"/api/match?random=0.9708035802362163","statusCode":429,"executionTimeMs":0.96,"cacheStatus":"n/a","filterParams":{},"paginationParams":{}}
{"level":30,"time":1781101772532,"pid":27420,"hostname":"preethika","requestId":"45145caf-ccd2-4e82-bcf1-91f78ac7cbdf","method":"POST","url":"/api/match?random=0.09702225108263751","statusCode":429,"executionTimeMs":0.77,"cacheStatus":"n/a","filterParams":{},"paginationParams":{}}
{"level":30,"time":1781101772533,"pid":27420,"hostname":"preethika","requestId":"313bd271-0f6e-4b58-8d50-02b648400060","method":"POST","url":"/api/match?random=0.4619277322492463","statusCode":429,"executionTimeMs":0.81,"cacheStatus":"n/a","filterParams":{},"paginationParams":{}}
{"level":30,"time":1781101772535,"pid":27420,"hostname":"preethika","requestId":"8ef9c1ed-a9ad-4374-8719-756f78ad18c4","method":"POST","url":"/api/match?random=0.36152324222860743","statusCode":429,"executionTimeMs":0.84,"cacheStatus":"n/a","filterParams":{},"paginationParams":{}}
{"level":30,"time":1781101772536,"pid":27420,"hostname":"preethika","requestId":"e3b09eb2-bd5b-49c6-bd2e-b104a2219183","method":"POST","url":"/api/match?random=0.16865365130946586","statusCode":429,"executionTimeMs":0.85,"cacheStatus":"n/a","filterParams":{},"paginationParams":{}}
{"level":30,"time":1781101772537,"pid":27420,"hostname":"preethika","requestId":"23f29dfd-2928-4500-b1f7-177a5ede420d","method":"POST","url":"/api/match?random=0.1513712827254612","statusCode":429,"executionTimeMs":0.78,"cacheStatus":"n/a","filterParams":{},"paginationParams":{}}
{"level":30,"time":1781101772539,"pid":27420,"hostname":"preethika","requestId":"cccc16b5-0e6f-4909-af84-4af99e3679d9","method":"POST","url":"/api/match?random=0.022491925831345405","statusCode":429,"executionTimeMs":0.74,"cacheStatus":"n/a","filterParams":{},"paginationParams":{}}
{"level":30,"time":1781101772540,"pid":27420,"hostname":"preethika","requestId":"0d509391-5177-4f97-be12-9695eb381d19","method":"POST","url":"/api/match?random=0.6910987372799788","statusCode":429,"executionTimeMs":0.9,"cacheStatus":"n/a","filterParams":{},"paginationParams":{}}
{"level":30,"time":1781101772543,"pid":27420,"hostname":"preethika","requestId":"c3ab527e-b4b0-45b6-92be-b39191104f4e","method":"POST","url":"/api/match?random=0.29904169821614346","statusCode":429,"executionTimeMs":1.7,"cacheStatus":"n/a","filterParams":{},"paginationParams":{}}
{"level":30,"time":1781101772545,"pid":27420,"hostname":"preethika","requestId":"909e00a8-799b-496a-ab91-c5fff1c7b867","method":"POST","url":"/api/match?random=0.3734686275172152","statusCode":429,"executionTimeMs":1.5,"cacheStatus":"n/a","filterParams":{},"paginationParams":{}}
{"level":30,"time":1781101772548,"pid":27420,"hostname":"preethika","requestId":"6d5e5110-1c62-403b-a56d-f583dfb5554d","method":"POST","url":"/api/match?random=0.8648756950381391","statusCode":429,"executionTimeMs":1.21,"cacheStatus":"n/a","filterParams":{},"paginationParams":{}}
{"level":30,"time":1781101772550,"pid":27420,"hostname":"preethika","requestId":"0f00a7b3-7367-4d52-8eb4-6a44767e225d","method":"POST","url":"/api/match?random=0.9638917146420873","statusCode":429,"executionTimeMs":1.39,"cacheStatus":"n/a","filterParams":{},"paginationParams":{}}
{"level":30,"time":1781101772552,"pid":27420,"hostname":"preethika","requestId":"96c6c75e-f039-4108-bee3-3054341a9280","method":"POST","url":"/api/match?random=0.4787337009645718","statusCode":429,"executionTimeMs":1.2,"cacheStatus":"n/a","filterParams":{},"paginationParams":{}}
{"level":30,"time":1781101772553,"pid":27420,"hostname":"preethika","requestId":"5866e228-0273-406b-8b08-aa1b4dec04fe","method":"POST","url":"/api/match?random=0.15062945506343972","statusCode":429,"executionTimeMs":1.09,"cacheStatus":"n/a","filterParams":{},"paginationParams":{}}
{"level":30,"time":1781101772555,"pid":27420,"hostname":"preethika","requestId":"a5a3fb3a-afb4-4303-b6be-cc3685929343","method":"POST","url":"/api/match?random=0.7997809052321825","statusCode":429,"executionTimeMs":0.99,"cacheStatus":"n/a","filterParams":{},"paginationParams":{}}
{"level":30,"time":1781101772557,"pid":27420,"hostname":"preethika","requestId":"d34014eb-7e6d-4026-aa48-0abe78f05070","method":"POST","url":"/api/match?random=0.5610592568920301","statusCode":429,"executionTimeMs":1.04,"cacheStatus":"n/a","filterParams":{},"paginationParams":{}}
{"level":30,"time":1781101772559,"pid":27420,"hostname":"preethika","requestId":"6db231c1-806f-4ea5-8ee0-826caf4dac86","method":"POST","url":"/api/match?random=0.5553188396470774","statusCode":429,"executionTimeMs":1.07,"cacheStatus":"n/a","filterParams":{},"paginationParams":{}}
{"level":30,"time":1781101772562,"pid":27420,"hostname":"preethika","requestId":"fd30904c-9385-41fd-9344-acd2d86ed849","method":"POST","url":"/api/match?random=0.2672357451150751","statusCode":429,"executionTimeMs":1.67,"cacheStatus":"n/a","filterParams":{},"paginationParams":{}}
{"level":30,"time":1781101772567,"pid":27420,"hostname":"preethika","requestId":"45253b2b-ace2-4b6d-9321-2b0834c1189f","method":"POST","url":"/api/match?random=0.00862526571953981","statusCode":429,"executionTimeMs":3.84,"cacheStatus":"n/a","filterParams":{},"paginationParams":{}}
{"level":30,"time":1781101772569,"pid":27420,"hostname":"preethika","requestId":"43151912-ed61-48d1-972d-3dd62a93db1f","method":"POST","url":"/api/match?random=0.8949289507768017","statusCode":429,"executionTimeMs":1.15,"cacheStatus":"n/a","filterParams":{},"paginationParams":{}}
{"level":30,"time":1781101772571,"pid":27420,"hostname":"preethika","requestId":"a808c5aa-6a71-462c-b6b0-9b367af0900a","method":"POST","url":"/api/match?random=0.8075354439157081","statusCode":429,"executionTimeMs":1,"cacheStatus":"n/a","filterParams":{},"paginationParams":{}}
{"level":30,"time":1781101772573,"pid":27420,"hostname":"preethika","requestId":"781e89a6-d016-404a-9834-95e01ff5756e","method":"POST","url":"/api/match?random=0.24359343988812965","statusCode":429,"executionTimeMs":0.91,"cacheStatus":"n/a","filterParams":{},"paginationParams":{}}
{"level":30,"time":1781101772574,"pid":27420,"hostname":"preethika","requestId":"2326c1f8-c91b-4e18-b563-4e46fdafcc3b","method":"POST","url":"/api/match?random=0.4478199164888894","statusCode":429,"executionTimeMs":1.13,"cacheStatus":"n/a","filterParams":{},"paginationParams":{}}
{"level":30,"time":1781101772577,"pid":27420,"hostname":"preethika","requestId":"27d13299-e12a-4bff-85e1-c4bfbc2e2880","method":"POST","url":"/api/match?random=0.5484234480799102","statusCode":429,"executionTimeMs":1.12,"cacheStatus":"n/a","filterParams":{},"paginationParams":{}}
{"level":30,"time":1781101772579,"pid":27420,"hostname":"preethika","requestId":"968aea91-2526-4988-b080-e4ca62afc100","method":"POST","url":"/api/match?random=0.9321723940776261","statusCode":429,"executionTimeMs":1.64,"cacheStatus":"n/a","filterParams":{},"paginationParams":{}}
{"level":30,"time":1781101772582,"pid":27420,"hostname":"preethika","requestId":"f556464a-7aed-4a42-b444-612ead871ee1","method":"POST","url":"/api/match?random=0.5517665913422256","statusCode":429,"executionTimeMs":1.18,"cacheStatus":"n/a","filterParams":{},"paginationParams":{}}
{"level":30,"time":1781101772584,"pid":27420,"hostname":"preethika","requestId":"fc34d6ab-1b1f-4ba9-8a18-12b66031832a","method":"POST","url":"/api/match?random=0.1886315459133978","statusCode":429,"executionTimeMs":1.46,"cacheStatus":"n/a","filterParams":{},"paginationParams":{}}
{"level":30,"time":1781101772587,"pid":27420,"hostname":"preethika","requestId":"b57ec272-e903-4cb7-982a-8308c51a2472","method":"POST","url":"/api/match?random=0.4071904012911818","statusCode":429,"executionTimeMs":1.51,"cacheStatus":"n/a","filterParams":{},"paginationParams":{}}
{"level":30,"time":1781101772589,"pid":27420,"hostname":"preethika","requestId":"149f74f8-f408-4aee-a573-3644a8ae83ee","method":"POST","url":"/api/match?random=0.8465097372765082","statusCode":429,"executionTimeMs":1.3,"cacheStatus":"n/a","filterParams":{},"paginationParams":{}}
{"level":30,"time":1781101772591,"pid":27420,"hostname":"preethika","requestId":"e665f731-68de-4191-b303-3359b33560a1","method":"POST","url":"/api/match?random=0.7681510133428755","statusCode":429,"executionTimeMs":1.32,"cacheStatus":"n/a","filterParams":{},"paginationParams":{}}
{"level":30,"time":1781101772593,"pid":27420,"hostname":"preethika","requestId":"37a8e9dc-293c-48ae-a53d-9213b8c38de0","method":"POST","url":"/api/match?random=0.2469482834914396","statusCode":429,"executionTimeMs":1.36,"cacheStatus":"n/a","filterParams":{},"paginationParams":{}}
{"level":30,"time":1781101772597,"pid":27420,"hostname":"preethika","requestId":"535870e5-9c61-4ac9-9083-950b111055af","method":"POST","url":"/api/match?random=0.5509259126549013","statusCode":429,"executionTimeMs":1.87,"cacheStatus":"n/a","filterParams":{},"paginationParams":{}}
{"level":30,"time":1781101772600,"pid":27420,"hostname":"preethika","requestId":"40b83b35-3a86-47ac-9645-557957a2206e","method":"POST","url":"/api/match?random=0.9044839659226169","statusCode":429,"executionTimeMs":1.43,"cacheStatus":"n/a","filterParams":{},"paginationParams":{}}
{"level":30,"time":1781101772602,"pid":27420,"hostname":"preethika","requestId":"af03c54a-4fab-4b98-a4f0-586f083ea463","method":"POST","url":"/api/match?random=0.34326891613371235","statusCode":429,"executionTimeMs":1.24,"cacheStatus":"n/a","filterParams":{},"paginationParams":{}}
{"level":30,"time":1781101772604,"pid":27420,"hostname":"preethika","requestId":"3a22d77e-bed4-46b7-871b-8a362173eeed","method":"POST","url":"/api/match?random=0.5413497208106088","statusCode":429,"executionTimeMs":0.97,"cacheStatus":"n/a","filterParams":{},"paginationParams":{}}
{"level":30,"time":1781101772605,"pid":27420,"hostname":"preethika","requestId":"c0858794-d432-425c-8d0e-63ed536ddcb5","method":"POST","url":"/api/match?random=0.26852356991332016","statusCode":429,"executionTimeMs":1.13,"cacheStatus":"n/a","filterParams":{},"paginationParams":{}}
{"level":30,"time":1781101772607,"pid":27420,"hostname":"preethika","requestId":"e9befb22-bf3e-4d2e-abb2-e4e2bc1c1ec0","method":"POST","url":"/api/match?random=0.5898982295627879","statusCode":429,"executionTimeMs":1.05,"cacheStatus":"n/a","filterParams":{},"paginationParams":{}}
{"level":30,"time":1781101772609,"pid":27420,"hostname":"preethika","requestId":"a7828829-d589-4dbc-987e-15727f1e55e9","method":"POST","url":"/api/match?random=0.5390560559292021","statusCode":429,"executionTimeMs":1.11,"cacheStatus":"n/a","filterParams":{},"paginationParams":{}}
{"level":30,"time":1781101772614,"pid":27420,"hostname":"preethika","requestId":"6a5a204f-7ffd-4491-b0b4-40c725a82b52","method":"POST","url":"/api/match?random=0.25263391246461486","statusCode":429,"executionTimeMs":4.03,"cacheStatus":"n/a","filterParams":{},"paginationParams":{}}
{"level":30,"time":1781101772616,"pid":27420,"hostname":"preethika","requestId":"66ef1432-11bf-4079-b7b2-f7a2de6a75d6","method":"POST","url":"/api/match?random=0.13861227721860492","statusCode":429,"executionTimeMs":1.12,"cacheStatus":"n/a","filterParams":{},"paginationParams":{}}
{"level":30,"time":1781101772618,"pid":27420,"hostname":"preethika","requestId":"bde6dffb-132d-496b-a484-9cb1fdcc1043","method":"POST","url":"/api/match?random=0.8798934293443277","statusCode":429,"executionTimeMs":0.98,"cacheStatus":"n/a","filterParams":{},"paginationParams":{}}
{"level":30,"time":1781101772619,"pid":27420,"hostname":"preethika","requestId":"aabc4c9e-55ac-456e-82ff-ec389929da22","method":"POST","url":"/api/match?random=0.8685699676216418","statusCode":429,"executionTimeMs":0.98,"cacheStatus":"n/a","filterParams":{},"paginationParams":{}}
{"level":30,"time":1781101772640,"pid":27420,"hostname":"preethika","requestId":"1f79037f-e7a9-4565-8a50-92c61b182bb8","method":"POST","url":"/api/match?random=0.8417340441950165","statusCode":429,"executionTimeMs":19.85,"cacheStatus":"n/a","filterParams":{},"paginationParams":{}}
{"level":30,"time":1781101772642,"pid":27420,"hostname":"preethika","requestId":"2d8d01aa-7e87-4ea0-b474-da0e137ebe5a","method":"POST","url":"/api/match?random=0.08222156379109502","statusCode":429,"executionTimeMs":1.25,"cacheStatus":"n/a","filterParams":{},"paginationParams":{}}
{"level":30,"time":1781101772645,"pid":27420,"hostname":"preethika","requestId":"7760da68-a243-4924-a729-6add4df922e5","method":"POST","url":"/api/match?random=0.8423940165458985","statusCode":429,"executionTimeMs":1.82,"cacheStatus":"n/a","filterParams":{},"paginationParams":{}}
{"level":30,"time":1781101772649,"pid":27420,"hostname":"preethika","requestId":"9f980f36-4b4c-40f6-87e9-edbc22fffaae","method":"POST","url":"/api/match?random=0.13780017010601386","statusCode":429,"executionTimeMs":1.81,"cacheStatus":"n/a","filterParams":{},"paginationParams":{}}
{"level":30,"time":1781101772651,"pid":27420,"hostname":"preethika","requestId":"116c1ec6-61e0-43de-be10-49c69a6f77b6","method":"POST","url":"/api/match?random=0.6493556196609975","statusCode":429,"executionTimeMs":1,"cacheStatus":"n/a","filterParams":{},"paginationParams":{}}
{"level":30,"time":1781101772652,"pid":27420,"hostname":"preethika","requestId":"37c16e9d-dd04-4ad9-9d59-a77308d999fb","method":"POST","url":"/api/match?random=0.856016592376418","statusCode":429,"executionTimeMs":0.93,"cacheStatus":"n/a","filterParams":{},"paginationParams":{}}
{"level":30,"time":1781101772654,"pid":27420,"hostname":"preethika","requestId":"3fc7c0be-9dc8-4c52-9b83-2e03eb7ee0e7","method":"POST","url":"/api/match?random=0.835469273714051","statusCode":429,"executionTimeMs":0.85,"cacheStatus":"n/a","filterParams":{},"paginationParams":{}}
{"level":30,"time":1781101772656,"pid":27420,"hostname":"preethika","requestId":"f59cef00-0a7c-437b-970d-89e99291e2d2","method":"POST","url":"/api/match?random=0.5664542035975502","statusCode":429,"executionTimeMs":1.41,"cacheStatus":"n/a","filterParams":{},"paginationParams":{}}
{"level":30,"time":1781101772658,"pid":27420,"hostname":"preethika","requestId":"09db2b74-19b7-4020-bde0-cb992f6bdb86","method":"POST","url":"/api/match?random=0.9400918532727673","statusCode":429,"executionTimeMs":1.56,"cacheStatus":"n/a","filterParams":{},"paginationParams":{}}
{"level":30,"time":1781101772660,"pid":27420,"hostname":"preethika","requestId":"bfc7f4c3-87b1-48a5-b410-c02184d0f384","method":"POST","url":"/api/match?random=0.7406650586071433","statusCode":429,"executionTimeMs":1.35,"cacheStatus":"n/a","filterParams":{},"paginationParams":{}}
{"level":30,"time":1781101772662,"pid":27420,"hostname":"preethika","requestId":"18ca6562-a184-4419-9880-e0870c9438df","method":"POST","url":"/api/match?random=0.738507014191081","statusCode":429,"executionTimeMs":0.97,"cacheStatus":"n/a","filterParams":{},"paginationParams":{}}
{"level":30,"time":1781101772664,"pid":27420,"hostname":"preethika","requestId":"f01e7e95-58f7-44a9-a8a5-701f234eac1a","method":"POST","url":"/api/match?random=0.2396953168242788","statusCode":429,"executionTimeMs":1.5,"cacheStatus":"n/a","filterParams":{},"paginationParams":{}}
{"level":30,"time":1781101772666,"pid":27420,"hostname":"preethika","requestId":"551cf719-1eaf-4506-b4e0-f779539ffc9f","method":"POST","url":"/api/match?random=0.6843074554244419","statusCode":429,"executionTimeMs":1.1,"cacheStatus":"n/a","filterParams":{},"paginationParams":{}}
{"level":30,"time":1781101772668,"pid":27420,"hostname":"preethika","requestId":"74ceb173-dca3-4acf-87a6-678fabd5c77c","method":"POST","url":"/api/match?random=0.01921893543548925","statusCode":429,"executionTimeMs":0.97,"cacheStatus":"n/a","filterParams":{},"paginationParams":{}}
{"level":30,"time":1781101772673,"pid":27420,"hostname":"preethika","requestId":"01c968c1-5ef9-451b-b956-ac58b2df5b61","method":"POST","url":"/api/match?random=0.6170879052895977","statusCode":429,"executionTimeMs":1.21,"cacheStatus":"n/a","filterParams":{},"paginationParams":{}}
{"level":30,"time":1781101772675,"pid":27420,"hostname":"preethika","requestId":"83b21da2-2702-48c7-ad7c-1c9c9d064428","method":"POST","url":"/api/match?random=0.4972060946968444","statusCode":429,"executionTimeMs":1.07,"cacheStatus":"n/a","filterParams":{},"paginationParams":{}}
{"level":30,"time":1781101772677,"pid":27420,"hostname":"preethika","requestId":"3ea91ac2-831e-4ba4-8c1a-28d8cf79b0a6","method":"POST","url":"/api/match?random=0.18074586406553195","statusCode":429,"executionTimeMs":1.02,"cacheStatus":"n/a","filterParams":{},"paginationParams":{}}
{"level":30,"time":1781101772679,"pid":27420,"hostname":"preethika","requestId":"115e46fa-c52f-4cea-92e2-668e4d175f37","method":"POST","url":"/api/match?random=0.6053494755030315","statusCode":429,"executionTimeMs":1.01,"cacheStatus":"n/a","filterParams":{},"paginationParams":{}}
{"level":30,"time":1781101772681,"pid":27420,"hostname":"preethika","requestId":"7f4b4086-360b-4e20-aec6-152d48d85265","method":"POST","url":"/api/match?random=0.8257193171812025","statusCode":429,"executionTimeMs":1.46,"cacheStatus":"n/a","filterParams":{},"paginationParams":{}}
{"level":30,"time":1781101772683,"pid":27420,"hostname":"preethika","requestId":"3703ec83-0bbf-40b9-9895-2974ba03c477","method":"POST","url":"/api/match?random=0.6136866701779966","statusCode":429,"executionTimeMs":1.22,"cacheStatus":"n/a","filterParams":{},"paginationParams":{}}
{"level":30,"time":1781101772686,"pid":27420,"hostname":"preethika","requestId":"531e2624-606b-452d-bdfb-cf61266ffed6","method":"POST","url":"/api/match?random=0.6709027569871246","statusCode":429,"executionTimeMs":1.48,"cacheStatus":"n/a","filterParams":{},"paginationParams":{}}
{"level":30,"time":1781101772688,"pid":27420,"hostname":"preethika","requestId":"1fa04299-8c4e-4fa4-9e85-5d5f366605f5","method":"POST","url":"/api/match?random=0.7426256256176176","statusCode":429,"executionTimeMs":1.58,"cacheStatus":"n/a","filterParams":{},"paginationParams":{}}
{"level":30,"time":1781101772707,"pid":27420,"hostname":"preethika","requestId":"ea0b5461-a84b-4fc7-ab8c-0dc68f6268aa","method":"POST","url":"/api/match?random=0.018644168891399637","statusCode":429,"executionTimeMs":1.18,"cacheStatus":"n/a","filterParams":{},"paginationParams":{}}
{"level":30,"time":1781101772709,"pid":27420,"hostname":"preethika","requestId":"78850f28-a99c-4994-8e26-ac74259b6112","method":"POST","url":"/api/match?random=0.7202247941403173","statusCode":429,"executionTimeMs":1.34,"cacheStatus":"n/a","filterParams":{},"paginationParams":{}}
{"level":30,"time":1781101772711,"pid":27420,"hostname":"preethika","requestId":"8c87f33e-e07f-46cb-9230-b8aec479023d","method":"POST","url":"/api/match?random=0.3842387596110155","statusCode":429,"executionTimeMs":1.67,"cacheStatus":"n/a","filterParams":{},"paginationParams":{}}
{"level":30,"time":1781101772713,"pid":27420,"hostname":"preethika","requestId":"f59510b1-8a77-471b-a767-439e27cb255b","method":"POST","url":"/api/match?random=0.0470262680595015","statusCode":429,"executionTimeMs":1.5,"cacheStatus":"n/a","filterParams":{},"paginationParams":{}}
{"level":30,"time":1781101772716,"pid":27420,"hostname":"preethika","requestId":"77e3b4e8-3c73-4f87-afd8-c494f64184a1","method":"POST","url":"/api/match?random=0.7749438639109287","statusCode":429,"executionTimeMs":1.25,"cacheStatus":"n/a","filterParams":{},"paginationParams":{}}
{"level":30,"time":1781101772717,"pid":27420,"hostname":"preethika","requestId":"0ae568f6-4b1d-4478-a015-3f2b50c25345","method":"POST","url":"/api/match?random=0.30945916770865867","statusCode":429,"executionTimeMs":1.08,"cacheStatus":"n/a","filterParams":{},"paginationParams":{}}
{"level":30,"time":1781101772719,"pid":27420,"hostname":"preethika","requestId":"1aee3a38-695b-4869-83e1-2f5982b4d9ab","method":"POST","url":"/api/match?random=0.13209225087193066","statusCode":429,"executionTimeMs":0.86,"cacheStatus":"n/a","filterParams":{},"paginationParams":{}}
{"level":30,"time":1781101772721,"pid":27420,"hostname":"preethika","requestId":"0d42fa6b-4cd4-4227-b170-9c405edbc6af","method":"POST","url":"/api/match?random=0.29346874536391443","statusCode":429,"executionTimeMs":0.97,"cacheStatus":"n/a","filterParams":{},"paginationParams":{}}
{"level":30,"time":1781101772723,"pid":27420,"hostname":"preethika","requestId":"2a469795-4a74-45db-8750-721e37f83d4e","method":"POST","url":"/api/match?random=0.8815545331886765","statusCode":429,"executionTimeMs":1.71,"cacheStatus":"n/a","filterParams":{},"paginationParams":{}}
{"level":30,"time":1781101772726,"pid":27420,"hostname":"preethika","requestId":"25af9913-5239-468a-81eb-7e265c08bdde","method":"POST","url":"/api/match?random=0.639812206933863","statusCode":429,"executionTimeMs":1.45,"cacheStatus":"n/a","filterParams":{},"paginationParams":{}}
{"level":30,"time":1781101772728,"pid":27420,"hostname":"preethika","requestId":"6186b368-237c-434c-9fbe-1a60c70964bd","method":"POST","url":"/api/match?random=0.722829504696711","statusCode":429,"executionTimeMs":1.09,"cacheStatus":"n/a","filterParams":{},"paginationParams":{}}
{"level":30,"time":1781101772745,"pid":27420,"hostname":"preethika","requestId":"8b1cc536-e8f7-49c0-8743-1717a6d80917","method":"POST","url":"/api/match?random=0.5451763132701997","statusCode":429,"executionTimeMs":16.44,"cacheStatus":"n/a","filterParams":{},"paginationParams":{}}
{"level":30,"time":1781101772748,"pid":27420,"hostname":"preethika","requestId":"b005eecf-d205-4481-a2db-1b9bbdc98d40","method":"POST","url":"/api/match?random=0.033162553196417255","statusCode":429,"executionTimeMs":2.02,"cacheStatus":"n/a","filterParams":{},"paginationParams":{}}
{"level":30,"time":1781101772750,"pid":27420,"hostname":"preethika","requestId":"fc89bfe3-a2e6-4f07-8c77-56ac68614913","method":"POST","url":"/api/match?random=0.04786444647151722","statusCode":429,"executionTimeMs":1.19,"cacheStatus":"n/a","filterParams":{},"paginationParams":{}}
{"level":30,"time":1781101772757,"pid":27420,"hostname":"preethika","requestId":"3e3a7b58-2e9e-4c24-8929-ebbe89300722","method":"POST","url":"/api/match?random=0.674248891803723","statusCode":429,"executionTimeMs":1.48,"cacheStatus":"n/a","filterParams":{},"paginationParams":{}}
{"level":30,"time":1781101772759,"pid":27420,"hostname":"preethika","requestId":"5dfd2c9b-a22c-4ee6-90a5-592fa145285b","method":"POST","url":"/api/match?random=0.3355130270584703","statusCode":429,"executionTimeMs":1.73,"cacheStatus":"n/a","filterParams":{},"paginationParams":{}}
{"level":30,"time":1781101772762,"pid":27420,"hostname":"preethika","requestId":"8978cfd6-49c7-4458-97c9-c9feaae37c77","method":"POST","url":"/api/match?random=0.3847509920779315","statusCode":429,"executionTimeMs":1.22,"cacheStatus":"n/a","filterParams":{},"paginationParams":{}}
{"level":30,"time":1781101772766,"pid":27420,"hostname":"preethika","requestId":"d0bf32e5-8952-4212-a1f1-a797bff8f1ca","method":"POST","url":"/api/match?random=0.03268132059573037","statusCode":429,"executionTimeMs":1.32,"cacheStatus":"n/a","filterParams":{},"paginationParams":{}}
{"level":30,"time":1781101772769,"pid":27420,"hostname":"preethika","requestId":"8ea5287d-0b6f-4f71-b53f-80a9745826f7","method":"POST","url":"/api/match?random=0.9415672366569117","statusCode":429,"executionTimeMs":1.5,"cacheStatus":"n/a","filterParams":{},"paginationParams":{}}
{"level":30,"time":1781101772772,"pid":27420,"hostname":"preethika","requestId":"a16c764f-9cdd-4bcc-82f8-da216703e356","method":"POST","url":"/api/match?random=0.8658539516323684","statusCode":429,"executionTimeMs":1.9,"cacheStatus":"n/a","filterParams":{},"paginationParams":{}}
{"level":30,"time":1781101772775,"pid":27420,"hostname":"preethika","requestId":"3c7da69a-8d3d-41a4-92e3-3961576763d9","method":"POST","url":"/api/match?random=0.6512960702231778","statusCode":429,"executionTimeMs":1.21,"cacheStatus":"n/a","filterParams":{},"paginationParams":{}}
{"level":30,"time":1781101772777,"pid":27420,"hostname":"preethika","requestId":"3e86b384-c29b-4296-9df3-673012facd78","method":"POST","url":"/api/match?random=0.23486173301064217","statusCode":429,"executionTimeMs":1.12,"cacheStatus":"n/a","filterParams":{},"paginationParams":{}}
{"level":30,"time":1781101772779,"pid":27420,"hostname":"preethika","requestId":"f761c277-495d-41b7-b431-7455009dbb56","method":"POST","url":"/api/match?random=0.39230081400117767","statusCode":429,"executionTimeMs":1.24,"cacheStatus":"n/a","filterParams":{},"paginationParams":{}}
{"level":30,"time":1781101772781,"pid":27420,"hostname":"preethika","requestId":"b664eb5d-1743-4de1-b55a-33b4de2b96a2","method":"POST","url":"/api/match?random=0.03436248242899498","statusCode":429,"executionTimeMs":1.28,"cacheStatus":"n/a","filterParams":{},"paginationParams":{}}
{"level":30,"time":1781101772820,"pid":27420,"hostname":"preethika","requestId":"ca0b2e3f-fdca-4a5a-8388-1ef7184c8cc4","method":"POST","url":"/api/match?random=0.7134853846023841","statusCode":429,"executionTimeMs":1.36,"cacheStatus":"n/a","filterParams":{},"paginationParams":{}}
{"level":30,"time":1781101772822,"pid":27420,"hostname":"preethika","requestId":"90949971-8ff5-4da9-b565-d9247a5eb6f6","method":"POST","url":"/api/match?random=0.6978409969128345","statusCode":429,"executionTimeMs":1.32,"cacheStatus":"n/a","filterParams":{},"paginationParams":{}}
{"level":30,"time":1781101772824,"pid":27420,"hostname":"preethika","requestId":"ac2a0dd2-91d9-4dcc-a4fb-dbadf854cc62","method":"POST","url":"/api/match?random=0.7660439743348431","statusCode":429,"executionTimeMs":1.29,"cacheStatus":"n/a","filterParams":{},"paginationParams":{}}
{"level":30,"time":1781101772826,"pid":27420,"hostname":"preethika","requestId":"186df131-1251-4d1a-9954-20d5a22d7429","method":"POST","url":"/api/match?random=0.8986484470781309","statusCode":429,"executionTimeMs":1.07,"cacheStatus":"n/a","filterParams":{},"paginationParams":{}}
{"level":30,"time":1781101772828,"pid":27420,"hostname":"preethika","requestId":"eb661d7d-540e-41ae-bdf6-f47a18a522cc","method":"POST","url":"/api/match?random=0.8021697205437781","statusCode":429,"executionTimeMs":1.18,"cacheStatus":"n/a","filterParams":{},"paginationParams":{}}
{"level":30,"time":1781101772829,"pid":27420,"hostname":"preethika","requestId":"b1a4f04f-b6be-45fb-a10f-1374ace7460f","method":"POST","url":"/api/match?random=0.5219465885482204","statusCode":429,"executionTimeMs":1.01,"cacheStatus":"n/a","filterParams":{},"paginationParams":{}}
{"level":30,"time":1781101772831,"pid":27420,"hostname":"preethika","requestId":"8cc443fc-96fa-4bb9-bb1a-541483a6e39a","method":"POST","url":"/api/match?random=0.7213152620553278","statusCode":429,"executionTimeMs":1.03,"cacheStatus":"n/a","filterParams":{},"paginationParams":{}}
{"level":30,"time":1781101772833,"pid":27420,"hostname":"preethika","requestId":"0356eb10-a7f3-4592-9ce3-2af6f11ad4ef","method":"POST","url":"/api/match?random=0.6614867056045461","statusCode":429,"executionTimeMs":0.91,"cacheStatus":"n/a","filterParams":{},"paginationParams":{}}
{"level":30,"time":1781101772836,"pid":27420,"hostname":"preethika","requestId":"41d02656-d15d-4ffe-8850-9afb3ac41d83","method":"POST","url":"/api/match?random=0.893748091816776","statusCode":429,"executionTimeMs":1.37,"cacheStatus":"n/a","filterParams":{},"paginationParams":{}}
{"level":30,"time":1781101772838,"pid":27420,"hostname":"preethika","requestId":"1b145d53-c36e-4e66-9a9d-d3dd6eee79a5","method":"POST","url":"/api/match?random=0.17290363924760288","statusCode":429,"executionTimeMs":1.1,"cacheStatus":"n/a","filterParams":{},"paginationParams":{}}
{"level":30,"time":1781101772840,"pid":27420,"hostname":"preethika","requestId":"bf20ae9e-c3e2-4d08-829d-35c2618a4933","method":"POST","url":"/api/match?random=0.29125972085818175","statusCode":429,"executionTimeMs":1.03,"cacheStatus":"n/a","filterParams":{},"paginationParams":{}}
{"level":30,"time":1781101772842,"pid":27420,"hostname":"preethika","requestId":"093ce7af-e3ff-4a86-9411-9b93e9aefca0","method":"POST","url":"/api/match?random=0.8994235327380331","statusCode":429,"executionTimeMs":0.98,"cacheStatus":"n/a","filterParams":{},"paginationParams":{}}
{"level":30,"time":1781101772843,"pid":27420,"hostname":"preethika","requestId":"62cbb4cf-b8dd-49c3-994a-3e4fc9425060","method":"POST","url":"/api/match?random=0.1073094156352632","statusCode":429,"executionTimeMs":1.13,"cacheStatus":"n/a","filterParams":{},"paginationParams":{}}
{"level":30,"time":1781101772846,"pid":27420,"hostname":"preethika","requestId":"a6c5858c-b1cb-452d-a91a-a02bccd66975","method":"POST","url":"/api/match?random=0.879893997675578","statusCode":429,"executionTimeMs":1.55,"cacheStatus":"n/a","filterParams":{},"paginationParams":{}}
{"level":30,"time":1781101772848,"pid":27420,"hostname":"preethika","requestId":"aa94499d-9d29-4424-b6bc-87aa99cef5c3","method":"POST","url":"/api/match?random=0.027224665172730145","statusCode":429,"executionTimeMs":1.03,"cacheStatus":"n/a","filterParams":{},"paginationParams":{}}
{"level":30,"time":1781101772849,"pid":27420,"hostname":"preethika","requestId":"bdb15a6e-b66a-4040-9ee6-a484d986249f","method":"POST","url":"/api/match?random=0.6422251068220479","statusCode":429,"executionTimeMs":0.96,"cacheStatus":"n/a","filterParams":{},"paginationParams":{}}
{"level":30,"time":1781101772851,"pid":27420,"hostname":"preethika","requestId":"9f8b32d9-3f99-4009-9876-b60f0f03c146","method":"POST","url":"/api/match?random=0.599734383611175","statusCode":429,"executionTimeMs":0.87,"cacheStatus":"n/a","filterParams":{},"paginationParams":{}}
{"level":30,"time":1781101772852,"pid":27420,"hostname":"preethika","requestId":"5da67cc3-328f-4c7f-85a4-3e3c3d613073","method":"POST","url":"/api/match?random=0.04282991166007322","statusCode":429,"executionTimeMs":0.82,"cacheStatus":"n/a","filterParams":{},"paginationParams":{}}
{"level":30,"time":1781101772853,"pid":27420,"hostname":"preethika","requestId":"a2636be3-e218-4031-8c04-b8546d484a10","method":"POST","url":"/api/match?random=0.9337081751293153","statusCode":429,"executionTimeMs":0.81,"cacheStatus":"n/a","filterParams":{},"paginationParams":{}}
{"level":30,"time":1781101772855,"pid":27420,"hostname":"preethika","requestId":"b2399d42-122e-4aca-98da-38afe4fef292","method":"POST","url":"/api/match?random=0.5994605919759004","statusCode":429,"executionTimeMs":0.75,"cacheStatus":"n/a","filterParams":{},"paginationParams":{}}
{"level":30,"time":1781101772856,"pid":27420,"hostname":"preethika","requestId":"fd0ed5e8-043a-4d3a-997b-d348071dd6a4","method":"POST","url":"/api/match?random=0.2615322592294429","statusCode":429,"executionTimeMs":0.72,"cacheStatus":"n/a","filterParams":{},"paginationParams":{}}
{"level":30,"time":1781101772857,"pid":27420,"hostname":"preethika","requestId":"3baa1f4b-b24e-4140-bab1-406338639867","method":"POST","url":"/api/match?random=0.4300875915932634","statusCode":429,"executionTimeMs":0.71,"cacheStatus":"n/a","filterParams":{},"paginationParams":{}}
{"level":30,"time":1781101772858,"pid":27420,"hostname":"preethika","requestId":"a1842d5c-1340-459b-9362-098834aa8e3f","method":"POST","url":"/api/match?random=0.08166503920599788","statusCode":429,"executionTimeMs":0.73,"cacheStatus":"n/a","filterParams":{},"paginationParams":{}}
{"level":30,"time":1781101772859,"pid":27420,"hostname":"preethika","requestId":"cd5da009-7051-47af-8b55-1163f4af8d81","method":"POST","url":"/api/match?random=0.8205576285940024","statusCode":429,"executionTimeMs":0.7,"cacheStatus":"n/a","filterParams":{},"paginationParams":{}}
{"level":30,"time":1781101772861,"pid":27420,"hostname":"preethika","requestId":"40565ad9-1393-45ce-bff8-e4bb019550c7","method":"POST","url":"/api/match?random=0.45563066604270075","statusCode":429,"executionTimeMs":0.72,"cacheStatus":"n/a","filterParams":{},"paginationParams":{}}
{"level":30,"time":1781101772862,"pid":27420,"hostname":"preethika","requestId":"6d32a7ae-49f4-4363-b1dd-98a8c46a4615","method":"POST","url":"/api/match?random=0.6038590832695805","statusCode":429,"executionTimeMs":0.73,"cacheStatus":"n/a","filterParams":{},"paginationParams":{}}
{"level":30,"time":1781101772863,"pid":27420,"hostname":"preethika","requestId":"16b55619-5a67-4d1c-b04d-490ae02bdd52","method":"POST","url":"/api/match?random=0.15053454779201259","statusCode":429,"executionTimeMs":0.77,"cacheStatus":"n/a","filterParams":{},"paginationParams":{}}
{"level":30,"time":1781101772864,"pid":27420,"hostname":"preethika","requestId":"8588323b-2b16-4613-862a-f1c533e5d4af","method":"POST","url":"/api/match?random=0.6298308447508121","statusCode":429,"executionTimeMs":0.76,"cacheStatus":"n/a","filterParams":{},"paginationParams":{}}
{"level":30,"time":1781101772866,"pid":27420,"hostname":"preethika","requestId":"da432696-bc18-4928-ac70-c1930fd7382f","method":"POST","url":"/api/match?random=0.5452820047463123","statusCode":429,"executionTimeMs":0.84,"cacheStatus":"n/a","filterParams":{},"paginationParams":{}}
{"level":30,"time":1781101772867,"pid":27420,"hostname":"preethika","requestId":"656ffaaf-3e49-449f-b3a4-17a2c1e4e31c","method":"POST","url":"/api/match?random=0.5945553766470542","statusCode":429,"executionTimeMs":0.87,"cacheStatus":"n/a","filterParams":{},"paginationParams":{}}
{"level":30,"time":1781101772869,"pid":27420,"hostname":"preethika","requestId":"90c64785-c557-4d02-8a05-08bb4f34dc75","method":"POST","url":"/api/match?random=0.019051528299310228","statusCode":429,"executionTimeMs":0.77,"cacheStatus":"n/a","filterParams":{},"paginationParams":{}}
{"level":30,"time":1781101772870,"pid":27420,"hostname":"preethika","requestId":"4773567e-266a-4688-846e-cc5ff48c50e4","method":"POST","url":"/api/match?random=0.6044062473318166","statusCode":429,"executionTimeMs":0.71,"cacheStatus":"n/a","filterParams":{},"paginationParams":{}}
{"level":30,"time":1781101772881,"pid":27420,"hostname":"preethika","requestId":"47c5f8be-1448-4048-826b-cbf2310e11df","method":"POST","url":"/api/match?random=0.2177653562574431","statusCode":429,"executionTimeMs":1.36,"cacheStatus":"n/a","filterParams":{},"paginationParams":{}}
{"level":30,"time":1781101772884,"pid":27420,"hostname":"preethika","requestId":"c9db1c8e-281a-4c21-9fa2-051aab95835c","method":"POST","url":"/api/match?random=0.24464769315778478","statusCode":429,"executionTimeMs":1.28,"cacheStatus":"n/a","filterParams":{},"paginationParams":{}}
{"level":30,"time":1781101772885,"pid":27420,"hostname":"preethika","requestId":"b5d75f1d-3044-42e6-94e9-4d5c19b6c42a","method":"POST","url":"/api/match?random=0.6558930672889163","statusCode":429,"executionTimeMs":1.12,"cacheStatus":"n/a","filterParams":{},"paginationParams":{}}
{"level":30,"time":1781101772887,"pid":27420,"hostname":"preethika","requestId":"e5ba2baa-70a7-4095-976f-7c7d581d5e79","method":"POST","url":"/api/match?random=0.7738501863971761","statusCode":429,"executionTimeMs":1.02,"cacheStatus":"n/a","filterParams":{},"paginationParams":{}}
{"level":30,"time":1781101772889,"pid":27420,"hostname":"preethika","requestId":"e9b8693f-6caf-440d-8492-3ebc87250f64","method":"POST","url":"/api/match?random=0.5070775801794412","statusCode":429,"executionTimeMs":1.02,"cacheStatus":"n/a","filterParams":{},"paginationParams":{}}
{"level":30,"time":1781101772891,"pid":27420,"hostname":"preethika","requestId":"91e7b939-80a7-4a76-86f5-121d02fd70f4","method":"POST","url":"/api/match?random=0.7116691489254829","statusCode":429,"executionTimeMs":1.06,"cacheStatus":"n/a","filterParams":{},"paginationParams":{}}
{"level":30,"time":1781101772892,"pid":27420,"hostname":"preethika","requestId":"4623294b-9fbc-42a5-9494-0f7e8e7df1d0","method":"POST","url":"/api/match?random=0.6044652999924802","statusCode":429,"executionTimeMs":0.93,"cacheStatus":"n/a","filterParams":{},"paginationParams":{}}
{"level":30,"time":1781101772894,"pid":27420,"hostname":"preethika","requestId":"48ce6e7f-823e-476d-a684-d66cf0e7f888","method":"POST","url":"/api/match?random=0.11620163444831433","statusCode":429,"executionTimeMs":1.21,"cacheStatus":"n/a","filterParams":{},"paginationParams":{}}
{"level":30,"time":1781101772896,"pid":27420,"hostname":"preethika","requestId":"416dd0ff-6e88-47cc-8685-858eb88bb804","method":"POST","url":"/api/match?random=0.6374517325450952","statusCode":429,"executionTimeMs":1.36,"cacheStatus":"n/a","filterParams":{},"paginationParams":{}}
{"level":30,"time":1781101772898,"pid":27420,"hostname":"preethika","requestId":"13d4cea3-7e48-4a4d-83c4-200ee2780585","method":"POST","url":"/api/match?random=0.32821187942149077","statusCode":429,"executionTimeMs":0.85,"cacheStatus":"n/a","filterParams":{},"paginationParams":{}}
{"level":30,"time":1781101772899,"pid":27420,"hostname":"preethika","requestId":"e07af770-c907-4c23-8e25-535d67a28ad0","method":"POST","url":"/api/match?random=0.6823778161878478","statusCode":429,"executionTimeMs":0.67,"cacheStatus":"n/a","filterParams":{},"paginationParams":{}}
{"level":30,"time":1781101772900,"pid":27420,"hostname":"preethika","requestId":"58131825-485b-4dc6-a64b-e0ce0ee07f11","method":"POST","url":"/api/match?random=0.13454319516315394","statusCode":429,"executionTimeMs":0.75,"cacheStatus":"n/a","filterParams":{},"paginationParams":{}}
{"level":30,"time":1781101772901,"pid":27420,"hostname":"preethika","requestId":"8efbcdc4-4881-4bfe-b895-f230d7af6d27","method":"POST","url":"/api/match?random=0.23137461962837924","statusCode":429,"executionTimeMs":0.81,"cacheStatus":"n/a","filterParams":{},"paginationParams":{}}
{"level":30,"time":1781101772903,"pid":27420,"hostname":"preethika","requestId":"90e7014a-fd3c-428c-9143-e4de10cf3e78","method":"POST","url":"/api/match?random=0.13220605927453954","statusCode":429,"executionTimeMs":0.79,"cacheStatus":"n/a","filterParams":{},"paginationParams":{}}
{"level":30,"time":1781101772904,"pid":27420,"hostname":"preethika","requestId":"30f0257d-0d07-4478-8ad4-d59040bcb2f5","method":"POST","url":"/api/match?random=0.10609575570035501","statusCode":429,"executionTimeMs":0.63,"cacheStatus":"n/a","filterParams":{},"paginationParams":{}}
{"level":30,"time":1781101772905,"pid":27420,"hostname":"preethika","requestId":"2129863b-45c9-422d-a6aa-befc87cceb7c","method":"POST","url":"/api/match?random=0.6580649475489782","statusCode":429,"executionTimeMs":0.66,"cacheStatus":"n/a","filterParams":{},"paginationParams":{}}
{"level":30,"time":1781101772906,"pid":27420,"hostname":"preethika","requestId":"7634fe6b-a229-4877-8645-694641b87dd8","method":"POST","url":"/api/match?random=0.13807519372810106","statusCode":429,"executionTimeMs":0.63,"cacheStatus":"n/a","filterParams":{},"paginationParams":{}}
{"level":30,"time":1781101772907,"pid":27420,"hostname":"preethika","requestId":"ba5076e6-4adc-4698-99f6-5254a9691a0e","method":"POST","url":"/api/match?random=0.8036943898991931","statusCode":429,"executionTimeMs":0.62,"cacheStatus":"n/a","filterParams":{},"paginationParams":{}}
{"level":30,"time":1781101772908,"pid":27420,"hostname":"preethika","requestId":"22fe7326-9af0-419e-81cf-bbf7452ce0d7","method":"POST","url":"/api/match?random=0.40031436319558966","statusCode":429,"executionTimeMs":0.57,"cacheStatus":"n/a","filterParams":{},"paginationParams":{}}
{"level":30,"time":1781101772909,"pid":27420,"hostname":"preethika","requestId":"d42eab07-8442-4f48-9320-e8511f010d7f","method":"POST","url":"/api/match?random=0.45558518715096286","statusCode":429,"executionTimeMs":0.59,"cacheStatus":"n/a","filterParams":{},"paginationParams":{}}
{"level":30,"time":1781101772910,"pid":27420,"hostname":"preethika","requestId":"3ce3796a-f398-4ff7-b5cc-d1f5d4e88d56","method":"POST","url":"/api/match?random=0.566883833692293","statusCode":429,"executionTimeMs":0.51,"cacheStatus":"n/a","filterParams":{},"paginationParams":{}}
{"level":30,"time":1781101772912,"pid":27420,"hostname":"preethika","requestId":"30568c9d-73b6-453d-99dc-459664c4b497","method":"POST","url":"/api/match?random=0.4775464186763092","statusCode":429,"executionTimeMs":1.04,"cacheStatus":"n/a","filterParams":{},"paginationParams":{}}
{"level":30,"time":1781101772914,"pid":27420,"hostname":"preethika","requestId":"991a734f-2138-47fa-aab5-b9a0aa96d483","method":"POST","url":"/api/match?random=0.7672807472110723","statusCode":429,"executionTimeMs":0.94,"cacheStatus":"n/a","filterParams":{},"paginationParams":{}}
{"level":30,"time":1781101772915,"pid":27420,"hostname":"preethika","requestId":"6be659c9-2c75-40ba-b44a-12bb0a6f2c96","method":"POST","url":"/api/match?random=0.5172780311131169","statusCode":429,"executionTimeMs":0.76,"cacheStatus":"n/a","filterParams":{},"paginationParams":{}}
{"level":30,"time":1781101772916,"pid":27420,"hostname":"preethika","requestId":"0f4f5fd0-524e-4639-afa2-c1b13d91e2e5","method":"POST","url":"/api/match?random=0.8236440527365556","statusCode":429,"executionTimeMs":0.71,"cacheStatus":"n/a","filterParams":{},"paginationParams":{}}
{"level":30,"time":1781101772918,"pid":27420,"hostname":"preethika","requestId":"ef4cbdf9-6960-4fd8-b5b9-4a9af78d6f5f","method":"POST","url":"/api/match?random=0.19352477435209225","statusCode":429,"executionTimeMs":0.82,"cacheStatus":"n/a","filterParams":{},"paginationParams":{}}
{"level":30,"time":1781101772919,"pid":27420,"hostname":"preethika","requestId":"a51c2efe-55a0-4b94-9fb8-02e90aebe605","method":"POST","url":"/api/match?random=0.3135539557100375","statusCode":429,"executionTimeMs":1.15,"cacheStatus":"n/a","filterParams":{},"paginationParams":{}}
{"level":30,"time":1781101772921,"pid":27420,"hostname":"preethika","requestId":"d32d053d-086b-4d22-b66b-41c1f8c66490","method":"POST","url":"/api/match?random=0.09313949102089358","statusCode":429,"executionTimeMs":1,"cacheStatus":"n/a","filterParams":{},"paginationParams":{}}
{"level":30,"time":1781101775005,"pid":27420,"hostname":"preethika","requestId":"50c26d04-8b51-4947-91f4-3a3fc726c9bd","method":"POST","url":"/api/match?random=0.9060445089476712","statusCode":429,"executionTimeMs":0.91,"cacheStatus":"n/a","filterParams":{},"paginationParams":{}}
{"level":30,"time":1781101775006,"pid":27420,"hostname":"preethika","requestId":"ba5b346b-2b3c-4e94-91b3-0c3c3388313d","method":"POST","url":"/api/match?random=0.4986453822690573","statusCode":429,"executionTimeMs":0.72,"cacheStatus":"n/a","filterParams":{},"paginationParams":{}}
{"level":30,"time":1781101775008,"pid":27420,"hostname":"preethika","requestId":"263400c9-9d9a-42af-a406-d79f88213448","method":"POST","url":"/api/match?random=0.775105241011288","statusCode":429,"executionTimeMs":0.75,"cacheStatus":"n/a","filterParams":{},"paginationParams":{}}
{"level":30,"time":1781101775009,"pid":27420,"hostname":"preethika","requestId":"75ba025b-17d3-4493-8760-efa06feb255a","method":"POST","url":"/api/match?random=0.5739885090134675","statusCode":429,"executionTimeMs":0.78,"cacheStatus":"n/a","filterParams":{},"paginationParams":{}}
{"level":30,"time":1781101775010,"pid":27420,"hostname":"preethika","requestId":"dfb7e1ef-5f06-44c9-9ce9-4501232c133f","method":"POST","url":"/api/match?random=0.9631482046499575","statusCode":429,"executionTimeMs":0.72,"cacheStatus":"n/a","filterParams":{},"paginationParams":{}}
{"level":30,"time":1781101775012,"pid":27420,"hostname":"preethika","requestId":"8535fda8-6be5-464b-abb2-b2c93f79e798","method":"POST","url":"/api/match?random=0.6391205244298555","statusCode":429,"executionTimeMs":0.8,"cacheStatus":"n/a","filterParams":{},"paginationParams":{}}
{"level":30,"time":1781101775013,"pid":27420,"hostname":"preethika","requestId":"bbba961a-cc34-48d7-a578-77b9afd76225","method":"POST","url":"/api/match?random=0.3801091601411424","statusCode":429,"executionTimeMs":0.72,"cacheStatus":"n/a","filterParams":{},"paginationParams":{}}
{"level":30,"time":1781101775014,"pid":27420,"hostname":"preethika","requestId":"b0e168b9-2d21-464b-bd27-8fec5ddcfa66","method":"POST","url":"/api/match?random=0.4909386418153072","statusCode":429,"executionTimeMs":0.7,"cacheStatus":"n/a","filterParams":{},"paginationParams":{}}
{"level":30,"time":1781101775015,"pid":27420,"hostname":"preethika","requestId":"db023218-60e5-4032-ad44-b62e1378261c","method":"POST","url":"/api/match?random=0.07101304847798096","statusCode":429,"executionTimeMs":0.72,"cacheStatus":"n/a","filterParams":{},"paginationParams":{}}
{"level":30,"time":1781101775017,"pid":27420,"hostname":"preethika","requestId":"576d5cd9-0b49-49df-8bab-999718f2198e","method":"POST","url":"/api/match?random=0.06214470615705414","statusCode":429,"executionTimeMs":0.76,"cacheStatus":"n/a","filterParams":{},"paginationParams":{}}
{"level":30,"time":1781101775018,"pid":27420,"hostname":"preethika","requestId":"b0d695ca-27d3-4871-8ddd-e2e8f74fabe1","method":"POST","url":"/api/match?random=0.5929964113785817","statusCode":429,"executionTimeMs":0.69,"cacheStatus":"n/a","filterParams":{},"paginationParams":{}}
{"level":30,"time":1781101775019,"pid":27420,"hostname":"preethika","requestId":"1a500139-480c-45ee-8b68-cbe3f8498dcc","method":"POST","url":"/api/match?random=0.512254317686164","statusCode":429,"executionTimeMs":0.65,"cacheStatus":"n/a","filterParams":{},"paginationParams":{}}
{"level":30,"time":1781101775020,"pid":27420,"hostname":"preethika","requestId":"69e3a09a-8aa9-4013-9097-d5d320c518a2","method":"POST","url":"/api/match?random=0.2985791637187196","statusCode":429,"executionTimeMs":0.63,"cacheStatus":"n/a","filterParams":{},"paginationParams":{}}
{"level":30,"time":1781101775021,"pid":27420,"hostname":"preethika","requestId":"93bab504-ad97-4969-8244-f0330bd7c583","method":"POST","url":"/api/match?random=0.7796569214355729","statusCode":429,"executionTimeMs":0.66,"cacheStatus":"n/a","filterParams":{},"paginationParams":{}}
{"level":30,"time":1781101775022,"pid":27420,"hostname":"preethika","requestId":"e4198c79-3151-43e8-be7e-5121b9c7632e","method":"POST","url":"/api/match?random=0.910094949322144","statusCode":429,"executionTimeMs":0.63,"cacheStatus":"n/a","filterParams":{},"paginationParams":{}}
{"level":30,"time":1781101775023,"pid":27420,"hostname":"preethika","requestId":"a28f9652-6800-4bf6-812c-112f83c3a3c0","method":"POST","url":"/api/match?random=0.14749513412522375","statusCode":429,"executionTimeMs":0.61,"cacheStatus":"n/a","filterParams":{},"paginationParams":{}}
{"level":30,"time":1781101775024,"pid":27420,"hostname":"preethika","requestId":"034026b8-c2ec-4a0a-a905-d6368a6d6112","method":"POST","url":"/api/match?random=0.5089826351067794","statusCode":429,"executionTimeMs":0.63,"cacheStatus":"n/a","filterParams":{},"paginationParams":{}}
{"level":30,"time":1781101775025,"pid":27420,"hostname":"preethika","requestId":"3c023734-15bd-4e6e-9d3b-780d14e87134","method":"POST","url":"/api/match?random=0.50103992709096","statusCode":429,"executionTimeMs":0.61,"cacheStatus":"n/a","filterParams":{},"paginationParams":{}}
{"level":30,"time":1781101775026,"pid":27420,"hostname":"preethika","requestId":"0af25112-5244-4831-a87c-b09ee4c1debc","method":"POST","url":"/api/match?random=0.2917760275549144","statusCode":429,"executionTimeMs":0.66,"cacheStatus":"n/a","filterParams":{},"paginationParams":{}}
{"level":30,"time":1781101775028,"pid":27420,"hostname":"preethika","requestId":"c0e7178a-8f07-4c01-9556-c300264c2c16","method":"POST","url":"/api/match?random=0.8526565240033217","statusCode":429,"executionTimeMs":0.63,"cacheStatus":"n/a","filterParams":{},"paginationParams":{}}
{"level":30,"time":1781101775029,"pid":27420,"hostname":"preethika","requestId":"e1727592-808a-4a0e-8119-54c953855ebd","method":"POST","url":"/api/match?random=0.9528584517850391","statusCode":429,"executionTimeMs":0.73,"cacheStatus":"n/a","filterParams":{},"paginationParams":{}}
{"level":30,"time":1781101775030,"pid":27420,"hostname":"preethika","requestId":"9dc9839f-2023-456b-886f-2fd2ed7bf353","method":"POST","url":"/api/match?random=0.7273344984464576","statusCode":429,"executionTimeMs":0.72,"cacheStatus":"n/a","filterParams":{},"paginationParams":{}}
{"level":30,"time":1781101775031,"pid":27420,"hostname":"preethika","requestId":"510da238-f4b8-4b53-a2fb-d4ce96ed01ba","method":"POST","url":"/api/match?random=0.7087909038363407","statusCode":429,"executionTimeMs":0.73,"cacheStatus":"n/a","filterParams":{},"paginationParams":{}}
{"level":30,"time":1781101775032,"pid":27420,"hostname":"preethika","requestId":"5f3380a6-a4da-4747-ac29-60813efe7bc3","method":"POST","url":"/api/match?random=0.2244314247355057","statusCode":429,"executionTimeMs":0.71,"cacheStatus":"n/a","filterParams":{},"paginationParams":{}}
{"level":30,"time":1781101775034,"pid":27420,"hostname":"preethika","requestId":"8deda56d-2fd0-4c6b-8bd7-94fbf77b9b01","method":"POST","url":"/api/match?random=0.31006730301502294","statusCode":429,"executionTimeMs":0.69,"cacheStatus":"n/a","filterParams":{},"paginationParams":{}}
{"level":30,"time":1781101775035,"pid":27420,"hostname":"preethika","requestId":"6e62eef1-796c-48a6-9e97-8d09294a54d0","method":"POST","url":"/api/match?random=0.19488651482646646","statusCode":429,"executionTimeMs":0.62,"cacheStatus":"n/a","filterParams":{},"paginationParams":{}}
{"level":30,"time":1781101775036,"pid":27420,"hostname":"preethika","requestId":"f5805583-6856-4168-afb8-44a881a49781","method":"POST","url":"/api/match?random=0.20930277477529602","statusCode":429,"executionTimeMs":0.58,"cacheStatus":"n/a","filterParams":{},"paginationParams":{}}
{"level":30,"time":1781101775040,"pid":27420,"hostname":"preethika","requestId":"d2addfeb-5605-4791-a889-656e64894bd6","method":"POST","url":"/api/match?random=0.28088722119285303","statusCode":429,"executionTimeMs":1.15,"cacheStatus":"n/a","filterParams":{},"paginationParams":{}}
{"level":30,"time":1781101775042,"pid":27420,"hostname":"preethika","requestId":"8bacc242-c471-4f4e-bd8b-53f837c63563","method":"POST","url":"/api/match?random=0.9395177259370804","statusCode":429,"executionTimeMs":0.9,"cacheStatus":"n/a","filterParams":{},"paginationParams":{}}
{"level":30,"time":1781101775044,"pid":27420,"hostname":"preethika","requestId":"63260ef4-b7a6-415c-8982-e407c166a3ad","method":"POST","url":"/api/match?random=0.4132338441473278","statusCode":429,"executionTimeMs":0.83,"cacheStatus":"n/a","filterParams":{},"paginationParams":{}}
{"level":30,"time":1781101775045,"pid":27420,"hostname":"preethika","requestId":"992d709a-7bc0-4994-88f4-2716d49f4aed","method":"POST","url":"/api/match?random=0.07358525593482468","statusCode":429,"executionTimeMs":0.76,"cacheStatus":"n/a","filterParams":{},"paginationParams":{}}
{"level":30,"time":1781101775046,"pid":27420,"hostname":"preethika","requestId":"3443730f-3c9e-4213-97bf-aa3644cda42c","method":"POST","url":"/api/match?random=0.17581464523724333","statusCode":429,"executionTimeMs":0.77,"cacheStatus":"n/a","filterParams":{},"paginationParams":{}}
{"level":30,"time":1781101775048,"pid":27420,"hostname":"preethika","requestId":"72c2d1cb-8269-4f9e-b3da-cdf640a1c0ab","method":"POST","url":"/api/match?random=0.08905411907396354","statusCode":429,"executionTimeMs":0.74,"cacheStatus":"n/a","filterParams":{},"paginationParams":{}}
{"level":30,"time":1781101775049,"pid":27420,"hostname":"preethika","requestId":"081a466b-15d4-4672-ae02-40af62a6297a","method":"POST","url":"/api/match?random=0.46640341672282326","statusCode":429,"executionTimeMs":1.06,"cacheStatus":"n/a","filterParams":{},"paginationParams":{}}
{"level":30,"time":1781101775051,"pid":27420,"hostname":"preethika","requestId":"9f56e01b-f8cf-4c71-a40c-3e751146be00","method":"POST","url":"/api/match?random=0.5540839620111908","statusCode":429,"executionTimeMs":0.75,"cacheStatus":"n/a","filterParams":{},"paginationParams":{}}
{"level":30,"time":1781101775052,"pid":27420,"hostname":"preethika","requestId":"d1b77172-52ed-4d8e-a584-28c4eac32702","method":"POST","url":"/api/match?random=0.48824286524710026","statusCode":429,"executionTimeMs":0.76,"cacheStatus":"n/a","filterParams":{},"paginationParams":{}}
{"level":30,"time":1781101775053,"pid":27420,"hostname":"preethika","requestId":"04887da4-0c1e-44e4-8e45-428c2f5f6beb","method":"POST","url":"/api/match?random=0.054165741522228084","statusCode":429,"executionTimeMs":0.72,"cacheStatus":"n/a","filterParams":{},"paginationParams":{}}
{"level":30,"time":1781101775054,"pid":27420,"hostname":"preethika","requestId":"1bdc56b7-0d54-447f-8b3f-914e45184715","method":"POST","url":"/api/match?random=0.2796421029499945","statusCode":429,"executionTimeMs":0.66,"cacheStatus":"n/a","filterParams":{},"paginationParams":{}}
{"level":30,"time":1781101775056,"pid":27420,"hostname":"preethika","requestId":"5810b478-f22f-4a7a-ac02-db6e59ab5639","method":"POST","url":"/api/match?random=0.3669630286921459","statusCode":429,"executionTimeMs":0.78,"cacheStatus":"n/a","filterParams":{},"paginationParams":{}}
{"level":30,"time":1781101775058,"pid":27420,"hostname":"preethika","requestId":"72471a77-885d-420c-b38e-5d34105e6171","method":"POST","url":"/api/match?random=0.5919151762625836","statusCode":429,"executionTimeMs":1.73,"cacheStatus":"n/a","filterParams":{},"paginationParams":{}}
{"level":30,"time":1781101775060,"pid":27420,"hostname":"preethika","requestId":"ba2f956d-6b6a-4661-9bb3-e3a1b79b710b","method":"POST","url":"/api/match?random=0.5623774648278044","statusCode":429,"executionTimeMs":0.97,"cacheStatus":"n/a","filterParams":{},"paginationParams":{}}
{"level":30,"time":1781101775061,"pid":27420,"hostname":"preethika","requestId":"a09fbbc7-18fa-4f9a-a516-13021e6a6ab6","method":"POST","url":"/api/match?random=0.3835145193623708","statusCode":429,"executionTimeMs":0.88,"cacheStatus":"n/a","filterParams":{},"paginationParams":{}}
{"level":30,"time":1781101775063,"pid":27420,"hostname":"preethika","requestId":"2b24f211-d4c5-4247-be20-d4f7465ec518","method":"POST","url":"/api/match?random=0.3263950372702764","statusCode":429,"executionTimeMs":0.85,"cacheStatus":"n/a","filterParams":{},"paginationParams":{}}
{"level":30,"time":1781101775065,"pid":27420,"hostname":"preethika","requestId":"0aedb45e-d7ee-48f2-980c-1df3cd647c8f","method":"POST","url":"/api/match?random=0.7167724526202826","statusCode":429,"executionTimeMs":1.27,"cacheStatus":"n/a","filterParams":{},"paginationParams":{}}
{"level":30,"time":1781101775067,"pid":27420,"hostname":"preethika","requestId":"28700469-eeca-48bb-929a-a8442c712b50","method":"POST","url":"/api/match?random=0.5766129889480596","statusCode":429,"executionTimeMs":0.92,"cacheStatus":"n/a","filterParams":{},"paginationParams":{}}
{"level":30,"time":1781101775068,"pid":27420,"hostname":"preethika","requestId":"d9ef9c07-a066-4e92-979b-e5a2be36496f","method":"POST","url":"/api/match?random=0.8037884041293766","statusCode":429,"executionTimeMs":0.76,"cacheStatus":"n/a","filterParams":{},"paginationParams":{}}
{"level":30,"time":1781101775069,"pid":27420,"hostname":"preethika","requestId":"49cce65b-a914-457e-ab30-61eb7e02ce6c","method":"POST","url":"/api/match?random=0.39320262846777765","statusCode":429,"executionTimeMs":0.76,"cacheStatus":"n/a","filterParams":{},"paginationParams":{}}
{"level":30,"time":1781101775071,"pid":27420,"hostname":"preethika","requestId":"b5165b7f-3f18-434a-b3ad-9783925fc905","method":"POST","url":"/api/match?random=0.5007685621104034","statusCode":429,"executionTimeMs":0.86,"cacheStatus":"n/a","filterParams":{},"paginationParams":{}}
{"level":30,"time":1781101775072,"pid":27420,"hostname":"preethika","requestId":"46f6a975-e5d5-4845-bdf8-90b1f286b7c0","method":"POST","url":"/api/match?random=0.4154205753469977","statusCode":429,"executionTimeMs":0.91,"cacheStatus":"n/a","filterParams":{},"paginationParams":{}}
{"level":30,"time":1781101775074,"pid":27420,"hostname":"preethika","requestId":"c6dff56f-4b51-4ea3-a6bc-8a06616c9767","method":"POST","url":"/api/match?random=0.467027628773677","statusCode":429,"executionTimeMs":0.87,"cacheStatus":"n/a","filterParams":{},"paginationParams":{}}
{"level":30,"time":1781101775075,"pid":27420,"hostname":"preethika","requestId":"8df1b9f4-14ba-4f28-a86a-5bbea986a408","method":"POST","url":"/api/match?random=0.7650193635872815","statusCode":429,"executionTimeMs":0.77,"cacheStatus":"n/a","filterParams":{},"paginationParams":{}}
{"level":30,"time":1781101775076,"pid":27420,"hostname":"preethika","requestId":"8efcd5c9-8e65-4f7e-aca0-53854e469688","method":"POST","url":"/api/match?random=0.029465222317409445","statusCode":429,"executionTimeMs":0.71,"cacheStatus":"n/a","filterParams":{},"paginationParams":{}}
{"level":30,"time":1781101775077,"pid":27420,"hostname":"preethika","requestId":"2bb72df5-2f8a-4720-9c2e-0d6d25924110","method":"POST","url":"/api/match?random=0.7447953373879768","statusCode":429,"executionTimeMs":0.65,"cacheStatus":"n/a","filterParams":{},"paginationParams":{}}
{"level":30,"time":1781101775078,"pid":27420,"hostname":"preethika","requestId":"e4317f3c-a48c-4d13-a330-3dd024e2cbfe","method":"POST","url":"/api/match?random=0.47934149082248867","statusCode":429,"executionTimeMs":0.66,"cacheStatus":"n/a","filterParams":{},"paginationParams":{}}
{"level":30,"time":1781101775080,"pid":27420,"hostname":"preethika","requestId":"63d6e636-c171-43e0-a4f5-1f5ef539aa26","method":"POST","url":"/api/match?random=0.4257676147615883","statusCode":429,"executionTimeMs":0.88,"cacheStatus":"n/a","filterParams":{},"paginationParams":{}}
{"level":30,"time":1781101775081,"pid":27420,"hostname":"preethika","requestId":"57dcbf50-f4eb-4647-867e-a63cbe0c77dd","method":"POST","url":"/api/match?random=0.1282550294084155","statusCode":429,"executionTimeMs":0.73,"cacheStatus":"n/a","filterParams":{},"paginationParams":{}}
{"level":30,"time":1781101775082,"pid":27420,"hostname":"preethika","requestId":"3256b5fd-53dc-4531-a71a-ad65752e5a11","method":"POST","url":"/api/match?random=0.7745412815614559","statusCode":429,"executionTimeMs":0.66,"cacheStatus":"n/a","filterParams":{},"paginationParams":{}}
{"level":30,"time":1781101775083,"pid":27420,"hostname":"preethika","requestId":"7169ccff-4138-472a-806a-ff906ca588bc","method":"POST","url":"/api/match?random=0.11161984676834824","statusCode":429,"executionTimeMs":0.7,"cacheStatus":"n/a","filterParams":{},"paginationParams":{}}
{"level":30,"time":1781101775084,"pid":27420,"hostname":"preethika","requestId":"63cb38d2-c954-46aa-bbb1-c67889970ea3","method":"POST","url":"/api/match?random=0.5142088338270074","statusCode":429,"executionTimeMs":0.71,"cacheStatus":"n/a","filterParams":{},"paginationParams":{}}
{"level":30,"time":1781101775086,"pid":27420,"hostname":"preethika","requestId":"7bee7c5c-8853-4d4c-a0aa-d7624a9a1231","method":"POST","url":"/api/match?random=0.07185570125324636","statusCode":429,"executionTimeMs":0.7,"cacheStatus":"n/a","filterParams":{},"paginationParams":{}}
{"level":30,"time":1781101775087,"pid":27420,"hostname":"preethika","requestId":"046e7cd5-000e-4ef9-8ee0-74b116817e6a","method":"POST","url":"/api/match?random=0.5432077941957947","statusCode":429,"executionTimeMs":0.68,"cacheStatus":"n/a","filterParams":{},"paginationParams":{}}
{"level":30,"time":1781101775088,"pid":27420,"hostname":"preethika","requestId":"745ce479-d642-4813-b961-5eb2e9b0690a","method":"POST","url":"/api/match?random=0.13650128114966265","statusCode":429,"executionTimeMs":0.73,"cacheStatus":"n/a","filterParams":{},"paginationParams":{}}
{"level":30,"time":1781101775089,"pid":27420,"hostname":"preethika","requestId":"74f89f83-f2d3-4ad5-8563-5c66f4a7a3e0","method":"POST","url":"/api/match?random=0.9060660341897004","statusCode":429,"executionTimeMs":0.76,"cacheStatus":"n/a","filterParams":{},"paginationParams":{}}
{"level":30,"time":1781101775091,"pid":27420,"hostname":"preethika","requestId":"62bad137-9c48-46e4-8d18-bb729f2e3108","method":"POST","url":"/api/match?random=0.8782407042720888","statusCode":429,"executionTimeMs":0.85,"cacheStatus":"n/a","filterParams":{},"paginationParams":{}}
{"level":30,"time":1781101775092,"pid":27420,"hostname":"preethika","requestId":"36e10898-6641-48ed-8e57-622e6b9f8400","method":"POST","url":"/api/match?random=0.4669869463760532","statusCode":429,"executionTimeMs":0.63,"cacheStatus":"n/a","filterParams":{},"paginationParams":{}}
{"level":30,"time":1781101775093,"pid":27420,"hostname":"preethika","requestId":"2461f896-8644-45f5-b0f6-8f851ee9352e","method":"POST","url":"/api/match?random=0.0977412099748638","statusCode":429,"executionTimeMs":0.63,"cacheStatus":"n/a","filterParams":{},"paginationParams":{}}
{"level":30,"time":1781101775094,"pid":27420,"hostname":"preethika","requestId":"4db01b9a-2b2a-48c6-8342-02954cb610ec","method":"POST","url":"/api/match?random=0.8260644355346263","statusCode":429,"executionTimeMs":0.68,"cacheStatus":"n/a","filterParams":{},"paginationParams":{}}
{"level":30,"time":1781101775096,"pid":27420,"hostname":"preethika","requestId":"b0c5df75-abe8-4869-b87e-0c250d62aab6","method":"POST","url":"/api/match?random=0.6896761740645125","statusCode":429,"executionTimeMs":0.94,"cacheStatus":"n/a","filterParams":{},"paginationParams":{}}
{"level":30,"time":1781101775097,"pid":27420,"hostname":"preethika","requestId":"1617a2de-25a8-40c9-8d8f-065f2e430d53","method":"POST","url":"/api/match?random=0.1361417699261216","statusCode":429,"executionTimeMs":0.82,"cacheStatus":"n/a","filterParams":{},"paginationParams":{}}
{"level":30,"time":1781101775098,"pid":27420,"hostname":"preethika","requestId":"eaccd60c-03f5-4e24-818f-471888e40219","method":"POST","url":"/api/match?random=0.31760178521159643","statusCode":429,"executionTimeMs":0.78,"cacheStatus":"n/a","filterParams":{},"paginationParams":{}}
{"level":30,"time":1781101775100,"pid":27420,"hostname":"preethika","requestId":"bd2fad9a-5ae0-49d0-8e4d-415620316a0d","method":"POST","url":"/api/match?random=0.5450526639560695","statusCode":429,"executionTimeMs":0.74,"cacheStatus":"n/a","filterParams":{},"paginationParams":{}}
{"level":30,"time":1781101775101,"pid":27420,"hostname":"preethika","requestId":"c5ce94e0-a5ea-4fa7-b137-a91941fcc31c","method":"POST","url":"/api/match?random=0.19756513528997388","statusCode":429,"executionTimeMs":0.7,"cacheStatus":"n/a","filterParams":{},"paginationParams":{}}
{"level":30,"time":1781101775102,"pid":27420,"hostname":"preethika","requestId":"a80c2fe0-c930-4772-aefe-0578ad81cfec","method":"POST","url":"/api/match?random=0.5862384526183428","statusCode":429,"executionTimeMs":0.71,"cacheStatus":"n/a","filterParams":{},"paginationParams":{}}
{"level":30,"time":1781101775103,"pid":27420,"hostname":"preethika","requestId":"637d093c-a107-4127-b935-96c52817ad2c","method":"POST","url":"/api/match?random=0.2755771231305675","statusCode":429,"executionTimeMs":0.75,"cacheStatus":"n/a","filterParams":{},"paginationParams":{}}
{"level":30,"time":1781101775104,"pid":27420,"hostname":"preethika","requestId":"a6ffeb41-553a-4079-a3c9-c36bc0b42baf","method":"POST","url":"/api/match?random=0.2193864347600083","statusCode":429,"executionTimeMs":0.8,"cacheStatus":"n/a","filterParams":{},"paginationParams":{}}
{"level":30,"time":1781101775106,"pid":27420,"hostname":"preethika","requestId":"9e94fd11-f655-4402-aba0-c6faf7be59fd","method":"POST","url":"/api/match?random=0.44640197629365397","statusCode":429,"executionTimeMs":0.82,"cacheStatus":"n/a","filterParams":{},"paginationParams":{}}
{"level":30,"time":1781101775108,"pid":27420,"hostname":"preethika","requestId":"cd4f6061-726b-41fe-84ef-79ce91a2c07f","method":"POST","url":"/api/match?random=0.05675993817031344","statusCode":429,"executionTimeMs":1.65,"cacheStatus":"n/a","filterParams":{},"paginationParams":{}}
{"level":30,"time":1781101775111,"pid":27420,"hostname":"preethika","requestId":"c8d20815-026f-469a-b9cc-cbef652373e0","method":"POST","url":"/api/match?random=0.9737058650242378","statusCode":429,"executionTimeMs":1.38,"cacheStatus":"n/a","filterParams":{},"paginationParams":{}}
{"level":30,"time":1781101775113,"pid":27420,"hostname":"preethika","requestId":"e5373183-86c7-4951-891e-bde1e213aab2","method":"POST","url":"/api/match?random=0.6723746888802196","statusCode":429,"executionTimeMs":1.35,"cacheStatus":"n/a","filterParams":{},"paginationParams":{}}
{"level":30,"time":1781101775115,"pid":27420,"hostname":"preethika","requestId":"7ac754db-b1f5-4adb-8775-3fd42ea69f28","method":"POST","url":"/api/match?random=0.18032180325068992","statusCode":429,"executionTimeMs":1.36,"cacheStatus":"n/a","filterParams":{},"paginationParams":{}}
{"level":30,"time":1781101775117,"pid":27420,"hostname":"preethika","requestId":"be7b9da2-6e54-4605-93cf-6ba60e4cc5a0","method":"POST","url":"/api/match?random=0.7692868470552534","statusCode":429,"executionTimeMs":1.04,"cacheStatus":"n/a","filterParams":{},"paginationParams":{}}
{"level":30,"time":1781101775118,"pid":27420,"hostname":"preethika","requestId":"2cd4ce9c-8ad6-4bc1-b181-986681384ed2","method":"POST","url":"/api/match?random=0.07512482162904743","statusCode":429,"executionTimeMs":0.77,"cacheStatus":"n/a","filterParams":{},"paginationParams":{}}
{"level":30,"time":1781101775125,"pid":27420,"hostname":"preethika","requestId":"346964b6-6066-450d-9e6f-4632759bda32","method":"POST","url":"/api/match?random=0.7346419435054015","statusCode":429,"executionTimeMs":1.4,"cacheStatus":"n/a","filterParams":{},"paginationParams":{}}
{"level":30,"time":1781101775127,"pid":27420,"hostname":"preethika","requestId":"f782a8ca-cabb-4a62-986f-b24f9171769d","method":"POST","url":"/api/match?random=0.9736143313986243","statusCode":429,"executionTimeMs":1.15,"cacheStatus":"n/a","filterParams":{},"paginationParams":{}}
{"level":30,"time":1781101775129,"pid":27420,"hostname":"preethika","requestId":"ec750aee-4b71-4d99-b145-57d8ef463325","method":"POST","url":"/api/match?random=0.47892696603822626","statusCode":429,"executionTimeMs":1.33,"cacheStatus":"n/a","filterParams":{},"paginationParams":{}}
{"level":30,"time":1781101775131,"pid":27420,"hostname":"preethika","requestId":"387e0f26-e66e-4e36-93e6-7020463d95d9","method":"POST","url":"/api/match?random=0.5284441268063769","statusCode":429,"executionTimeMs":1.29,"cacheStatus":"n/a","filterParams":{},"paginationParams":{}}
{"level":30,"time":1781101775134,"pid":27420,"hostname":"preethika","requestId":"0a7d7c93-ecd3-4073-ac82-0f3e5b004bb5","method":"POST","url":"/api/match?random=0.1688695029739784","statusCode":429,"executionTimeMs":1.26,"cacheStatus":"n/a","filterParams":{},"paginationParams":{}}
{"level":30,"time":1781101775136,"pid":27420,"hostname":"preethika","requestId":"a0d6a5b9-9ad5-416a-9e78-ac29aba7c11a","method":"POST","url":"/api/match?random=0.6409653503596506","statusCode":429,"executionTimeMs":1.31,"cacheStatus":"n/a","filterParams":{},"paginationParams":{}}
{"level":30,"time":1781101775138,"pid":27420,"hostname":"preethika","requestId":"36122ada-0e14-4271-8588-6a683ca2daf0","method":"POST","url":"/api/match?random=0.11796029860810853","statusCode":429,"executionTimeMs":1.46,"cacheStatus":"n/a","filterParams":{},"paginationParams":{}}
{"level":30,"time":1781101775139,"pid":27420,"hostname":"preethika","requestId":"8c9827c7-eb12-47fb-bfad-038302649da8","method":"POST","url":"/api/match?random=0.8027803765118082","statusCode":429,"executionTimeMs":1.05,"cacheStatus":"n/a","filterParams":{},"paginationParams":{}}
{"level":30,"time":1781101775141,"pid":27420,"hostname":"preethika","requestId":"08a9042f-8084-46ce-8e77-e5904c0399e7","method":"POST","url":"/api/match?random=0.7962948897073181","statusCode":429,"executionTimeMs":1.11,"cacheStatus":"n/a","filterParams":{},"paginationParams":{}}
{"level":30,"time":1781101775143,"pid":27420,"hostname":"preethika","requestId":"019e27fc-3c35-4944-a459-f2ae8c124042","method":"POST","url":"/api/match?random=0.6894297554427355","statusCode":429,"executionTimeMs":1.12,"cacheStatus":"n/a","filterParams":{},"paginationParams":{}}
{"level":30,"time":1781101775145,"pid":27420,"hostname":"preethika","requestId":"ef6d28ef-6fff-4131-88ae-5d750a42df1c","method":"POST","url":"/api/match?random=0.28754475836495486","statusCode":429,"executionTimeMs":1.22,"cacheStatus":"n/a","filterParams":{},"paginationParams":{}}
{"level":30,"time":1781101775147,"pid":27420,"hostname":"preethika","requestId":"1c60719b-aaff-4d81-97e4-294b7dcf5bb8","method":"POST","url":"/api/match?random=0.4360260202791084","statusCode":429,"executionTimeMs":0.83,"cacheStatus":"n/a","filterParams":{},"paginationParams":{}}
{"level":30,"time":1781101775148,"pid":27420,"hostname":"preethika","requestId":"1a11e2e3-81f4-4d4a-8768-e6b4c2d83cd3","method":"POST","url":"/api/match?random=0.15534220089343354","statusCode":429,"executionTimeMs":0.67,"cacheStatus":"n/a","filterParams":{},"paginationParams":{}}
{"level":30,"time":1781101775149,"pid":27420,"hostname":"preethika","requestId":"79769cd8-8661-4981-bf8a-d8d6d2a6a625","method":"POST","url":"/api/match?random=0.7672496875180308","statusCode":429,"executionTimeMs":0.69,"cacheStatus":"n/a","filterParams":{},"paginationParams":{}}
{"level":30,"time":1781101775150,"pid":27420,"hostname":"preethika","requestId":"17bf7ed6-3ced-40ce-bd2d-4b182f32a61b","method":"POST","url":"/api/match?random=0.9185120961277031","statusCode":429,"executionTimeMs":0.56,"cacheStatus":"n/a","filterParams":{},"paginationParams":{}}
{"level":30,"time":1781101775151,"pid":27420,"hostname":"preethika","requestId":"f385cdbb-861f-4916-b555-e34d18ae6923","method":"POST","url":"/api/match?random=0.9512534677671591","statusCode":429,"executionTimeMs":0.56,"cacheStatus":"n/a","filterParams":{},"paginationParams":{}}
{"level":30,"time":1781101775152,"pid":27420,"hostname":"preethika","requestId":"1fe25fee-fc72-4282-8dd1-2e2df855994f","method":"POST","url":"/api/match?random=0.6360019393033178","statusCode":429,"executionTimeMs":0.51,"cacheStatus":"n/a","filterParams":{},"paginationParams":{}}
{"level":30,"time":1781101775153,"pid":27420,"hostname":"preethika","requestId":"a446d9c9-b61e-435c-8043-440f1eadc068","method":"POST","url":"/api/match?random=0.71301615875018","statusCode":429,"executionTimeMs":0.55,"cacheStatus":"n/a","filterParams":{},"paginationParams":{}}
{"level":30,"time":1781101775154,"pid":27420,"hostname":"preethika","requestId":"eb54d753-e6d3-4c30-aaa5-a4d2497735dc","method":"POST","url":"/api/match?random=0.8263362637301883","statusCode":429,"executionTimeMs":0.51,"cacheStatus":"n/a","filterParams":{},"paginationParams":{}}
{"level":30,"time":1781101775155,"pid":27420,"hostname":"preethika","requestId":"268bef8d-4b33-41e3-9d18-2f097aaef709","method":"POST","url":"/api/match?random=0.505046160442798","statusCode":429,"executionTimeMs":0.76,"cacheStatus":"n/a","filterParams":{},"paginationParams":{}}
{"level":30,"time":1781101775156,"pid":27420,"hostname":"preethika","requestId":"fe30f9b0-b302-4e1a-85ba-b90ad2c572d1","method":"POST","url":"/api/match?random=0.6794820137911648","statusCode":429,"executionTimeMs":0.95,"cacheStatus":"n/a","filterParams":{},"paginationParams":{}}
{"level":30,"time":1781101775158,"pid":27420,"hostname":"preethika","requestId":"d50259e9-b140-4dab-b74c-50c74ec30b72","method":"POST","url":"/api/match?random=0.39808985664052443","statusCode":429,"executionTimeMs":0.93,"cacheStatus":"n/a","filterParams":{},"paginationParams":{}}
{"level":30,"time":1781101775159,"pid":27420,"hostname":"preethika","requestId":"fd1e8120-68af-4457-84eb-c366175eacad","method":"POST","url":"/api/match?random=0.08252175032551468","statusCode":429,"executionTimeMs":0.85,"cacheStatus":"n/a","filterParams":{},"paginationParams":{}}
{"level":30,"time":1781101775161,"pid":27420,"hostname":"preethika","requestId":"ce388ed1-3272-4b9f-86ce-2fe3689d3eed","method":"POST","url":"/api/match?random=0.7976800365953127","statusCode":429,"executionTimeMs":0.8,"cacheStatus":"n/a","filterParams":{},"paginationParams":{}}
{"level":30,"time":1781101775163,"pid":27420,"hostname":"preethika","requestId":"e2256fe9-fe25-4503-9c78-de8eeadca18f","method":"POST","url":"/api/match?random=0.8466873900431797","statusCode":429,"executionTimeMs":1.17,"cacheStatus":"n/a","filterParams":{},"paginationParams":{}}
{"level":30,"time":1781101775165,"pid":27420,"hostname":"preethika","requestId":"58f0b75a-2be8-403b-8ccd-4bbb98def8e1","method":"POST","url":"/api/match?random=0.15731601894801384","statusCode":429,"executionTimeMs":1.37,"cacheStatus":"n/a","filterParams":{},"paginationParams":{}}
{"level":30,"time":1781101775167,"pid":27420,"hostname":"preethika","requestId":"3bf261e0-48a2-427d-b9f1-d42edfbe1d88","method":"POST","url":"/api/match?random=0.5631035545308869","statusCode":429,"executionTimeMs":1.2,"cacheStatus":"n/a","filterParams":{},"paginationParams":{}}
{"level":30,"time":1781101775169,"pid":27420,"hostname":"preethika","requestId":"05892610-e1dd-44ba-a48c-4dd7f69b74d2","method":"POST","url":"/api/match?random=0.2776766716188901","statusCode":429,"executionTimeMs":1.03,"cacheStatus":"n/a","filterParams":{},"paginationParams":{}}
{"level":30,"time":1781101775170,"pid":27420,"hostname":"preethika","requestId":"965f2a15-98de-4ad1-84c1-4fefe7d18a0c","method":"POST","url":"/api/match?random=0.669227959359102","statusCode":429,"executionTimeMs":0.94,"cacheStatus":"n/a","filterParams":{},"paginationParams":{}}
{"level":30,"time":1781101775172,"pid":27420,"hostname":"preethika","requestId":"4e6dea16-be3f-46e3-9718-28791905cbe2","method":"POST","url":"/api/match?random=0.4967176793087431","statusCode":429,"executionTimeMs":0.95,"cacheStatus":"n/a","filterParams":{},"paginationParams":{}}
{"level":30,"time":1781101775173,"pid":27420,"hostname":"preethika","requestId":"d58abbd0-fbd0-4603-8228-bda60064cfe7","method":"POST","url":"/api/match?random=0.052364079808243424","statusCode":429,"executionTimeMs":0.6,"cacheStatus":"n/a","filterParams":{},"paginationParams":{}}
{"level":30,"time":1781101775174,"pid":27420,"hostname":"preethika","requestId":"5d8bd96b-be62-4346-b224-bc7998cd804a","method":"POST","url":"/api/match?random=0.33201877919407163","statusCode":429,"executionTimeMs":0.57,"cacheStatus":"n/a","filterParams":{},"paginationParams":{}}
{"level":30,"time":1781101775175,"pid":27420,"hostname":"preethika","requestId":"5ba3bdae-a393-4306-8708-092c7c4e3361","method":"POST","url":"/api/match?random=0.19104002756774396","statusCode":429,"executionTimeMs":0.51,"cacheStatus":"n/a","filterParams":{},"paginationParams":{}}
{"level":30,"time":1781101775176,"pid":27420,"hostname":"preethika","requestId":"a3d166ce-80bf-41c1-88e9-4fe0e5f3d509","method":"POST","url":"/api/match?random=0.051317075462411266","statusCode":429,"executionTimeMs":0.54,"cacheStatus":"n/a","filterParams":{},"paginationParams":{}}
{"level":30,"time":1781101775177,"pid":27420,"hostname":"preethika","requestId":"d4f26459-d2db-459d-89fa-973fe1cb2b15","method":"POST","url":"/api/match?random=0.04227949697896194","statusCode":429,"executionTimeMs":0.6,"cacheStatus":"n/a","filterParams":{},"paginationParams":{}}
{"level":30,"time":1781101775178,"pid":27420,"hostname":"preethika","requestId":"1f6a5818-3359-4ee6-bbb9-9266c5459c1f","method":"POST","url":"/api/match?random=0.8773569862113206","statusCode":429,"executionTimeMs":0.85,"cacheStatus":"n/a","filterParams":{},"paginationParams":{}}
{"level":30,"time":1781101775180,"pid":27420,"hostname":"preethika","requestId":"cc7b5632-5314-44dd-a029-c87858ad7d01","method":"POST","url":"/api/match?random=0.7186868792015768","statusCode":429,"executionTimeMs":1.01,"cacheStatus":"n/a","filterParams":{},"paginationParams":{}}
{"level":30,"time":1781101775181,"pid":27420,"hostname":"preethika","requestId":"2bbb09f2-6dc1-4374-a3fe-6aeb439e5c29","method":"POST","url":"/api/match?random=0.027998846659391452","statusCode":429,"executionTimeMs":0.92,"cacheStatus":"n/a","filterParams":{},"paginationParams":{}}
{"level":30,"time":1781101775183,"pid":27420,"hostname":"preethika","requestId":"5dcb5fe1-ebd8-48fe-96b8-7d831858be95","method":"POST","url":"/api/match?random=0.9462438657978645","statusCode":429,"executionTimeMs":0.91,"cacheStatus":"n/a","filterParams":{},"paginationParams":{}}
{"level":30,"time":1781101775184,"pid":27420,"hostname":"preethika","requestId":"30d3569f-6125-409e-a00c-bb2bb894ad02","method":"POST","url":"/api/match?random=0.6124889500585735","statusCode":429,"executionTimeMs":0.76,"cacheStatus":"n/a","filterParams":{},"paginationParams":{}}
{"level":30,"time":1781101775185,"pid":27420,"hostname":"preethika","requestId":"8bf85c86-bbef-497d-a2e1-dc6f4d31507e","method":"POST","url":"/api/match?random=0.34304727339192365","statusCode":429,"executionTimeMs":0.93,"cacheStatus":"n/a","filterParams":{},"paginationParams":{}}
{"level":30,"time":1781101775187,"pid":27420,"hostname":"preethika","requestId":"5dd89031-c383-4c46-8d90-02abc860f7b4","method":"POST","url":"/api/match?random=0.2655386588083892","statusCode":429,"executionTimeMs":1.02,"cacheStatus":"n/a","filterParams":{},"paginationParams":{}}
{"level":30,"time":1781101775189,"pid":27420,"hostname":"preethika","requestId":"cf36a49e-8343-4d24-9def-ffdc03615ee2","method":"POST","url":"/api/match?random=0.40984219969150804","statusCode":429,"executionTimeMs":1.03,"cacheStatus":"n/a","filterParams":{},"paginationParams":{}}
{"level":30,"time":1781101775191,"pid":27420,"hostname":"preethika","requestId":"97f0b0ff-68ce-47c7-8956-3855144c192c","method":"POST","url":"/api/match?random=0.9828940109577506","statusCode":429,"executionTimeMs":0.94,"cacheStatus":"n/a","filterParams":{},"paginationParams":{}}
{"level":30,"time":1781101775192,"pid":27420,"hostname":"preethika","requestId":"28517bf0-8fe1-4507-9d4a-fde89807b6fe","method":"POST","url":"/api/match?random=0.2539157170170252","statusCode":429,"executionTimeMs":1.04,"cacheStatus":"n/a","filterParams":{},"paginationParams":{}}
{"level":30,"time":1781101775194,"pid":27420,"hostname":"preethika","requestId":"b876df92-f777-49f7-a80c-239d5c286bca","method":"POST","url":"/api/match?random=0.027140505473911336","statusCode":429,"executionTimeMs":1.06,"cacheStatus":"n/a","filterParams":{},"paginationParams":{}}
{"level":30,"time":1781101775196,"pid":27420,"hostname":"preethika","requestId":"f7d86367-ac79-4ef5-8075-e5ff6b515f2b","method":"POST","url":"/api/match?random=0.6025439638735814","statusCode":429,"executionTimeMs":1.09,"cacheStatus":"n/a","filterParams":{},"paginationParams":{}}
{"level":30,"time":1781101775198,"pid":27420,"hostname":"preethika","requestId":"ebb7a972-20d8-4dc3-8b92-92ee42f1c055","method":"POST","url":"/api/match?random=0.7283935649714226","statusCode":429,"executionTimeMs":1.17,"cacheStatus":"n/a","filterParams":{},"paginationParams":{}}
{"level":30,"time":1781101775200,"pid":27420,"hostname":"preethika","requestId":"49786824-5838-4077-b337-ca530e97622d","method":"POST","url":"/api/match?random=0.9472966229455273","statusCode":429,"executionTimeMs":1.4,"cacheStatus":"n/a","filterParams":{},"paginationParams":{}}
{"level":30,"time":1781101775202,"pid":27420,"hostname":"preethika","requestId":"708fe374-cf5c-4d79-95d2-b93db74dfae1","method":"POST","url":"/api/match?random=0.053057203767612915","statusCode":429,"executionTimeMs":1.14,"cacheStatus":"n/a","filterParams":{},"paginationParams":{}}
{"level":30,"time":1781101775205,"pid":27420,"hostname":"preethika","requestId":"ffd872f7-5b6d-489b-bc51-e5a2d4bd3007","method":"POST","url":"/api/match?random=0.4252203688945302","statusCode":429,"executionTimeMs":1.92,"cacheStatus":"n/a","filterParams":{},"paginationParams":{}}
{"level":30,"time":1781101775208,"pid":27420,"hostname":"preethika","requestId":"762395de-fedf-432b-97ec-960a5c1774e2","method":"POST","url":"/api/match?random=0.9363611380271109","statusCode":429,"executionTimeMs":1.54,"cacheStatus":"n/a","filterParams":{},"paginationParams":{}}
{"level":30,"time":1781101775210,"pid":27420,"hostname":"preethika","requestId":"6f3cfa56-f48a-45a4-b998-77288d378b6e","method":"POST","url":"/api/match?random=0.7464671396173042","statusCode":429,"executionTimeMs":1.14,"cacheStatus":"n/a","filterParams":{},"paginationParams":{}}
{"level":30,"time":1781101775211,"pid":27420,"hostname":"preethika","requestId":"797101e6-8bfe-4fb7-a830-3324dc291e81","method":"POST","url":"/api/match?random=0.2871905002127062","statusCode":429,"executionTimeMs":0.97,"cacheStatus":"n/a","filterParams":{},"paginationParams":{}}
{"level":30,"time":1781101775213,"pid":27420,"hostname":"preethika","requestId":"b142e7c3-10ba-47fd-b55f-57ebc9e9ae27","method":"POST","url":"/api/match?random=0.7287116267938107","statusCode":429,"executionTimeMs":1,"cacheStatus":"n/a","filterParams":{},"paginationParams":{}}
{"level":30,"time":1781101775215,"pid":27420,"hostname":"preethika","requestId":"a9e0904d-cef0-4eff-a0f1-c8d423732859","method":"POST","url":"/api/match?random=0.08684196117018894","statusCode":429,"executionTimeMs":1.2,"cacheStatus":"n/a","filterParams":{},"paginationParams":{}}
{"level":30,"time":1781101775217,"pid":27420,"hostname":"preethika","requestId":"0464330c-5dfa-4864-90de-22d3d8d20d3f","method":"POST","url":"/api/match?random=0.9741864872154187","statusCode":429,"executionTimeMs":1.03,"cacheStatus":"n/a","filterParams":{},"paginationParams":{}}
{"level":30,"time":1781101775218,"pid":27420,"hostname":"preethika","requestId":"5d42b967-e434-4680-9cd6-71985a6e8eae","method":"POST","url":"/api/match?random=0.7774776146464184","statusCode":429,"executionTimeMs":0.83,"cacheStatus":"n/a","filterParams":{},"paginationParams":{}}
{"level":30,"time":1781101775220,"pid":27420,"hostname":"preethika","requestId":"c7d5ba0d-12d6-4286-a111-9d2884d05e88","method":"POST","url":"/api/match?random=0.6285728727913529","statusCode":429,"executionTimeMs":1.2,"cacheStatus":"n/a","filterParams":{},"paginationParams":{}}
{"level":30,"time":1781101775222,"pid":27420,"hostname":"preethika","requestId":"5997fc5e-82fb-44b5-a68e-1ffda9457340","method":"POST","url":"/api/match?random=0.770175665473652","statusCode":429,"executionTimeMs":1.29,"cacheStatus":"n/a","filterParams":{},"paginationParams":{}}
{"level":30,"time":1781101775224,"pid":27420,"hostname":"preethika","requestId":"9fd7a0d0-5153-49bc-a3fc-b13681796c98","method":"POST","url":"/api/match?random=0.6341226469433712","statusCode":429,"executionTimeMs":1.07,"cacheStatus":"n/a","filterParams":{},"paginationParams":{}}
{"level":30,"time":1781101775226,"pid":27420,"hostname":"preethika","requestId":"a36dc8cc-4c3d-4e16-9401-bcc49d2ab2ee","method":"POST","url":"/api/match?random=0.8935838966973377","statusCode":429,"executionTimeMs":1.07,"cacheStatus":"n/a","filterParams":{},"paginationParams":{}}
{"level":30,"time":1781101775228,"pid":27420,"hostname":"preethika","requestId":"45c4afc0-0a52-4d0e-a93d-35313f5f8b67","method":"POST","url":"/api/match?random=0.4556586547729573","statusCode":429,"executionTimeMs":1.12,"cacheStatus":"n/a","filterParams":{},"paginationParams":{}}
{"level":30,"time":1781101775229,"pid":27420,"hostname":"preethika","requestId":"fb299e08-57cf-4eea-ae93-a471db9db66d","method":"POST","url":"/api/match?random=0.6398290604263595","statusCode":429,"executionTimeMs":0.99,"cacheStatus":"n/a","filterParams":{},"paginationParams":{}}
{"level":30,"time":1781101775231,"pid":27420,"hostname":"preethika","requestId":"abc59824-1876-4e3e-87ab-149fabd808ca","method":"POST","url":"/api/match?random=0.10317560811735427","statusCode":429,"executionTimeMs":1.14,"cacheStatus":"n/a","filterParams":{},"paginationParams":{}}
{"level":30,"time":1781101775233,"pid":27420,"hostname":"preethika","requestId":"d5d68962-6134-4275-82a0-b989bee4eac8","method":"POST","url":"/api/match?random=0.08389806843714864","statusCode":429,"executionTimeMs":1.26,"cacheStatus":"n/a","filterParams":{},"paginationParams":{}}
{"level":30,"time":1781101775235,"pid":27420,"hostname":"preethika","requestId":"0d1b1520-edc4-4f33-9361-7db9643bf1a4","method":"POST","url":"/api/match?random=0.5670975865835783","statusCode":429,"executionTimeMs":1.22,"cacheStatus":"n/a","filterParams":{},"paginationParams":{}}
{"level":30,"time":1781101775237,"pid":27420,"hostname":"preethika","requestId":"ada8f04c-2609-4241-a460-874b694ed389","method":"POST","url":"/api/match?random=0.2815060168574688","statusCode":429,"executionTimeMs":1.15,"cacheStatus":"n/a","filterParams":{},"paginationParams":{}}
{"level":30,"time":1781101775239,"pid":27420,"hostname":"preethika","requestId":"ad105775-427e-4e8c-b483-f6d41d7715e0","method":"POST","url":"/api/match?random=0.6838177702370039","statusCode":429,"executionTimeMs":1,"cacheStatus":"n/a","filterParams":{},"paginationParams":{}}
{"level":30,"time":1781101775241,"pid":27420,"hostname":"preethika","requestId":"0649303f-847f-46a3-af5d-2b67f9e860c5","method":"POST","url":"/api/match?random=0.08618065439919054","statusCode":429,"executionTimeMs":1.16,"cacheStatus":"n/a","filterParams":{},"paginationParams":{}}
{"level":30,"time":1781101775243,"pid":27420,"hostname":"preethika","requestId":"39c1a395-3d2b-4e66-a5e7-f4e7736bb315","method":"POST","url":"/api/match?random=0.4536600501702506","statusCode":429,"executionTimeMs":1.65,"cacheStatus":"n/a","filterParams":{},"paginationParams":{}}
{"level":30,"time":1781101775246,"pid":27420,"hostname":"preethika","requestId":"9985f58e-5bc6-4623-80c9-a791e4d0ea05","method":"POST","url":"/api/match?random=0.22762991998181437","statusCode":429,"executionTimeMs":1.74,"cacheStatus":"n/a","filterParams":{},"paginationParams":{}}
{"level":30,"time":1781101775248,"pid":27420,"hostname":"preethika","requestId":"b2c1bad4-c6d7-48bd-8ebf-693aaa1b34a5","method":"POST","url":"/api/match?random=0.8312338724628141","statusCode":429,"executionTimeMs":1.16,"cacheStatus":"n/a","filterParams":{},"paginationParams":{}}
{"level":30,"time":1781101775250,"pid":27420,"hostname":"preethika","requestId":"e21d92b0-14df-4868-b397-feaeacdcdfa6","method":"POST","url":"/api/match?random=0.7882450571817388","statusCode":429,"executionTimeMs":1.48,"cacheStatus":"n/a","filterParams":{},"paginationParams":{}}
{"level":30,"time":1781101775252,"pid":27420,"hostname":"preethika","requestId":"9080bf81-07ad-4f58-81fc-bbf8916b05f2","method":"POST","url":"/api/match?random=0.7833841606430649","statusCode":429,"executionTimeMs":1.35,"cacheStatus":"n/a","filterParams":{},"paginationParams":{}}
{"level":30,"time":1781101775254,"pid":27420,"hostname":"preethika","requestId":"3a2eb928-4be4-4ebc-8fab-2c3a8d9e0e75","method":"POST","url":"/api/match?random=0.69402291896864","statusCode":429,"executionTimeMs":0.98,"cacheStatus":"n/a","filterParams":{},"paginationParams":{}}
{"level":30,"time":1781101775256,"pid":27420,"hostname":"preethika","requestId":"64fd389a-61ce-4b9f-bcd9-1d9a634849df","method":"POST","url":"/api/match?random=0.7037430052356324","statusCode":429,"executionTimeMs":0.89,"cacheStatus":"n/a","filterParams":{},"paginationParams":{}}
{"level":30,"time":1781101775257,"pid":27420,"hostname":"preethika","requestId":"f67ea300-2a23-43eb-9305-459e87502333","method":"POST","url":"/api/match?random=0.974690807558469","statusCode":429,"executionTimeMs":0.85,"cacheStatus":"n/a","filterParams":{},"paginationParams":{}}
{"level":30,"time":1781101775259,"pid":27420,"hostname":"preethika","requestId":"6ded329a-45ae-43d6-b00c-8e6ef2f70d1b","method":"POST","url":"/api/match?random=0.6655277524965046","statusCode":429,"executionTimeMs":1.23,"cacheStatus":"n/a","filterParams":{},"paginationParams":{}}
{"level":30,"time":1781101775261,"pid":27420,"hostname":"preethika","requestId":"f21fe9bc-99d2-44ff-853d-c5702298cb6c","method":"POST","url":"/api/match?random=0.5785942122936558","statusCode":429,"executionTimeMs":0.93,"cacheStatus":"n/a","filterParams":{},"paginationParams":{}}
{"level":30,"time":1781101775263,"pid":27420,"hostname":"preethika","requestId":"54996441-9363-4272-a21c-40ce8a73bf8d","method":"POST","url":"/api/match?random=0.5987196599752203","statusCode":429,"executionTimeMs":1.67,"cacheStatus":"n/a","filterParams":{},"paginationParams":{}}
{"level":30,"time":1781101775265,"pid":27420,"hostname":"preethika","requestId":"7361ad05-57c7-443c-8f93-6cb59bd3d16d","method":"POST","url":"/api/match?random=0.3964149228242164","statusCode":429,"executionTimeMs":1.3,"cacheStatus":"n/a","filterParams":{},"paginationParams":{}}
{"level":30,"time":1781101775272,"pid":27420,"hostname":"preethika","requestId":"a78005b1-4782-4c6d-bf7f-6148e8c74597","method":"POST","url":"/api/match?random=0.1767489183396369","statusCode":429,"executionTimeMs":6.03,"cacheStatus":"n/a","filterParams":{},"paginationParams":{}}
{"level":30,"time":1781101775274,"pid":27420,"hostname":"preethika","requestId":"f5006b3e-cacf-43b8-82c9-3d7e770b6a8f","method":"POST","url":"/api/match?random=0.6984796488227729","statusCode":429,"executionTimeMs":0.89,"cacheStatus":"n/a","filterParams":{},"paginationParams":{}}
{"level":30,"time":1781101775276,"pid":27420,"hostname":"preethika","requestId":"7a8e7350-1f7f-492a-938f-ff6fe9bb5822","method":"POST","url":"/api/match?random=0.5236134838698592","statusCode":429,"executionTimeMs":2.06,"cacheStatus":"n/a","filterParams":{},"paginationParams":{}}
{"level":30,"time":1781101775278,"pid":27420,"hostname":"preethika","requestId":"46974204-c4a8-4b5b-8ee5-3a22397ea00a","method":"POST","url":"/api/match?random=0.5213867428878898","statusCode":429,"executionTimeMs":0.97,"cacheStatus":"n/a","filterParams":{},"paginationParams":{}}
{"level":30,"time":1781101775279,"pid":27420,"hostname":"preethika","requestId":"508fce13-1bf9-4953-8f02-adf79549d3da","method":"POST","url":"/api/match?random=0.04330483570101529","statusCode":429,"executionTimeMs":0.87,"cacheStatus":"n/a","filterParams":{},"paginationParams":{}}
{"level":30,"time":1781101775281,"pid":27420,"hostname":"preethika","requestId":"f03b554a-8f16-4d9e-849e-badfffc16797","method":"POST","url":"/api/match?random=0.8756817855454568","statusCode":429,"executionTimeMs":0.73,"cacheStatus":"n/a","filterParams":{},"paginationParams":{}}
{"level":30,"time":1781101775282,"pid":27420,"hostname":"preethika","requestId":"a06f33a2-74c6-4e33-bb0f-b0458a016103","method":"POST","url":"/api/match?random=0.3807236467583657","statusCode":429,"executionTimeMs":0.8,"cacheStatus":"n/a","filterParams":{},"paginationParams":{}}
{"level":30,"time":1781101775283,"pid":27420,"hostname":"preethika","requestId":"5081cf6a-1106-4121-aefe-d860dc3fde89","method":"POST","url":"/api/match?random=0.6755879907679678","statusCode":429,"executionTimeMs":0.73,"cacheStatus":"n/a","filterParams":{},"paginationParams":{}}
{"level":30,"time":1781101775285,"pid":27420,"hostname":"preethika","requestId":"c80f9532-82ad-4c84-9bd9-a0e3d408923a","method":"POST","url":"/api/match?random=0.21987887949135176","statusCode":429,"executionTimeMs":0.7,"cacheStatus":"n/a","filterParams":{},"paginationParams":{}}
{"level":30,"time":1781101775286,"pid":27420,"hostname":"preethika","requestId":"33796323-1a42-4c59-a6a3-a74ec18d6e88","method":"POST","url":"/api/match?random=0.8128211808747723","statusCode":429,"executionTimeMs":0.62,"cacheStatus":"n/a","filterParams":{},"paginationParams":{}}
{"level":30,"time":1781101775287,"pid":27420,"hostname":"preethika","requestId":"0a18c3fc-ecab-4bf5-befc-ea97041b656c","method":"POST","url":"/api/match?random=0.6558171057438413","statusCode":429,"executionTimeMs":0.63,"cacheStatus":"n/a","filterParams":{},"paginationParams":{}}
{"level":30,"time":1781101775288,"pid":27420,"hostname":"preethika","requestId":"107ebe8c-0b1e-4e98-b4eb-9282402af6af","method":"POST","url":"/api/match?random=0.29119854220714614","statusCode":429,"executionTimeMs":0.58,"cacheStatus":"n/a","filterParams":{},"paginationParams":{}}
{"level":30,"time":1781101775289,"pid":27420,"hostname":"preethika","requestId":"4279c37d-4e77-491c-9e48-04689de6901b","method":"POST","url":"/api/match?random=0.39474686347018073","statusCode":429,"executionTimeMs":0.65,"cacheStatus":"n/a","filterParams":{},"paginationParams":{}}
{"level":30,"time":1781101775290,"pid":27420,"hostname":"preethika","requestId":"0993af57-85d4-4271-b481-a3626f738e9f","method":"POST","url":"/api/match?random=0.8329726996921716","statusCode":429,"executionTimeMs":0.66,"cacheStatus":"n/a","filterParams":{},"paginationParams":{}}
{"level":30,"time":1781101775291,"pid":27420,"hostname":"preethika","requestId":"5843792c-2616-4943-bfa4-fce6798ef2c4","method":"POST","url":"/api/match?random=0.40626210051416134","statusCode":429,"executionTimeMs":0.62,"cacheStatus":"n/a","filterParams":{},"paginationParams":{}}
{"level":30,"time":1781101775292,"pid":27420,"hostname":"preethika","requestId":"94b490a0-5215-4578-a0fc-72105f16825a","method":"POST","url":"/api/match?random=0.9248501354405818","statusCode":429,"executionTimeMs":0.61,"cacheStatus":"n/a","filterParams":{},"paginationParams":{}}
{"level":30,"time":1781101775293,"pid":27420,"hostname":"preethika","requestId":"746f2b58-67a4-449a-8f27-1a17e98d41a8","method":"POST","url":"/api/match?random=0.8035580238749018","statusCode":429,"executionTimeMs":0.62,"cacheStatus":"n/a","filterParams":{},"paginationParams":{}}
{"level":30,"time":1781101775294,"pid":27420,"hostname":"preethika","requestId":"6227699f-f57c-4cfa-abc1-9d3bec473612","method":"POST","url":"/api/match?random=0.5111419163154904","statusCode":429,"executionTimeMs":0.74,"cacheStatus":"n/a","filterParams":{},"paginationParams":{}}
{"level":30,"time":1781101775296,"pid":27420,"hostname":"preethika","requestId":"455d63ec-a030-4868-b9c5-e44b8f3260c5","method":"POST","url":"/api/match?random=0.7298798361740062","statusCode":429,"executionTimeMs":0.99,"cacheStatus":"n/a","filterParams":{},"paginationParams":{}}
{"level":30,"time":1781101775297,"pid":27420,"hostname":"preethika","requestId":"0a8308e3-3466-4c48-8ce3-4786b66d3dc0","method":"POST","url":"/api/match?random=0.17136717578429028","statusCode":429,"executionTimeMs":0.97,"cacheStatus":"n/a","filterParams":{},"paginationParams":{}}
{"level":30,"time":1781101775299,"pid":27420,"hostname":"preethika","requestId":"3767a85c-9858-4c69-a696-2975e9c7e033","method":"POST","url":"/api/match?random=0.8224868871147732","statusCode":429,"executionTimeMs":0.96,"cacheStatus":"n/a","filterParams":{},"paginationParams":{}}
{"level":30,"time":1781101775300,"pid":27420,"hostname":"preethika","requestId":"658173d6-44ea-4269-a39d-eb7593435855","method":"POST","url":"/api/match?random=0.8255142107573106","statusCode":429,"executionTimeMs":0.88,"cacheStatus":"n/a","filterParams":{},"paginationParams":{}}
{"level":30,"time":1781101775302,"pid":27420,"hostname":"preethika","requestId":"b019f37b-d759-4d00-9e01-fe80de76c1ce","method":"POST","url":"/api/match?random=0.9091198265224989","statusCode":429,"executionTimeMs":0.91,"cacheStatus":"n/a","filterParams":{},"paginationParams":{}}
{"level":30,"time":1781101775303,"pid":27420,"hostname":"preethika","requestId":"2924536f-7d62-49d6-8bd7-78fb06241f31","method":"POST","url":"/api/match?random=0.8537133798359213","statusCode":429,"executionTimeMs":0.84,"cacheStatus":"n/a","filterParams":{},"paginationParams":{}}
{"level":30,"time":1781101775305,"pid":27420,"hostname":"preethika","requestId":"ed07fe56-2c86-4eb0-8916-571e1b97b32d","method":"POST","url":"/api/match?random=0.6082454750101993","statusCode":429,"executionTimeMs":0.88,"cacheStatus":"n/a","filterParams":{},"paginationParams":{}}
{"level":30,"time":1781101775306,"pid":27420,"hostname":"preethika","requestId":"201169ef-26c6-46af-b895-b14e1ab237fe","method":"POST","url":"/api/match?random=0.04228778331180849","statusCode":429,"executionTimeMs":0.72,"cacheStatus":"n/a","filterParams":{},"paginationParams":{}}
{"level":30,"time":1781101775307,"pid":27420,"hostname":"preethika","requestId":"0df81dac-613a-423b-ab65-bf66cac24be5","method":"POST","url":"/api/match?random=0.45626303613891084","statusCode":429,"executionTimeMs":0.88,"cacheStatus":"n/a","filterParams":{},"paginationParams":{}}
{"level":30,"time":1781101775309,"pid":27420,"hostname":"preethika","requestId":"6cd08008-fe1c-4ebb-b3d9-b4008b678f41","method":"POST","url":"/api/match?random=0.8789344081421686","statusCode":429,"executionTimeMs":1.05,"cacheStatus":"n/a","filterParams":{},"paginationParams":{}}
{"level":30,"time":1781101775310,"pid":27420,"hostname":"preethika","requestId":"80292d8b-e766-4235-a391-63ac69043fc6","method":"POST","url":"/api/match?random=0.6979169696827672","statusCode":429,"executionTimeMs":0.83,"cacheStatus":"n/a","filterParams":{},"paginationParams":{}}
{"level":30,"time":1781101775312,"pid":27420,"hostname":"preethika","requestId":"51cc9edc-a9ab-49a1-8e93-a57ebab6c4a7","method":"POST","url":"/api/match?random=0.3998998678995329","statusCode":429,"executionTimeMs":1.32,"cacheStatus":"n/a","filterParams":{},"paginationParams":{}}
{"level":30,"time":1781101775314,"pid":27420,"hostname":"preethika","requestId":"2aca50af-e632-4a5d-bcef-29d42811aee7","method":"POST","url":"/api/match?random=0.41116818450716397","statusCode":429,"executionTimeMs":1,"cacheStatus":"n/a","filterParams":{},"paginationParams":{}}
{"level":30,"time":1781101775316,"pid":27420,"hostname":"preethika","requestId":"be362d0f-c739-488e-bf58-faca35833322","method":"POST","url":"/api/match?random=0.5611150038774662","statusCode":429,"executionTimeMs":0.86,"cacheStatus":"n/a","filterParams":{},"paginationParams":{}}
{"level":30,"time":1781101775317,"pid":27420,"hostname":"preethika","requestId":"d710a7f6-c659-4c80-acd1-2361f08f9336","method":"POST","url":"/api/match?random=0.46387138326735866","statusCode":429,"executionTimeMs":0.69,"cacheStatus":"n/a","filterParams":{},"paginationParams":{}}
{"level":30,"time":1781101775318,"pid":27420,"hostname":"preethika","requestId":"793eea04-ede0-4a5a-9aca-5f6f0e304711","method":"POST","url":"/api/match?random=0.4650755199839578","statusCode":429,"executionTimeMs":0.63,"cacheStatus":"n/a","filterParams":{},"paginationParams":{}}
{"level":30,"time":1781101775319,"pid":27420,"hostname":"preethika","requestId":"6f8ab29c-f9ac-41b1-a421-98b65c5fe5dc","method":"POST","url":"/api/match?random=0.15551429370332914","statusCode":429,"executionTimeMs":0.62,"cacheStatus":"n/a","filterParams":{},"paginationParams":{}}
{"level":30,"time":1781101775320,"pid":27420,"hostname":"preethika","requestId":"274ad8d3-e47e-4e54-adba-61a7a48a25ca","method":"POST","url":"/api/match?random=0.7946181415422635","statusCode":429,"executionTimeMs":0.6,"cacheStatus":"n/a","filterParams":{},"paginationParams":{}}
{"level":30,"time":1781101775321,"pid":27420,"hostname":"preethika","requestId":"74c11eb8-0a2e-4cfb-a97b-8a2efcae5866","method":"POST","url":"/api/match?random=0.3062533538918708","statusCode":429,"executionTimeMs":0.64,"cacheStatus":"n/a","filterParams":{},"paginationParams":{}}
{"level":30,"time":1781101775322,"pid":27420,"hostname":"preethika","requestId":"4b85d5ca-a491-438d-b404-a8017ca83b23","method":"POST","url":"/api/match?random=0.17825450849397106","statusCode":429,"executionTimeMs":0.64,"cacheStatus":"n/a","filterParams":{},"paginationParams":{}}
{"level":30,"time":1781101775323,"pid":27420,"hostname":"preethika","requestId":"c32ebb6d-4458-41c9-aa4d-ccc3abd90489","method":"POST","url":"/api/match?random=0.7253048656169994","statusCode":429,"executionTimeMs":0.63,"cacheStatus":"n/a","filterParams":{},"paginationParams":{}}
{"level":30,"time":1781101775324,"pid":27420,"hostname":"preethika","requestId":"5d64343c-b031-42b6-9d8b-03ed6451432a","method":"POST","url":"/api/match?random=0.8649372886510942","statusCode":429,"executionTimeMs":0.74,"cacheStatus":"n/a","filterParams":{},"paginationParams":{}}
{"level":30,"time":1781101775326,"pid":27420,"hostname":"preethika","requestId":"e142657a-1932-4f5f-994a-7421caaa9c13","method":"POST","url":"/api/match?random=0.4248656110524667","statusCode":429,"executionTimeMs":1.18,"cacheStatus":"n/a","filterParams":{},"paginationParams":{}}
{"level":30,"time":1781101775328,"pid":27420,"hostname":"preethika","requestId":"a95b3a84-6802-4108-817f-e8587c03e525","method":"POST","url":"/api/match?random=0.1841529579359631","statusCode":429,"executionTimeMs":1.43,"cacheStatus":"n/a","filterParams":{},"paginationParams":{}}
{"level":30,"time":1781101775331,"pid":27420,"hostname":"preethika","requestId":"b9dbad0c-f154-498e-a411-99556924dc7d","method":"POST","url":"/api/match?random=0.27481007419749304","statusCode":429,"executionTimeMs":1.4,"cacheStatus":"n/a","filterParams":{},"paginationParams":{}}
{"level":30,"time":1781101775333,"pid":27420,"hostname":"preethika","requestId":"f2375030-0d6b-4b3e-a148-a82580f545e6","method":"POST","url":"/api/match?random=0.46366698248202476","statusCode":429,"executionTimeMs":1.15,"cacheStatus":"n/a","filterParams":{},"paginationParams":{}}
{"level":30,"time":1781101775335,"pid":27420,"hostname":"preethika","requestId":"aa04d39c-7930-49a7-ab24-d491e6903e11","method":"POST","url":"/api/match?random=0.5997711325178596","statusCode":429,"executionTimeMs":1.02,"cacheStatus":"n/a","filterParams":{},"paginationParams":{}}
{"level":30,"time":1781101775336,"pid":27420,"hostname":"preethika","requestId":"39f05ecb-c7b8-440f-b217-beb7277abd48","method":"POST","url":"/api/match?random=0.3189268061021937","statusCode":429,"executionTimeMs":0.87,"cacheStatus":"n/a","filterParams":{},"paginationParams":{}}
{"level":30,"time":1781101775337,"pid":27420,"hostname":"preethika","requestId":"8e08fbc3-7a00-4ddc-9d5f-8c4bed76944e","method":"POST","url":"/api/match?random=0.3085004724090754","statusCode":429,"executionTimeMs":0.81,"cacheStatus":"n/a","filterParams":{},"paginationParams":{}}
{"level":30,"time":1781101775339,"pid":27420,"hostname":"preethika","requestId":"f6e4afc1-ea0a-4feb-860e-31712f2ac7f5","method":"POST","url":"/api/match?random=0.2401394382176325","statusCode":429,"executionTimeMs":0.87,"cacheStatus":"n/a","filterParams":{},"paginationParams":{}}
{"level":30,"time":1781101775340,"pid":27420,"hostname":"preethika","requestId":"8d8eb3ce-7896-4a4f-999d-9efe2a090240","method":"POST","url":"/api/match?random=0.23769987226250433","statusCode":429,"executionTimeMs":0.87,"cacheStatus":"n/a","filterParams":{},"paginationParams":{}}
{"level":30,"time":1781101775342,"pid":27420,"hostname":"preethika","requestId":"f9c5f9f2-94d8-4048-be36-a7232721cf2e","method":"POST","url":"/api/match?random=0.3375111165374136","statusCode":429,"executionTimeMs":0.84,"cacheStatus":"n/a","filterParams":{},"paginationParams":{}}
{"level":30,"time":1781101775343,"pid":27420,"hostname":"preethika","requestId":"cbb7622b-df3b-4eb5-850b-2718303bab4a","method":"POST","url":"/api/match?random=0.8815508238993812","statusCode":429,"executionTimeMs":0.74,"cacheStatus":"n/a","filterParams":{},"paginationParams":{}}
{"level":30,"time":1781101775344,"pid":27420,"hostname":"preethika","requestId":"9b7d6fba-3808-4042-9e1f-7b4cadba920f","method":"POST","url":"/api/match?random=0.2727108617265439","statusCode":429,"executionTimeMs":0.72,"cacheStatus":"n/a","filterParams":{},"paginationParams":{}}
{"level":30,"time":1781101775346,"pid":27420,"hostname":"preethika","requestId":"3342b08d-afbd-4615-92af-9023032c00b6","method":"POST","url":"/api/match?random=0.976293499344375","statusCode":429,"executionTimeMs":1.22,"cacheStatus":"n/a","filterParams":{},"paginationParams":{}}
{"level":30,"time":1781101775348,"pid":27420,"hostname":"preethika","requestId":"e4d8c0eb-49a8-425c-a746-61fdedc229f8","method":"POST","url":"/api/match?random=0.8410514834357403","statusCode":429,"executionTimeMs":1.08,"cacheStatus":"n/a","filterParams":{},"paginationParams":{}}
{"level":30,"time":1781101775350,"pid":27420,"hostname":"preethika","requestId":"a114738c-1043-4411-9c77-271d7bfbc4bc","method":"POST","url":"/api/match?random=0.6678838957752775","statusCode":429,"executionTimeMs":0.98,"cacheStatus":"n/a","filterParams":{},"paginationParams":{}}
{"level":30,"time":1781101775351,"pid":27420,"hostname":"preethika","requestId":"84271707-df5c-4d8b-b202-703c16edceb7","method":"POST","url":"/api/match?random=0.7129650428863701","statusCode":429,"executionTimeMs":1,"cacheStatus":"n/a","filterParams":{},"paginationParams":{}}
{"level":30,"time":1781101775353,"pid":27420,"hostname":"preethika","requestId":"ddfbef46-bbb7-488c-91b3-32e0839b52af","method":"POST","url":"/api/match?random=0.9158105142852193","statusCode":429,"executionTimeMs":0.87,"cacheStatus":"n/a","filterParams":{},"paginationParams":{}}
{"level":30,"time":1781101775354,"pid":27420,"hostname":"preethika","requestId":"bcdd76eb-714f-4e10-8896-f3493f618477","method":"POST","url":"/api/match?random=0.7873110704522837","statusCode":429,"executionTimeMs":0.82,"cacheStatus":"n/a","filterParams":{},"paginationParams":{}}
{"level":30,"time":1781101775355,"pid":27420,"hostname":"preethika","requestId":"3f3c9e83-53ee-4b22-9b95-04672c4ef94c","method":"POST","url":"/api/match?random=0.8729239634557173","statusCode":429,"executionTimeMs":0.82,"cacheStatus":"n/a","filterParams":{},"paginationParams":{}}
{"level":30,"time":1781101775357,"pid":27420,"hostname":"preethika","requestId":"5efe28e0-60f8-4a21-8b6d-705613690aa8","method":"POST","url":"/api/match?random=0.31380743432296043","statusCode":429,"executionTimeMs":0.86,"cacheStatus":"n/a","filterParams":{},"paginationParams":{}}
{"level":30,"time":1781101775358,"pid":27420,"hostname":"preethika","requestId":"69dc1bea-f2c6-492b-beae-09b3a8e81a87","method":"POST","url":"/api/match?random=0.5962580646549602","statusCode":429,"executionTimeMs":0.76,"cacheStatus":"n/a","filterParams":{},"paginationParams":{}}
{"level":30,"time":1781101775361,"pid":27420,"hostname":"preethika","requestId":"b4e42617-d403-4ef8-b97f-4327fe143007","method":"POST","url":"/api/match?random=0.2658115910857324","statusCode":429,"executionTimeMs":0.94,"cacheStatus":"n/a","filterParams":{},"paginationParams":{}}
{"level":30,"time":1781101775362,"pid":27420,"hostname":"preethika","requestId":"6ac8c067-e621-4ac7-9908-d8232adddeed","method":"POST","url":"/api/match?random=0.13457895542557585","statusCode":429,"executionTimeMs":0.84,"cacheStatus":"n/a","filterParams":{},"paginationParams":{}}
{"level":30,"time":1781101775364,"pid":27420,"hostname":"preethika","requestId":"9893b71b-deda-406d-9955-a749ba19d98d","method":"POST","url":"/api/match?random=0.016138665170630784","statusCode":429,"executionTimeMs":1,"cacheStatus":"n/a","filterParams":{},"paginationParams":{}}
{"level":30,"time":1781101775366,"pid":27420,"hostname":"preethika","requestId":"8df56f3b-8474-47b1-9869-7984a2c0a42a","method":"POST","url":"/api/match?random=0.11751190566439584","statusCode":429,"executionTimeMs":1,"cacheStatus":"n/a","filterParams":{},"paginationParams":{}}
{"level":30,"time":1781101775367,"pid":27420,"hostname":"preethika","requestId":"4ac2a5e3-2b7e-4110-abcc-b3ef02c958b8","method":"POST","url":"/api/match?random=0.05329460154497401","statusCode":429,"executionTimeMs":0.81,"cacheStatus":"n/a","filterParams":{},"paginationParams":{}}
{"level":30,"time":1781101775369,"pid":27420,"hostname":"preethika","requestId":"c90575fb-6ea0-4434-bd8d-40c16aa75921","method":"POST","url":"/api/match?random=0.5828141904380235","statusCode":429,"executionTimeMs":0.93,"cacheStatus":"n/a","filterParams":{},"paginationParams":{}}
{"level":30,"time":1781101775370,"pid":27420,"hostname":"preethika","requestId":"8804f95d-dd4c-431f-8e40-4b7c65c87dfb","method":"POST","url":"/api/match?random=0.5626042669878615","statusCode":429,"executionTimeMs":0.9,"cacheStatus":"n/a","filterParams":{},"paginationParams":{}}
{"level":30,"time":1781101775607,"pid":27420,"hostname":"preethika","requestId":"7f83cd75-76ab-4fca-a549-69ce876e7c61","method":"POST","url":"/api/match?random=0.5614273097531199","statusCode":429,"executionTimeMs":0.91,"cacheStatus":"n/a","filterParams":{},"paginationParams":{}}
{"level":30,"time":1781101775609,"pid":27420,"hostname":"preethika","requestId":"69ffd70d-2f88-472a-8547-f7e97815ddf2","method":"POST","url":"/api/match?random=0.15801384993003786","statusCode":429,"executionTimeMs":0.86,"cacheStatus":"n/a","filterParams":{},"paginationParams":{}}
{"level":30,"time":1781101775610,"pid":27420,"hostname":"preethika","requestId":"6f47ea0e-8e18-4d48-96fa-3fd128f204ce","method":"POST","url":"/api/match?random=0.667400876314507","statusCode":429,"executionTimeMs":0.82,"cacheStatus":"n/a","filterParams":{},"paginationParams":{}}
{"level":30,"time":1781101775611,"pid":27420,"hostname":"preethika","requestId":"80fea619-8ab0-40a1-a607-5435016ae2fe","method":"POST","url":"/api/match?random=0.40127642425529686","statusCode":429,"executionTimeMs":0.75,"cacheStatus":"n/a","filterParams":{},"paginationParams":{}}
{"level":30,"time":1781101775613,"pid":27420,"hostname":"preethika","requestId":"306c02b7-a3fd-4096-ab25-6062e148f7de","method":"POST","url":"/api/match?random=0.812880152947147","statusCode":429,"executionTimeMs":0.81,"cacheStatus":"n/a","filterParams":{},"paginationParams":{}}
{"level":30,"time":1781101775614,"pid":27420,"hostname":"preethika","requestId":"858c2f43-951c-4f0c-bac5-7f6c42c42a5c","method":"POST","url":"/api/match?random=0.7309645797699533","statusCode":429,"executionTimeMs":0.79,"cacheStatus":"n/a","filterParams":{},"paginationParams":{}}
{"level":30,"time":1781101775616,"pid":27420,"hostname":"preethika","requestId":"2dbe97de-ddbb-4952-a99a-333285ed88ed","method":"POST","url":"/api/match?random=0.40428103284808015","statusCode":429,"executionTimeMs":0.8,"cacheStatus":"n/a","filterParams":{},"paginationParams":{}}
{"level":30,"time":1781101775617,"pid":27420,"hostname":"preethika","requestId":"3f1e0523-128c-4f61-9ad3-96f3a6031ae8","method":"POST","url":"/api/match?random=0.4595625208071692","statusCode":429,"executionTimeMs":0.71,"cacheStatus":"n/a","filterParams":{},"paginationParams":{}}
{"level":30,"time":1781101775618,"pid":27420,"hostname":"preethika","requestId":"1130dc24-7861-4aa6-8af3-dd1cadfd164e","method":"POST","url":"/api/match?random=0.2670713176059585","statusCode":429,"executionTimeMs":0.67,"cacheStatus":"n/a","filterParams":{},"paginationParams":{}}
{"level":30,"time":1781101775619,"pid":27420,"hostname":"preethika","requestId":"6b7e9c29-aa56-44c1-88cf-19665d079930","method":"POST","url":"/api/match?random=0.5578674337800993","statusCode":429,"executionTimeMs":0.81,"cacheStatus":"n/a","filterParams":{},"paginationParams":{}}
{"level":30,"time":1781101775629,"pid":27420,"hostname":"preethika","requestId":"ed8e6e4f-bcce-497e-828a-fdaec9918a03","method":"POST","url":"/api/match?random=0.6066307135187088","statusCode":429,"executionTimeMs":1.29,"cacheStatus":"n/a","filterParams":{},"paginationParams":{}}
{"level":30,"time":1781101775630,"pid":27420,"hostname":"preethika","requestId":"6228ea31-b774-4574-a6f4-31a73e5c981b","method":"POST","url":"/api/match?random=0.4756977833156013","statusCode":429,"executionTimeMs":1.08,"cacheStatus":"n/a","filterParams":{},"paginationParams":{}}
{"level":30,"time":1781101775632,"pid":27420,"hostname":"preethika","requestId":"395836a7-5f84-4c2b-9392-eb7fc0248562","method":"POST","url":"/api/match?random=0.8522161756337305","statusCode":429,"executionTimeMs":0.79,"cacheStatus":"n/a","filterParams":{},"paginationParams":{}}
{"level":30,"time":1781101775634,"pid":27420,"hostname":"preethika","requestId":"7fe5fb0f-bd23-4bd8-b41c-648cfa0985a7","method":"POST","url":"/api/match?random=0.435793304295506","statusCode":429,"executionTimeMs":1.76,"cacheStatus":"n/a","filterParams":{},"paginationParams":{}}
{"level":30,"time":1781101775636,"pid":27420,"hostname":"preethika","requestId":"1b889712-c107-4399-a968-4cc7d70b3059","method":"POST","url":"/api/match?random=0.30013796590028874","statusCode":429,"executionTimeMs":0.78,"cacheStatus":"n/a","filterParams":{},"paginationParams":{}}
{"level":30,"time":1781101775638,"pid":27420,"hostname":"preethika","requestId":"d82dae4a-4c51-44fd-bcdb-9278cd0b3ce9","method":"POST","url":"/api/match?random=0.3516627568947588","statusCode":429,"executionTimeMs":0.81,"cacheStatus":"n/a","filterParams":{},"paginationParams":{}}
{"level":30,"time":1781101775639,"pid":27420,"hostname":"preethika","requestId":"49164280-e823-41a6-aff6-948fdce7a33d","method":"POST","url":"/api/match?random=0.3647668649066862","statusCode":429,"executionTimeMs":0.77,"cacheStatus":"n/a","filterParams":{},"paginationParams":{}}
{"level":30,"time":1781101775640,"pid":27420,"hostname":"preethika","requestId":"a85b25cf-c65a-4fd6-b590-6244d7676040","method":"POST","url":"/api/match?random=0.5510955378975324","statusCode":429,"executionTimeMs":0.68,"cacheStatus":"n/a","filterParams":{},"paginationParams":{}}
{"level":30,"time":1781101775642,"pid":27420,"hostname":"preethika","requestId":"18b0a474-1446-4e5b-b654-e4275e1f69e5","method":"POST","url":"/api/match?random=0.31398746668957456","statusCode":429,"executionTimeMs":0.98,"cacheStatus":"n/a","filterParams":{},"paginationParams":{}}
{"level":30,"time":1781101775643,"pid":27420,"hostname":"preethika","requestId":"a058002e-7366-44de-8018-13f858686d10","method":"POST","url":"/api/match?random=0.4085542308746337","statusCode":429,"executionTimeMs":0.75,"cacheStatus":"n/a","filterParams":{},"paginationParams":{}}
{"level":30,"time":1781101775644,"pid":27420,"hostname":"preethika","requestId":"a22972b9-7318-4171-9e7c-14e311bd25ad","method":"POST","url":"/api/match?random=0.8959992488891941","statusCode":429,"executionTimeMs":0.66,"cacheStatus":"n/a","filterParams":{},"paginationParams":{}}
{"level":30,"time":1781101775645,"pid":27420,"hostname":"preethika","requestId":"8d2dea95-4241-4ee7-bc93-7baef7d963f5","method":"POST","url":"/api/match?random=0.22756508877960568","statusCode":429,"executionTimeMs":0.69,"cacheStatus":"n/a","filterParams":{},"paginationParams":{}}
{"level":30,"time":1781101775647,"pid":27420,"hostname":"preethika","requestId":"c501401f-80d6-4e4e-afee-fa4c875888c3","method":"POST","url":"/api/match?random=0.9622034743989187","statusCode":429,"executionTimeMs":0.81,"cacheStatus":"n/a","filterParams":{},"paginationParams":{}}
{"level":30,"time":1781101775648,"pid":27420,"hostname":"preethika","requestId":"3a8f6d52-7366-4524-bdab-c0f88fc849c5","method":"POST","url":"/api/match?random=0.6442286334990039","statusCode":429,"executionTimeMs":0.75,"cacheStatus":"n/a","filterParams":{},"paginationParams":{}}
{"level":30,"time":1781101775649,"pid":27420,"hostname":"preethika","requestId":"9c02c381-74e7-45e7-805f-4638f89f40dc","method":"POST","url":"/api/match?random=0.08440861500057184","statusCode":429,"executionTimeMs":0.7,"cacheStatus":"n/a","filterParams":{},"paginationParams":{}}
{"level":30,"time":1781101775650,"pid":27420,"hostname":"preethika","requestId":"60dab171-5e5c-48db-b30e-fe5a7f8206fd","method":"POST","url":"/api/match?random=0.9760709223070241","statusCode":429,"executionTimeMs":0.78,"cacheStatus":"n/a","filterParams":{},"paginationParams":{}}
{"level":30,"time":1781101775652,"pid":27420,"hostname":"preethika","requestId":"b2f018c9-37cf-40a9-8602-c65058dea089","method":"POST","url":"/api/match?random=0.15382032419409297","statusCode":429,"executionTimeMs":0.77,"cacheStatus":"n/a","filterParams":{},"paginationParams":{}}
{"level":30,"time":1781101775653,"pid":27420,"hostname":"preethika","requestId":"661c4347-21d8-4708-8447-2dc4af19a820","method":"POST","url":"/api/match?random=0.14027747180029326","statusCode":429,"executionTimeMs":0.74,"cacheStatus":"n/a","filterParams":{},"paginationParams":{}}
{"level":30,"time":1781101775654,"pid":27420,"hostname":"preethika","requestId":"aaebeef0-f9ab-4d09-873b-cbc4f2319316","method":"POST","url":"/api/match?random=0.7055225701695143","statusCode":429,"executionTimeMs":0.8,"cacheStatus":"n/a","filterParams":{},"paginationParams":{}}
{"level":30,"time":1781101775656,"pid":27420,"hostname":"preethika","requestId":"21aaa3f2-4465-4b04-abd6-63345dc30634","method":"POST","url":"/api/match?random=0.5396865402497664","statusCode":429,"executionTimeMs":0.79,"cacheStatus":"n/a","filterParams":{},"paginationParams":{}}
{"level":30,"time":1781101775661,"pid":27420,"hostname":"preethika","requestId":"caf1723b-31db-4449-a4b5-ed0dc078f66c","method":"POST","url":"/api/match?random=0.1356438703942362","statusCode":429,"executionTimeMs":0.94,"cacheStatus":"n/a","filterParams":{},"paginationParams":{}}
{"level":30,"time":1781101775662,"pid":27420,"hostname":"preethika","requestId":"73bc9e17-7e4c-4d7a-b807-9d2143309526","method":"POST","url":"/api/match?random=0.5253332964665947","statusCode":429,"executionTimeMs":0.86,"cacheStatus":"n/a","filterParams":{},"paginationParams":{}}
{"level":30,"time":1781101775664,"pid":27420,"hostname":"preethika","requestId":"750f6180-7afe-4e47-8de4-92c7f4a2f4f8","method":"POST","url":"/api/match?random=0.24318709080405032","statusCode":429,"executionTimeMs":0.85,"cacheStatus":"n/a","filterParams":{},"paginationParams":{}}
{"level":30,"time":1781101775665,"pid":27420,"hostname":"preethika","requestId":"215a3641-4a57-4de4-909c-4fe0741e5cb3","method":"POST","url":"/api/match?random=0.26124247543045076","statusCode":429,"executionTimeMs":0.9,"cacheStatus":"n/a","filterParams":{},"paginationParams":{}}
{"level":30,"time":1781101775667,"pid":27420,"hostname":"preethika","requestId":"728dd470-6984-48bf-9072-1873f2d2e5c4","method":"POST","url":"/api/match?random=0.34150100491861535","statusCode":429,"executionTimeMs":0.81,"cacheStatus":"n/a","filterParams":{},"paginationParams":{}}
{"level":30,"time":1781101775668,"pid":27420,"hostname":"preethika","requestId":"3eeedfd8-fe6a-4e6a-b42c-9ea39fb1b2e0","method":"POST","url":"/api/match?random=0.4225901843953894","statusCode":429,"executionTimeMs":0.78,"cacheStatus":"n/a","filterParams":{},"paginationParams":{}}
{"level":30,"time":1781101775670,"pid":27420,"hostname":"preethika","requestId":"2e481a76-4846-4be4-b615-e8b32bf6a682","method":"POST","url":"/api/match?random=0.31199564780106126","statusCode":429,"executionTimeMs":0.8,"cacheStatus":"n/a","filterParams":{},"paginationParams":{}}
{"level":30,"time":1781101775672,"pid":27420,"hostname":"preethika","requestId":"a7c97af4-ccaa-49bd-81d5-3ec481a6557e","method":"POST","url":"/api/match?random=0.9210637269227211","statusCode":429,"executionTimeMs":0.77,"cacheStatus":"n/a","filterParams":{},"paginationParams":{}}
{"level":30,"time":1781101775674,"pid":27420,"hostname":"preethika","requestId":"362165f1-aae8-42dd-8004-c50c101592e4","method":"POST","url":"/api/match?random=0.06797547001900539","statusCode":429,"executionTimeMs":0.81,"cacheStatus":"n/a","filterParams":{},"paginationParams":{}}
{"level":30,"time":1781101775675,"pid":27420,"hostname":"preethika","requestId":"2d6bdae0-5dab-4071-a50a-f8a5b80dcf2b","method":"POST","url":"/api/match?random=0.6234598752982103","statusCode":429,"executionTimeMs":0.82,"cacheStatus":"n/a","filterParams":{},"paginationParams":{}}
{"level":30,"time":1781101775677,"pid":27420,"hostname":"preethika","requestId":"c1182c25-1757-4eb7-bc34-2db50e9820cd","method":"POST","url":"/api/match?random=0.2379792833932315","statusCode":429,"executionTimeMs":0.75,"cacheStatus":"n/a","filterParams":{},"paginationParams":{}}
{"level":30,"time":1781101775679,"pid":27420,"hostname":"preethika","requestId":"0c6a7294-cfb3-4c82-8fda-618210e58e8c","method":"POST","url":"/api/match?random=0.8486773504686955","statusCode":429,"executionTimeMs":0.8,"cacheStatus":"n/a","filterParams":{},"paginationParams":{}}
{"level":30,"time":1781101775682,"pid":27420,"hostname":"preethika","requestId":"121601d6-daad-4c3b-b6b7-ac30ec0b7186","method":"POST","url":"/api/match?random=0.8195985549865268","statusCode":429,"executionTimeMs":1.01,"cacheStatus":"n/a","filterParams":{},"paginationParams":{}}
{"level":30,"time":1781101775684,"pid":27420,"hostname":"preethika","requestId":"aff7b08a-d68a-4f5f-aa27-db432793d497","method":"POST","url":"/api/match?random=0.7314868078193557","statusCode":429,"executionTimeMs":0.81,"cacheStatus":"n/a","filterParams":{},"paginationParams":{}}
{"level":30,"time":1781101775685,"pid":27420,"hostname":"preethika","requestId":"3f177873-7f45-48be-984e-c89f900ee6f3","method":"POST","url":"/api/match?random=0.8396361856100989","statusCode":429,"executionTimeMs":0.74,"cacheStatus":"n/a","filterParams":{},"paginationParams":{}}
{"level":30,"time":1781101775687,"pid":27420,"hostname":"preethika","requestId":"3c983832-8547-4488-9ff5-9b6c9d56a24d","method":"POST","url":"/api/match?random=0.8077601545993456","statusCode":429,"executionTimeMs":0.75,"cacheStatus":"n/a","filterParams":{},"paginationParams":{}}
{"level":30,"time":1781101775688,"pid":27420,"hostname":"preethika","requestId":"144cd8db-f409-4716-aa1c-143569a55dc7","method":"POST","url":"/api/match?random=0.5903069631431264","statusCode":429,"executionTimeMs":0.52,"cacheStatus":"n/a","filterParams":{},"paginationParams":{}}
{"level":30,"time":1781101775690,"pid":27420,"hostname":"preethika","requestId":"13dd9618-3649-4e33-ae20-6f449ee65b1b","method":"POST","url":"/api/match?random=0.24380615441424758","statusCode":429,"executionTimeMs":0.69,"cacheStatus":"n/a","filterParams":{},"paginationParams":{}}
{"level":30,"time":1781101775691,"pid":27420,"hostname":"preethika","requestId":"5386583d-cf3c-4675-b9e0-bb4be535cc82","method":"POST","url":"/api/match?random=0.280528350387506","statusCode":429,"executionTimeMs":0.64,"cacheStatus":"n/a","filterParams":{},"paginationParams":{}}
{"level":30,"time":1781101775692,"pid":27420,"hostname":"preethika","requestId":"7f5443ce-0b9d-422b-8b02-bc5778e0e719","method":"POST","url":"/api/match?random=0.2344134339455788","statusCode":429,"executionTimeMs":0.73,"cacheStatus":"n/a","filterParams":{},"paginationParams":{}}
{"level":30,"time":1781101775694,"pid":27420,"hostname":"preethika","requestId":"ef673a56-0bf0-4ab0-8ac4-6a7afaadffe4","method":"POST","url":"/api/match?random=0.000826464289775064","statusCode":429,"executionTimeMs":0.71,"cacheStatus":"n/a","filterParams":{},"paginationParams":{}}
{"level":30,"time":1781101775695,"pid":27420,"hostname":"preethika","requestId":"39da4357-697e-4e9a-9627-daf14fe456c5","method":"POST","url":"/api/match?random=0.29064053535309986","statusCode":429,"executionTimeMs":0.85,"cacheStatus":"n/a","filterParams":{},"paginationParams":{}}
{"level":30,"time":1781101775696,"pid":27420,"hostname":"preethika","requestId":"01b954ed-d5c2-4872-9ae1-d35c69206fbf","method":"POST","url":"/api/match?random=0.7935483217634538","statusCode":429,"executionTimeMs":0.72,"cacheStatus":"n/a","filterParams":{},"paginationParams":{}}
{"level":30,"time":1781101775697,"pid":27420,"hostname":"preethika","requestId":"8842b0a8-a4b0-44b1-ba17-b3b80b474850","method":"POST","url":"/api/match?random=0.5139254829713162","statusCode":429,"executionTimeMs":0.7,"cacheStatus":"n/a","filterParams":{},"paginationParams":{}}
{"level":30,"time":1781101775699,"pid":27420,"hostname":"preethika","requestId":"06629b3f-5be2-442e-9dac-908a52dd9648","method":"POST","url":"/api/match?random=0.43827339813371347","statusCode":429,"executionTimeMs":1.47,"cacheStatus":"n/a","filterParams":{},"paginationParams":{}}
{"level":30,"time":1781101775701,"pid":27420,"hostname":"preethika","requestId":"dd60bb6f-cb36-4fed-8173-cb15ab1bf832","method":"POST","url":"/api/match?random=0.629382101504538","statusCode":429,"executionTimeMs":0.68,"cacheStatus":"n/a","filterParams":{},"paginationParams":{}}
{"level":30,"time":1781101775702,"pid":27420,"hostname":"preethika","requestId":"ff41b80e-bcd2-41d7-813a-e6f1215eeaeb","method":"POST","url":"/api/match?random=0.16781447034795938","statusCode":429,"executionTimeMs":0.76,"cacheStatus":"n/a","filterParams":{},"paginationParams":{}}
{"level":30,"time":1781101775703,"pid":27420,"hostname":"preethika","requestId":"f4365507-6c63-4c97-b12b-18332542baf5","method":"POST","url":"/api/match?random=0.9713065421847329","statusCode":429,"executionTimeMs":0.73,"cacheStatus":"n/a","filterParams":{},"paginationParams":{}}
{"level":30,"time":1781101775705,"pid":27420,"hostname":"preethika","requestId":"b9e8b210-0ffd-4521-9066-a0f811006b2c","method":"POST","url":"/api/match?random=0.20698699190980663","statusCode":429,"executionTimeMs":0.76,"cacheStatus":"n/a","filterParams":{},"paginationParams":{}}
{"level":30,"time":1781101775706,"pid":27420,"hostname":"preethika","requestId":"8b0a791c-4668-4e7a-8214-fd62ef54c1ab","method":"POST","url":"/api/match?random=0.020257320946380775","statusCode":429,"executionTimeMs":0.71,"cacheStatus":"n/a","filterParams":{},"paginationParams":{}}
{"level":30,"time":1781101775707,"pid":27420,"hostname":"preethika","requestId":"d20690d5-0b9c-40a9-b660-fcf6e8ed56ce","method":"POST","url":"/api/match?random=0.1650355005609654","statusCode":429,"executionTimeMs":0.66,"cacheStatus":"n/a","filterParams":{},"paginationParams":{}}
{"level":30,"time":1781101775708,"pid":27420,"hostname":"preethika","requestId":"ce9f884e-6fbb-45a5-9187-ea1c3f6319e8","method":"POST","url":"/api/match?random=0.31911379680364904","statusCode":429,"executionTimeMs":0.8,"cacheStatus":"n/a","filterParams":{},"paginationParams":{}}
{"level":30,"time":1781101775709,"pid":27420,"hostname":"preethika","requestId":"5f483a4e-d672-4081-8201-0695c0ed6690","method":"POST","url":"/api/match?random=0.3698768366735652","statusCode":429,"executionTimeMs":0.69,"cacheStatus":"n/a","filterParams":{},"paginationParams":{}}
{"level":30,"time":1781101775711,"pid":27420,"hostname":"preethika","requestId":"85760b77-b13c-45f9-8901-e5a5caf0ff44","method":"POST","url":"/api/match?random=0.8752991581075462","statusCode":429,"executionTimeMs":0.8,"cacheStatus":"n/a","filterParams":{},"paginationParams":{}}
{"level":30,"time":1781101775713,"pid":27420,"hostname":"preethika","requestId":"044a5780-ad08-43ed-b332-894697f12d1a","method":"POST","url":"/api/match?random=0.6177233174466434","statusCode":429,"executionTimeMs":0.83,"cacheStatus":"n/a","filterParams":{},"paginationParams":{}}
{"level":30,"time":1781101775714,"pid":27420,"hostname":"preethika","requestId":"e9ce1045-a9da-4a9f-9a1b-e9dcde2fffba","method":"POST","url":"/api/match?random=0.8862676270097125","statusCode":429,"executionTimeMs":0.71,"cacheStatus":"n/a","filterParams":{},"paginationParams":{}}
{"level":30,"time":1781101775715,"pid":27420,"hostname":"preethika","requestId":"3b316945-695d-41a8-805a-3e2f6c00ce11","method":"POST","url":"/api/match?random=0.5200773994319425","statusCode":429,"executionTimeMs":0.77,"cacheStatus":"n/a","filterParams":{},"paginationParams":{}}
{"level":30,"time":1781101775716,"pid":27420,"hostname":"preethika","requestId":"5ff73ba4-b8c3-4ed0-aa79-1994318d3431","method":"POST","url":"/api/match?random=0.3466762880146581","statusCode":429,"executionTimeMs":0.62,"cacheStatus":"n/a","filterParams":{},"paginationParams":{}}
{"level":30,"time":1781101775717,"pid":27420,"hostname":"preethika","requestId":"74243415-d909-459f-afc0-8680244d0ba4","method":"POST","url":"/api/match?random=0.42861272827757535","statusCode":429,"executionTimeMs":0.64,"cacheStatus":"n/a","filterParams":{},"paginationParams":{}}
{"level":30,"time":1781101775719,"pid":27420,"hostname":"preethika","requestId":"31d2c2e5-0e53-4d32-a8f6-9bf405867637","method":"POST","url":"/api/match?random=0.5293461825127532","statusCode":429,"executionTimeMs":0.69,"cacheStatus":"n/a","filterParams":{},"paginationParams":{}}
{"level":30,"time":1781101775720,"pid":27420,"hostname":"preethika","requestId":"524b3d75-67c1-4603-8adb-6ecf1174e308","method":"POST","url":"/api/match?random=0.04977014708644667","statusCode":429,"executionTimeMs":0.69,"cacheStatus":"n/a","filterParams":{},"paginationParams":{}}
{"level":30,"time":1781101775721,"pid":27420,"hostname":"preethika","requestId":"21c7d77a-265e-41d6-8afb-17a45d5d1d11","method":"POST","url":"/api/match?random=0.8654258938056207","statusCode":429,"executionTimeMs":0.66,"cacheStatus":"n/a","filterParams":{},"paginationParams":{}}
{"level":30,"time":1781101775722,"pid":27420,"hostname":"preethika","requestId":"4dfdfbb9-4762-4be3-8582-7f16b1757fb6","method":"POST","url":"/api/match?random=0.5814933976409524","statusCode":429,"executionTimeMs":0.65,"cacheStatus":"n/a","filterParams":{},"paginationParams":{}}
{"level":30,"time":1781101775723,"pid":27420,"hostname":"preethika","requestId":"a39ca4b6-1bd7-4d64-a760-573190c3a004","method":"POST","url":"/api/match?random=0.9926441104851904","statusCode":429,"executionTimeMs":0.59,"cacheStatus":"n/a","filterParams":{},"paginationParams":{}}
{"level":30,"time":1781101775724,"pid":27420,"hostname":"preethika","requestId":"eaf74770-fbdf-42b1-ba1f-b0d1d16fa5a7","method":"POST","url":"/api/match?random=0.012660323995015377","statusCode":429,"executionTimeMs":0.6,"cacheStatus":"n/a","filterParams":{},"paginationParams":{}}
{"level":30,"time":1781101775725,"pid":27420,"hostname":"preethika","requestId":"d06ec0ce-dde8-4636-8ff2-8833b20b920a","method":"POST","url":"/api/match?random=0.48931942405632767","statusCode":429,"executionTimeMs":0.61,"cacheStatus":"n/a","filterParams":{},"paginationParams":{}}
{"level":30,"time":1781101775726,"pid":27420,"hostname":"preethika","requestId":"06f477c1-58dd-4c9b-b495-9624dba7d82a","method":"POST","url":"/api/match?random=0.9855479125692186","statusCode":429,"executionTimeMs":0.69,"cacheStatus":"n/a","filterParams":{},"paginationParams":{}}
{"level":30,"time":1781101775727,"pid":27420,"hostname":"preethika","requestId":"6ea8ffaa-7bae-4d62-8a0f-b32b0472862c","method":"POST","url":"/api/match?random=0.3173869811572234","statusCode":429,"executionTimeMs":0.76,"cacheStatus":"n/a","filterParams":{},"paginationParams":{}}
{"level":30,"time":1781101775732,"pid":27420,"hostname":"preethika","requestId":"9c656815-a677-488b-94c1-13f94e39cf82","method":"POST","url":"/api/match?random=0.4165207065723837","statusCode":429,"executionTimeMs":4.66,"cacheStatus":"n/a","filterParams":{},"paginationParams":{}}
{"level":30,"time":1781101775735,"pid":27420,"hostname":"preethika","requestId":"c07e633f-4b98-4f4e-919a-45e27f1991ff","method":"POST","url":"/api/match?random=0.42792929621451536","statusCode":429,"executionTimeMs":1.38,"cacheStatus":"n/a","filterParams":{},"paginationParams":{}}
{"level":30,"time":1781101775736,"pid":27420,"hostname":"preethika","requestId":"a250af80-07aa-4652-9cb6-3adcfca27a4c","method":"POST","url":"/api/match?random=0.19074622222569748","statusCode":429,"executionTimeMs":0.88,"cacheStatus":"n/a","filterParams":{},"paginationParams":{}}
{"level":30,"time":1781101775738,"pid":27420,"hostname":"preethika","requestId":"2751a57c-c6eb-4852-8c2d-24d1cb7770c6","method":"POST","url":"/api/match?random=0.5337158027979514","statusCode":429,"executionTimeMs":0.7,"cacheStatus":"n/a","filterParams":{},"paginationParams":{}}
{"level":30,"time":1781101775739,"pid":27420,"hostname":"preethika","requestId":"df4047f3-ce56-4da2-ac76-9c4b008ed639","method":"POST","url":"/api/match?random=0.6217575866136431","statusCode":429,"executionTimeMs":0.79,"cacheStatus":"n/a","filterParams":{},"paginationParams":{}}
{"level":30,"time":1781101775740,"pid":27420,"hostname":"preethika","requestId":"58a320aa-f545-455a-abc8-bd91a0e06c0c","method":"POST","url":"/api/match?random=0.8502690003168969","statusCode":429,"executionTimeMs":0.75,"cacheStatus":"n/a","filterParams":{},"paginationParams":{}}
{"level":30,"time":1781101775741,"pid":27420,"hostname":"preethika","requestId":"cbaccec4-8902-4fc8-b42a-eb4123c79e33","method":"POST","url":"/api/match?random=0.47013605781396706","statusCode":429,"executionTimeMs":0.57,"cacheStatus":"n/a","filterParams":{},"paginationParams":{}}
{"level":30,"time":1781101775744,"pid":27420,"hostname":"preethika","requestId":"c256267f-2693-4b78-b1c5-b2145d32ac24","method":"POST","url":"/api/match?random=0.08270036102764644","statusCode":429,"executionTimeMs":0.94,"cacheStatus":"n/a","filterParams":{},"paginationParams":{}}
{"level":30,"time":1781101775746,"pid":27420,"hostname":"preethika","requestId":"1e480fd4-d596-4c63-bfb6-e07a4561a45d","method":"POST","url":"/api/match?random=0.7985082567090303","statusCode":429,"executionTimeMs":1.3,"cacheStatus":"n/a","filterParams":{},"paginationParams":{}}
{"level":30,"time":1781101775749,"pid":27420,"hostname":"preethika","requestId":"77791c78-128f-4c08-92d5-7481f37c100d","method":"POST","url":"/api/match?random=0.8932999305601421","statusCode":429,"executionTimeMs":1.96,"cacheStatus":"n/a","filterParams":{},"paginationParams":{}}
{"level":30,"time":1781101775750,"pid":27420,"hostname":"preethika","requestId":"7ae78858-dba5-4bbe-b320-cbbf67db0556","method":"POST","url":"/api/match?random=0.9845600716096725","statusCode":429,"executionTimeMs":1.07,"cacheStatus":"n/a","filterParams":{},"paginationParams":{}}
{"level":30,"time":1781101775752,"pid":27420,"hostname":"preethika","requestId":"db222a27-bb20-41f5-88c3-861db40278e5","method":"POST","url":"/api/match?random=0.8618609104261696","statusCode":429,"executionTimeMs":0.84,"cacheStatus":"n/a","filterParams":{},"paginationParams":{}}
{"level":30,"time":1781101775753,"pid":27420,"hostname":"preethika","requestId":"20530d64-1e25-4845-ab5f-119a9b083eba","method":"POST","url":"/api/match?random=0.3830508751218509","statusCode":429,"executionTimeMs":0.69,"cacheStatus":"n/a","filterParams":{},"paginationParams":{}}
{"level":30,"time":1781101775754,"pid":27420,"hostname":"preethika","requestId":"f4281f4f-c232-4596-b11f-605678703faf","method":"POST","url":"/api/match?random=0.9040251506455845","statusCode":429,"executionTimeMs":0.57,"cacheStatus":"n/a","filterParams":{},"paginationParams":{}}
{"level":30,"time":1781101775755,"pid":27420,"hostname":"preethika","requestId":"941312a8-e96d-45c5-9739-8c10098b5037","method":"POST","url":"/api/match?random=0.11513823030443682","statusCode":429,"executionTimeMs":0.62,"cacheStatus":"n/a","filterParams":{},"paginationParams":{}}
{"level":30,"time":1781101775756,"pid":27420,"hostname":"preethika","requestId":"522167eb-7bc0-4082-bcce-3526b2ce1a06","method":"POST","url":"/api/match?random=0.39150957464765135","statusCode":429,"executionTimeMs":0.62,"cacheStatus":"n/a","filterParams":{},"paginationParams":{}}
{"level":30,"time":1781101775757,"pid":27420,"hostname":"preethika","requestId":"14824ec0-5880-4659-bda3-74816b4788b0","method":"POST","url":"/api/match?random=0.2886122332477219","statusCode":429,"executionTimeMs":0.59,"cacheStatus":"n/a","filterParams":{},"paginationParams":{}}
{"level":30,"time":1781101775758,"pid":27420,"hostname":"preethika","requestId":"42c59637-48c1-4e95-8860-8002030e8fa9","method":"POST","url":"/api/match?random=0.5289256784575995","statusCode":429,"executionTimeMs":0.58,"cacheStatus":"n/a","filterParams":{},"paginationParams":{}}
{"level":30,"time":1781101775759,"pid":27420,"hostname":"preethika","requestId":"d46c1839-560e-4e69-b8dc-3f0263dec601","method":"POST","url":"/api/match?random=0.043087751397391516","statusCode":429,"executionTimeMs":0.6,"cacheStatus":"n/a","filterParams":{},"paginationParams":{}}
{"level":30,"time":1781101775760,"pid":27420,"hostname":"preethika","requestId":"70b96d6a-d06a-4df8-b41f-ecaac107b9c7","method":"POST","url":"/api/match?random=0.5775218740368284","statusCode":429,"executionTimeMs":0.68,"cacheStatus":"n/a","filterParams":{},"paginationParams":{}}
{"level":30,"time":1781101775762,"pid":27420,"hostname":"preethika","requestId":"c0518f7a-66de-4127-b171-a26797c0996f","method":"POST","url":"/api/match?random=0.6570115730444577","statusCode":429,"executionTimeMs":0.83,"cacheStatus":"n/a","filterParams":{},"paginationParams":{}}
{"level":30,"time":1781101775763,"pid":27420,"hostname":"preethika","requestId":"52c5a699-feb5-47cd-afb7-db5d587f240a","method":"POST","url":"/api/match?random=0.30959530167805793","statusCode":429,"executionTimeMs":0.78,"cacheStatus":"n/a","filterParams":{},"paginationParams":{}}
{"level":30,"time":1781101775764,"pid":27420,"hostname":"preethika","requestId":"1195bd26-5b88-4a93-9d45-3b9a25822cc1","method":"POST","url":"/api/match?random=0.19934906098459626","statusCode":429,"executionTimeMs":0.68,"cacheStatus":"n/a","filterParams":{},"paginationParams":{}}
{"level":30,"time":1781101775766,"pid":27420,"hostname":"preethika","requestId":"253431af-afd8-40bc-8dc1-ff3dc3b5f7d1","method":"POST","url":"/api/match?random=0.6772413189157367","statusCode":429,"executionTimeMs":0.63,"cacheStatus":"n/a","filterParams":{},"paginationParams":{}}
{"level":30,"time":1781101775767,"pid":27420,"hostname":"preethika","requestId":"b4e32f2a-821c-4531-96cb-a740f9d8ccc0","method":"POST","url":"/api/match?random=0.7100993052955924","statusCode":429,"executionTimeMs":0.61,"cacheStatus":"n/a","filterParams":{},"paginationParams":{}}
{"level":30,"time":1781101775768,"pid":27420,"hostname":"preethika","requestId":"50ef4a9b-f95b-4a55-8035-b8ecf113555b","method":"POST","url":"/api/match?random=0.30373698439871855","statusCode":429,"executionTimeMs":0.61,"cacheStatus":"n/a","filterParams":{},"paginationParams":{}}
{"level":30,"time":1781101775769,"pid":27420,"hostname":"preethika","requestId":"a60f544a-3924-4003-8cb4-b724dc317563","method":"POST","url":"/api/match?random=0.8995556159104321","statusCode":429,"executionTimeMs":0.67,"cacheStatus":"n/a","filterParams":{},"paginationParams":{}}
{"level":30,"time":1781101775770,"pid":27420,"hostname":"preethika","requestId":"74c16417-3630-4734-902a-10f684dd60a4","method":"POST","url":"/api/match?random=0.7819572661093697","statusCode":429,"executionTimeMs":0.69,"cacheStatus":"n/a","filterParams":{},"paginationParams":{}}
{"level":30,"time":1781101775771,"pid":27420,"hostname":"preethika","requestId":"540b982d-1a91-4fb7-b818-5ef0ce2e02e5","method":"POST","url":"/api/match?random=0.16006076024760363","statusCode":429,"executionTimeMs":0.64,"cacheStatus":"n/a","filterParams":{},"paginationParams":{}}
{"level":30,"time":1781101775772,"pid":27420,"hostname":"preethika","requestId":"6b242201-de3d-455c-84ab-b24b6aab849b","method":"POST","url":"/api/match?random=0.9661062620412806","statusCode":429,"executionTimeMs":0.61,"cacheStatus":"n/a","filterParams":{},"paginationParams":{}}
{"level":30,"time":1781101775774,"pid":27420,"hostname":"preethika","requestId":"a20c35bd-1d1d-41a2-b02d-218354b43a82","method":"POST","url":"/api/match?random=0.039092736983602716","statusCode":429,"executionTimeMs":0.76,"cacheStatus":"n/a","filterParams":{},"paginationParams":{}}
{"level":30,"time":1781101775775,"pid":27420,"hostname":"preethika","requestId":"77e88fbe-bf38-4c8e-9451-c66f47bf6710","method":"POST","url":"/api/match?random=0.630706302554022","statusCode":429,"executionTimeMs":0.9,"cacheStatus":"n/a","filterParams":{},"paginationParams":{}}
{"level":30,"time":1781101775777,"pid":27420,"hostname":"preethika","requestId":"2333afca-6db7-498b-a1ab-3eafe2e91d71","method":"POST","url":"/api/match?random=0.20169195206374102","statusCode":429,"executionTimeMs":0.84,"cacheStatus":"n/a","filterParams":{},"paginationParams":{}}
{"level":30,"time":1781101775779,"pid":27420,"hostname":"preethika","requestId":"6263cc42-c2c5-4bcb-af5f-bc61e8376d72","method":"POST","url":"/api/match?random=0.5009074439243799","statusCode":429,"executionTimeMs":0.8,"cacheStatus":"n/a","filterParams":{},"paginationParams":{}}
{"level":30,"time":1781101775780,"pid":27420,"hostname":"preethika","requestId":"36fad5d4-3220-4ed5-a8fe-3ba19b3f018e","method":"POST","url":"/api/match?random=0.9999151282579923","statusCode":429,"executionTimeMs":0.79,"cacheStatus":"n/a","filterParams":{},"paginationParams":{}}
{"level":30,"time":1781101775781,"pid":27420,"hostname":"preethika","requestId":"ac29fddc-b1b1-406b-994b-da87d400fd52","method":"POST","url":"/api/match?random=0.37423686790510957","statusCode":429,"executionTimeMs":0.75,"cacheStatus":"n/a","filterParams":{},"paginationParams":{}}
{"level":30,"time":1781101775782,"pid":27420,"hostname":"preethika","requestId":"e54e9c21-2392-48a0-bce2-cda63c64d964","method":"POST","url":"/api/match?random=0.5428815609361133","statusCode":429,"executionTimeMs":0.66,"cacheStatus":"n/a","filterParams":{},"paginationParams":{}}
{"level":30,"time":1781101775784,"pid":27420,"hostname":"preethika","requestId":"ef505580-0097-46eb-a12c-ad4589d549a0","method":"POST","url":"/api/match?random=0.731621356586065","statusCode":429,"executionTimeMs":0.73,"cacheStatus":"n/a","filterParams":{},"paginationParams":{}}
{"level":30,"time":1781101775785,"pid":27420,"hostname":"preethika","requestId":"c2026cd9-7058-45ff-a040-e2ad7737cad3","method":"POST","url":"/api/match?random=0.09509018338357222","statusCode":429,"executionTimeMs":0.72,"cacheStatus":"n/a","filterParams":{},"paginationParams":{}}
{"level":30,"time":1781101775786,"pid":27420,"hostname":"preethika","requestId":"977304e2-7d3e-4ca7-b4e3-c762c2df866c","method":"POST","url":"/api/match?random=0.7723469325524068","statusCode":429,"executionTimeMs":0.67,"cacheStatus":"n/a","filterParams":{},"paginationParams":{}}
{"level":30,"time":1781101775787,"pid":27420,"hostname":"preethika","requestId":"44375c81-5748-4a91-b318-1963fecf2601","method":"POST","url":"/api/match?random=0.5512804056504503","statusCode":429,"executionTimeMs":0.62,"cacheStatus":"n/a","filterParams":{},"paginationParams":{}}
{"level":30,"time":1781101775788,"pid":27420,"hostname":"preethika","requestId":"85eca2a9-6532-41c8-a1d0-d5953a5f64ad","method":"POST","url":"/api/match?random=0.4766017299738643","statusCode":429,"executionTimeMs":0.77,"cacheStatus":"n/a","filterParams":{},"paginationParams":{}}
{"level":30,"time":1781101775790,"pid":27420,"hostname":"preethika","requestId":"cb169a4c-30e6-43c9-8351-6dd9e0dfdde2","method":"POST","url":"/api/match?random=0.1779177614507934","statusCode":429,"executionTimeMs":1.23,"cacheStatus":"n/a","filterParams":{},"paginationParams":{}}
{"level":30,"time":1781101775792,"pid":27420,"hostname":"preethika","requestId":"7d8abc0e-9f60-48c1-8ae0-3eb8ab3e1eac","method":"POST","url":"/api/match?random=0.39296351940929","statusCode":429,"executionTimeMs":1.31,"cacheStatus":"n/a","filterParams":{},"paginationParams":{}}
{"level":30,"time":1781101775794,"pid":27420,"hostname":"preethika","requestId":"ef998548-8991-4a56-b2be-f35b2ab282a9","method":"POST","url":"/api/match?random=0.5289627962760679","statusCode":429,"executionTimeMs":1.22,"cacheStatus":"n/a","filterParams":{},"paginationParams":{}}
{"level":30,"time":1781101775796,"pid":27420,"hostname":"preethika","requestId":"88a74d61-50f4-4579-8233-a3bc61df9117","method":"POST","url":"/api/match?random=0.4740864925536934","statusCode":429,"executionTimeMs":2.1,"cacheStatus":"n/a","filterParams":{},"paginationParams":{}}
{"level":30,"time":1781101775798,"pid":27420,"hostname":"preethika","requestId":"79180d1a-8d1d-4100-bd5b-eb6506aa624e","method":"POST","url":"/api/match?random=0.8980057526688401","statusCode":429,"executionTimeMs":0.93,"cacheStatus":"n/a","filterParams":{},"paginationParams":{}}
{"level":30,"time":1781101775799,"pid":27420,"hostname":"preethika","requestId":"af03be0b-16c2-4908-b740-f099192dfd02","method":"POST","url":"/api/match?random=0.8714654086774631","statusCode":429,"executionTimeMs":0.79,"cacheStatus":"n/a","filterParams":{},"paginationParams":{}}
{"level":30,"time":1781101775801,"pid":27420,"hostname":"preethika","requestId":"132f0964-cbe5-49a9-be3f-e078a5f4df50","method":"POST","url":"/api/match?random=0.2770114878667709","statusCode":429,"executionTimeMs":0.73,"cacheStatus":"n/a","filterParams":{},"paginationParams":{}}
{"level":30,"time":1781101775803,"pid":27420,"hostname":"preethika","requestId":"cdd33e81-5d08-4dea-9a56-90c0dc1c1d47","method":"POST","url":"/api/match?random=0.14970635450682135","statusCode":429,"executionTimeMs":0.9,"cacheStatus":"n/a","filterParams":{},"paginationParams":{}}
{"level":30,"time":1781101775804,"pid":27420,"hostname":"preethika","requestId":"ba2d7942-dc4a-49c4-9c0a-8e08878a8b2e","method":"POST","url":"/api/match?random=0.07763995333424867","statusCode":429,"executionTimeMs":0.83,"cacheStatus":"n/a","filterParams":{},"paginationParams":{}}
{"level":30,"time":1781101775805,"pid":27420,"hostname":"preethika","requestId":"d6886059-c591-4376-83d1-f1e6b6108ac1","method":"POST","url":"/api/match?random=0.9532701803978676","statusCode":429,"executionTimeMs":0.77,"cacheStatus":"n/a","filterParams":{},"paginationParams":{}}
{"level":30,"time":1781101775806,"pid":27420,"hostname":"preethika","requestId":"1b233809-a0f7-402f-80f0-c3d1d2861bde","method":"POST","url":"/api/match?random=0.4333952184519625","statusCode":429,"executionTimeMs":0.64,"cacheStatus":"n/a","filterParams":{},"paginationParams":{}}
{"level":30,"time":1781101775809,"pid":27420,"hostname":"preethika","requestId":"086a77cb-a408-40ac-bc16-0cf07c45c9b5","method":"POST","url":"/api/match?random=0.678158904421424","statusCode":429,"executionTimeMs":0.8,"cacheStatus":"n/a","filterParams":{},"paginationParams":{}}
{"level":30,"time":1781101775811,"pid":27420,"hostname":"preethika","requestId":"788efa43-dee5-4218-a76c-0ed587b8b325","method":"POST","url":"/api/match?random=0.01761322788369668","statusCode":429,"executionTimeMs":0.7,"cacheStatus":"n/a","filterParams":{},"paginationParams":{}}
{"level":30,"time":1781101775812,"pid":27420,"hostname":"preethika","requestId":"2fd03b99-75a4-49bb-8999-17b8feca27a3","method":"POST","url":"/api/match?random=0.08888906667938068","statusCode":429,"executionTimeMs":0.62,"cacheStatus":"n/a","filterParams":{},"paginationParams":{}}
{"level":30,"time":1781101775813,"pid":27420,"hostname":"preethika","requestId":"e5479993-a4ee-4c75-a0a8-4b5097d519c1","method":"POST","url":"/api/match?random=0.607804118688217","statusCode":429,"executionTimeMs":0.71,"cacheStatus":"n/a","filterParams":{},"paginationParams":{}}
{"level":30,"time":1781101775814,"pid":27420,"hostname":"preethika","requestId":"68b03f80-3c02-4ac8-8e70-72dcb02a5870","method":"POST","url":"/api/match?random=0.9485317255172816","statusCode":429,"executionTimeMs":0.73,"cacheStatus":"n/a","filterParams":{},"paginationParams":{}}
{"level":30,"time":1781101775815,"pid":27420,"hostname":"preethika","requestId":"e7c388a5-6328-46b3-923b-d73f60ca2506","method":"POST","url":"/api/match?random=0.4681622960490839","statusCode":429,"executionTimeMs":0.65,"cacheStatus":"n/a","filterParams":{},"paginationParams":{}}
{"level":30,"time":1781101775816,"pid":27420,"hostname":"preethika","requestId":"77dd1e72-365b-4c04-9b77-8e71c056fd35","method":"POST","url":"/api/match?random=0.20869570762980238","statusCode":429,"executionTimeMs":0.67,"cacheStatus":"n/a","filterParams":{},"paginationParams":{}}
{"level":30,"time":1781101775817,"pid":27420,"hostname":"preethika","requestId":"b374ea74-9956-45a9-9836-ac974da01e02","method":"POST","url":"/api/match?random=0.6907497511079146","statusCode":429,"executionTimeMs":0.69,"cacheStatus":"n/a","filterParams":{},"paginationParams":{}}
{"level":30,"time":1781101775818,"pid":27420,"hostname":"preethika","requestId":"439a0d82-4823-4d65-afe7-647e8172870d","method":"POST","url":"/api/match?random=0.3100643840130026","statusCode":429,"executionTimeMs":0.6,"cacheStatus":"n/a","filterParams":{},"paginationParams":{}}
{"level":30,"time":1781101775820,"pid":27420,"hostname":"preethika","requestId":"b5f80d56-eb2d-4005-9649-c11fcdf0c9c2","method":"POST","url":"/api/match?random=0.917187876453653","statusCode":429,"executionTimeMs":0.67,"cacheStatus":"n/a","filterParams":{},"paginationParams":{}}
{"level":30,"time":1781101775821,"pid":27420,"hostname":"preethika","requestId":"56a5ba38-edc5-4031-ada3-29ff4ca1adc6","method":"POST","url":"/api/match?random=0.24889452096989362","statusCode":429,"executionTimeMs":0.79,"cacheStatus":"n/a","filterParams":{},"paginationParams":{}}
{"level":30,"time":1781101776196,"pid":27420,"hostname":"preethika","requestId":"4a7ec377-1ea2-4472-81fd-94abf802d86d","method":"POST","url":"/api/match?random=0.888614494771244","statusCode":429,"executionTimeMs":0.86,"cacheStatus":"n/a","filterParams":{},"paginationParams":{}}
{"level":30,"time":1781101776197,"pid":27420,"hostname":"preethika","requestId":"b1fb864e-75db-4ce8-8f0d-8bccdf77cd76","method":"POST","url":"/api/match?random=0.751994895900054","statusCode":429,"executionTimeMs":0.74,"cacheStatus":"n/a","filterParams":{},"paginationParams":{}}
{"level":30,"time":1781101776198,"pid":27420,"hostname":"preethika","requestId":"26a1d0cc-e2a4-4a56-827a-07c75e62f547","method":"POST","url":"/api/match?random=0.27963428070649576","statusCode":429,"executionTimeMs":0.78,"cacheStatus":"n/a","filterParams":{},"paginationParams":{}}
{"level":30,"time":1781101776200,"pid":27420,"hostname":"preethika","requestId":"7b034147-0e71-44a3-a9c2-9a1d2ff0309c","method":"POST","url":"/api/match?random=0.5124060939520962","statusCode":429,"executionTimeMs":0.99,"cacheStatus":"n/a","filterParams":{},"paginationParams":{}}
{"level":30,"time":1781101776202,"pid":27420,"hostname":"preethika","requestId":"69ad4ee7-40f8-4a65-8f34-016c6c612d91","method":"POST","url":"/api/match?random=0.476607889726272","statusCode":429,"executionTimeMs":1.04,"cacheStatus":"n/a","filterParams":{},"paginationParams":{}}
{"level":30,"time":1781101776204,"pid":27420,"hostname":"preethika","requestId":"c00b695a-efd7-4a41-913e-ea04f8319da5","method":"POST","url":"/api/match?random=0.34554552383948445","statusCode":429,"executionTimeMs":1.11,"cacheStatus":"n/a","filterParams":{},"paginationParams":{}}
{"level":30,"time":1781101776205,"pid":27420,"hostname":"preethika","requestId":"b7a9bbce-682b-413b-8c45-86b059019c29","method":"POST","url":"/api/match?random=0.4066012146940887","statusCode":429,"executionTimeMs":0.87,"cacheStatus":"n/a","filterParams":{},"paginationParams":{}}
{"level":30,"time":1781101776206,"pid":27420,"hostname":"preethika","requestId":"f7abc046-a2e1-4bad-bda4-deeded4e264d","method":"POST","url":"/api/match?random=0.025372723882587378","statusCode":429,"executionTimeMs":0.72,"cacheStatus":"n/a","filterParams":{},"paginationParams":{}}
{"level":30,"time":1781101776207,"pid":27420,"hostname":"preethika","requestId":"8049aeaf-7c83-43ca-ad0a-ae6bd8db80e8","method":"POST","url":"/api/match?random=0.02998844387734545","statusCode":429,"executionTimeMs":0.62,"cacheStatus":"n/a","filterParams":{},"paginationParams":{}}
{"level":30,"time":1781101776208,"pid":27420,"hostname":"preethika","requestId":"620134b8-56e3-449b-90f6-6a0794daefb4","method":"POST","url":"/api/match?random=0.7084468560700632","statusCode":429,"executionTimeMs":0.65,"cacheStatus":"n/a","filterParams":{},"paginationParams":{}}
{"level":30,"time":1781101776209,"pid":27420,"hostname":"preethika","requestId":"1027b91e-4a9a-4b43-8fbd-fe36d69b99a3","method":"POST","url":"/api/match?random=0.1646112494907661","statusCode":429,"executionTimeMs":0.6,"cacheStatus":"n/a","filterParams":{},"paginationParams":{}}
{"level":30,"time":1781101776211,"pid":27420,"hostname":"preethika","requestId":"a4d2d465-edaf-4a56-8801-0534b9a3bbd6","method":"POST","url":"/api/match?random=0.6959231252151248","statusCode":429,"executionTimeMs":0.96,"cacheStatus":"n/a","filterParams":{},"paginationParams":{}}
{"level":30,"time":1781101776213,"pid":27420,"hostname":"preethika","requestId":"73116b7a-ab50-412d-b84a-2aeae0520d6d","method":"POST","url":"/api/match?random=0.29678097865882735","statusCode":429,"executionTimeMs":0.89,"cacheStatus":"n/a","filterParams":{},"paginationParams":{}}
{"level":30,"time":1781101776214,"pid":27420,"hostname":"preethika","requestId":"be667a0e-d60e-42cc-929f-2772ee1bf6c2","method":"POST","url":"/api/match?random=0.33236869346758136","statusCode":429,"executionTimeMs":0.85,"cacheStatus":"n/a","filterParams":{},"paginationParams":{}}
{"level":30,"time":1781101776216,"pid":27420,"hostname":"preethika","requestId":"d3c38141-5c1c-4f38-a447-945419245e1e","method":"POST","url":"/api/match?random=0.9369493136739879","statusCode":429,"executionTimeMs":0.91,"cacheStatus":"n/a","filterParams":{},"paginationParams":{}}
{"level":30,"time":1781101776217,"pid":27420,"hostname":"preethika","requestId":"f406814f-6f34-4ea3-a2d8-1b118fa01983","method":"POST","url":"/api/match?random=0.5621224258087423","statusCode":429,"executionTimeMs":0.81,"cacheStatus":"n/a","filterParams":{},"paginationParams":{}}
{"level":30,"time":1781101776218,"pid":27420,"hostname":"preethika","requestId":"6b66715c-72cf-4c42-9fb3-c09c6c96315e","method":"POST","url":"/api/match?random=0.28559011288858716","statusCode":429,"executionTimeMs":0.82,"cacheStatus":"n/a","filterParams":{},"paginationParams":{}}
{"level":30,"time":1781101776220,"pid":27420,"hostname":"preethika","requestId":"80a5ca37-0076-4803-b820-099ddbf9f7da","method":"POST","url":"/api/match?random=0.5642568756869908","statusCode":429,"executionTimeMs":0.91,"cacheStatus":"n/a","filterParams":{},"paginationParams":{}}
{"level":30,"time":1781101776221,"pid":27420,"hostname":"preethika","requestId":"5eec1804-4782-48cc-bec8-9ba89326e707","method":"POST","url":"/api/match?random=0.8945401605233791","statusCode":429,"executionTimeMs":0.91,"cacheStatus":"n/a","filterParams":{},"paginationParams":{}}
{"level":30,"time":1781101776223,"pid":27420,"hostname":"preethika","requestId":"182b03bf-fd50-4250-b5b8-cdf95f66a606","method":"POST","url":"/api/match?random=0.7941847074461152","statusCode":429,"executionTimeMs":0.9,"cacheStatus":"n/a","filterParams":{},"paginationParams":{}}
{"level":30,"time":1781101776224,"pid":27420,"hostname":"preethika","requestId":"a354482a-82eb-472f-9a01-e63574e362fe","method":"POST","url":"/api/match?random=0.9063095150897045","statusCode":429,"executionTimeMs":0.81,"cacheStatus":"n/a","filterParams":{},"paginationParams":{}}
{"level":30,"time":1781101776225,"pid":27420,"hostname":"preethika","requestId":"8c387fc0-1985-4269-98df-e75fa94380a8","method":"POST","url":"/api/match?random=0.17311268481343078","statusCode":429,"executionTimeMs":0.71,"cacheStatus":"n/a","filterParams":{},"paginationParams":{}}
{"level":30,"time":1781101776227,"pid":27420,"hostname":"preethika","requestId":"f32233ed-632d-40df-ba49-49ba174343d0","method":"POST","url":"/api/match?random=0.496503150434082","statusCode":429,"executionTimeMs":0.69,"cacheStatus":"n/a","filterParams":{},"paginationParams":{}}
{"level":30,"time":1781101776228,"pid":27420,"hostname":"preethika","requestId":"566c3c8b-8175-43d8-88af-845a43b233d8","method":"POST","url":"/api/match?random=0.12407661664466296","statusCode":429,"executionTimeMs":0.77,"cacheStatus":"n/a","filterParams":{},"paginationParams":{}}
{"level":30,"time":1781101776229,"pid":27420,"hostname":"preethika","requestId":"4de13187-810c-4adf-9424-ad5b621c508c","method":"POST","url":"/api/match?random=0.9375739913562062","statusCode":429,"executionTimeMs":0.77,"cacheStatus":"n/a","filterParams":{},"paginationParams":{}}
{"level":30,"time":1781101776230,"pid":27420,"hostname":"preethika","requestId":"e8a7314a-a841-45b5-87c3-21dec4aca821","method":"POST","url":"/api/match?random=0.42766464838337015","statusCode":429,"executionTimeMs":0.81,"cacheStatus":"n/a","filterParams":{},"paginationParams":{}}
{"level":30,"time":1781101776232,"pid":27420,"hostname":"preethika","requestId":"2f588830-ec30-4b2f-9637-99ccc0508cb0","method":"POST","url":"/api/match?random=0.6804966912217985","statusCode":429,"executionTimeMs":0.74,"cacheStatus":"n/a","filterParams":{},"paginationParams":{}}
{"level":30,"time":1781101776233,"pid":27420,"hostname":"preethika","requestId":"6c316653-3a04-4249-96e5-7b07e38e9df8","method":"POST","url":"/api/match?random=0.07091910934812296","statusCode":429,"executionTimeMs":0.76,"cacheStatus":"n/a","filterParams":{},"paginationParams":{}}
{"level":30,"time":1781101776234,"pid":27420,"hostname":"preethika","requestId":"e64af77e-88ee-4b7c-b736-b3db553c8a10","method":"POST","url":"/api/match?random=0.6919589143187916","statusCode":429,"executionTimeMs":0.71,"cacheStatus":"n/a","filterParams":{},"paginationParams":{}}
{"level":30,"time":1781101776236,"pid":27420,"hostname":"preethika","requestId":"cb9edfb3-ca20-48ab-a615-3e733208f9a2","method":"POST","url":"/api/match?random=0.5796085815826681","statusCode":429,"executionTimeMs":1.08,"cacheStatus":"n/a","filterParams":{},"paginationParams":{}}
{"level":30,"time":1781101776238,"pid":27420,"hostname":"preethika","requestId":"1ed24423-2689-4c15-bafe-fe3fe6bd809f","method":"POST","url":"/api/match?random=0.7153750751183057","statusCode":429,"executionTimeMs":1.04,"cacheStatus":"n/a","filterParams":{},"paginationParams":{}}
{"level":30,"time":1781101776239,"pid":27420,"hostname":"preethika","requestId":"4d776bc6-95cc-4f3e-8f0f-863348cd514a","method":"POST","url":"/api/match?random=0.4165230862555558","statusCode":429,"executionTimeMs":0.87,"cacheStatus":"n/a","filterParams":{},"paginationParams":{}}
{"level":30,"time":1781101776241,"pid":27420,"hostname":"preethika","requestId":"8ea02178-a2c4-49a2-a227-ad8b68552753","method":"POST","url":"/api/match?random=0.8269241506748617","statusCode":429,"executionTimeMs":0.82,"cacheStatus":"n/a","filterParams":{},"paginationParams":{}}
{"level":30,"time":1781101776242,"pid":27420,"hostname":"preethika","requestId":"2d729e6d-31cc-4f40-971d-a8e9baacacda","method":"POST","url":"/api/match?random=0.6430120591827173","statusCode":429,"executionTimeMs":0.91,"cacheStatus":"n/a","filterParams":{},"paginationParams":{}}
{"level":30,"time":1781101776243,"pid":27420,"hostname":"preethika","requestId":"11d811f9-b2aa-4a2e-beed-e748b9edba98","method":"POST","url":"/api/match?random=0.41781931166971176","statusCode":429,"executionTimeMs":0.85,"cacheStatus":"n/a","filterParams":{},"paginationParams":{}}
{"level":30,"time":1781101776245,"pid":27420,"hostname":"preethika","requestId":"ced41662-29be-4246-8b41-6226f7587ae9","method":"POST","url":"/api/match?random=0.8731015139103953","statusCode":429,"executionTimeMs":0.88,"cacheStatus":"n/a","filterParams":{},"paginationParams":{}}
{"level":30,"time":1781101776247,"pid":27420,"hostname":"preethika","requestId":"355764ea-51f9-4a7c-8a40-df93ca6f1fda","method":"POST","url":"/api/match?random=0.10714265888204633","statusCode":429,"executionTimeMs":0.97,"cacheStatus":"n/a","filterParams":{},"paginationParams":{}}
{"level":30,"time":1781101776248,"pid":27420,"hostname":"preethika","requestId":"1061a4f4-ad4c-4460-9f97-039ed6cd476c","method":"POST","url":"/api/match?random=0.5846851448770869","statusCode":429,"executionTimeMs":1.05,"cacheStatus":"n/a","filterParams":{},"paginationParams":{}}
{"level":30,"time":1781101776250,"pid":27420,"hostname":"preethika","requestId":"a86e61f0-fa40-458b-9939-acd624196293","method":"POST","url":"/api/match?random=0.6800100349048359","statusCode":429,"executionTimeMs":0.91,"cacheStatus":"n/a","filterParams":{},"paginationParams":{}}
{"level":30,"time":1781101776251,"pid":27420,"hostname":"preethika","requestId":"995555c1-b7b7-4ffb-9b86-082158f550b3","method":"POST","url":"/api/match?random=0.10113836068035154","statusCode":429,"executionTimeMs":0.81,"cacheStatus":"n/a","filterParams":{},"paginationParams":{}}
{"level":30,"time":1781101776252,"pid":27420,"hostname":"preethika","requestId":"7ff71970-e051-4147-b46a-ec3f4a60a431","method":"POST","url":"/api/match?random=0.7577011339136115","statusCode":429,"executionTimeMs":0.8,"cacheStatus":"n/a","filterParams":{},"paginationParams":{}}
{"level":30,"time":1781101776506,"pid":27420,"hostname":"preethika","requestId":"680c9187-1a89-411f-8339-bda7d29c5c37","method":"POST","url":"/api/match?random=0.6802711547545177","statusCode":429,"executionTimeMs":0.82,"cacheStatus":"n/a","filterParams":{},"paginationParams":{}}
{"level":30,"time":1781101776507,"pid":27420,"hostname":"preethika","requestId":"f6e353d3-2d71-4a82-81ec-af28bb1682b8","method":"POST","url":"/api/match?random=0.04045555187532579","statusCode":429,"executionTimeMs":0.77,"cacheStatus":"n/a","filterParams":{},"paginationParams":{}}
{"level":30,"time":1781101776509,"pid":27420,"hostname":"preethika","requestId":"140d4b3d-ec71-4c1f-a193-00c272b9e463","method":"POST","url":"/api/match?random=0.12047692011820321","statusCode":429,"executionTimeMs":0.69,"cacheStatus":"n/a","filterParams":{},"paginationParams":{}}
{"level":30,"time":1781101776569,"pid":27420,"hostname":"preethika","requestId":"9e1a279d-c621-42f3-abd2-32fdf0b50ad8","method":"POST","url":"/api/match?random=0.48006074239188323","statusCode":429,"executionTimeMs":0.94,"cacheStatus":"n/a","filterParams":{},"paginationParams":{}}
{"level":30,"time":1781101776572,"pid":27420,"hostname":"preethika","requestId":"15abcb73-ce62-4dc7-a40a-4e65e06b6dee","method":"POST","url":"/api/match?random=0.3610710105592163","statusCode":429,"executionTimeMs":0.86,"cacheStatus":"n/a","filterParams":{},"paginationParams":{}}
{"level":30,"time":1781101776574,"pid":27420,"hostname":"preethika","requestId":"5145f8fc-4569-4f1c-adb8-a9c8b7254758","method":"POST","url":"/api/match?random=0.4990327188312027","statusCode":429,"executionTimeMs":0.73,"cacheStatus":"n/a","filterParams":{},"paginationParams":{}}
{"level":30,"time":1781101776575,"pid":27420,"hostname":"preethika","requestId":"7aa8c96b-6f1f-4ece-bb42-7fbc568e53da","method":"POST","url":"/api/match?random=0.08725432948860812","statusCode":429,"executionTimeMs":0.65,"cacheStatus":"n/a","filterParams":{},"paginationParams":{}}
{"level":30,"time":1781101776576,"pid":27420,"hostname":"preethika","requestId":"b9da9ccf-631f-4f0c-8f21-2d98fa47fc92","method":"POST","url":"/api/match?random=0.6404528043399418","statusCode":429,"executionTimeMs":0.65,"cacheStatus":"n/a","filterParams":{},"paginationParams":{}}
{"level":30,"time":1781101776577,"pid":27420,"hostname":"preethika","requestId":"1b619daa-e4e1-459b-b995-488d10af3ef0","method":"POST","url":"/api/match?random=0.2893425814772064","statusCode":429,"executionTimeMs":0.93,"cacheStatus":"n/a","filterParams":{},"paginationParams":{}}
{"level":30,"time":1781101776578,"pid":27420,"hostname":"preethika","requestId":"23551a8d-0982-401d-879a-4e3877ea4e4e","method":"POST","url":"/api/match?random=0.8753085967015874","statusCode":429,"executionTimeMs":0.6,"cacheStatus":"n/a","filterParams":{},"paginationParams":{}}
{"level":30,"time":1781101776582,"pid":27420,"hostname":"preethika","requestId":"cc6a0ec5-a066-4e17-8a7d-52c6f053719e","method":"POST","url":"/api/match?random=0.7924192329373336","statusCode":429,"executionTimeMs":0.82,"cacheStatus":"n/a","filterParams":{},"paginationParams":{}}
{"level":30,"time":1781101776585,"pid":27420,"hostname":"preethika","requestId":"16d8f725-9983-45d2-8193-4c4ffe047bfe","method":"POST","url":"/api/match?random=0.2226096464554097","statusCode":429,"executionTimeMs":1.92,"cacheStatus":"n/a","filterParams":{},"paginationParams":{}}
{"level":30,"time":1781101776586,"pid":27420,"hostname":"preethika","requestId":"67a53381-07e6-496f-9d42-b79291bc4cb1","method":"POST","url":"/api/match?random=0.21530187872644868","statusCode":429,"executionTimeMs":0.88,"cacheStatus":"n/a","filterParams":{},"paginationParams":{}}
{"level":30,"time":1781101776740,"pid":27420,"hostname":"preethika","requestId":"377c0760-7d94-4a43-9abf-1c9af172086e","method":"POST","url":"/api/match?random=0.29606221721299963","statusCode":429,"executionTimeMs":0.87,"cacheStatus":"n/a","filterParams":{},"paginationParams":{}}
{"level":30,"time":1781101776741,"pid":27420,"hostname":"preethika","requestId":"4763077a-f73f-4d29-a770-74ba6f67036d","method":"POST","url":"/api/match?random=0.22859482215939497","statusCode":429,"executionTimeMs":0.74,"cacheStatus":"n/a","filterParams":{},"paginationParams":{}}
{"level":30,"time":1781101776743,"pid":27420,"hostname":"preethika","requestId":"f9da8073-a147-46d6-af48-04c37eb65e4c","method":"POST","url":"/api/match?random=0.9066137029020476","statusCode":429,"executionTimeMs":0.84,"cacheStatus":"n/a","filterParams":{},"paginationParams":{}}
{"level":30,"time":1781101776744,"pid":27420,"hostname":"preethika","requestId":"5abc8f2c-7519-4b3f-bf29-fb3ac4852666","method":"POST","url":"/api/match?random=0.1894387278548837","statusCode":429,"executionTimeMs":0.81,"cacheStatus":"n/a","filterParams":{},"paginationParams":{}}
{"level":30,"time":1781101776746,"pid":27420,"hostname":"preethika","requestId":"7eff6af7-0d1d-4dab-abca-bdc78b3b1d5e","method":"POST","url":"/api/match?random=0.5323187330696684","statusCode":429,"executionTimeMs":0.85,"cacheStatus":"n/a","filterParams":{},"paginationParams":{}}
{"level":30,"time":1781101776747,"pid":27420,"hostname":"preethika","requestId":"85bafca5-6a64-49b6-9936-5b77815786a6","method":"POST","url":"/api/match?random=0.2708444985271383","statusCode":429,"executionTimeMs":0.85,"cacheStatus":"n/a","filterParams":{},"paginationParams":{}}
{"level":30,"time":1781101776748,"pid":27420,"hostname":"preethika","requestId":"4d89b9b1-7b1a-450f-8031-611e0feb0a2e","method":"POST","url":"/api/match?random=0.2371325855841675","statusCode":429,"executionTimeMs":0.72,"cacheStatus":"n/a","filterParams":{},"paginationParams":{}}
{"level":30,"time":1781101776749,"pid":27420,"hostname":"preethika","requestId":"8772b997-ed9f-4644-a318-0393d929ede0","method":"POST","url":"/api/match?random=0.771824978190544","statusCode":429,"executionTimeMs":0.59,"cacheStatus":"n/a","filterParams":{},"paginationParams":{}}
{"level":30,"time":1781101776750,"pid":27420,"hostname":"preethika","requestId":"332cfc69-058d-4dfa-89c6-9250c81f2e9f","method":"POST","url":"/api/match?random=0.5981873586706432","statusCode":429,"executionTimeMs":0.66,"cacheStatus":"n/a","filterParams":{},"paginationParams":{}}
{"level":30,"time":1781101776752,"pid":27420,"hostname":"preethika","requestId":"e4c140e8-f678-4a5d-a037-a05199787e1b","method":"POST","url":"/api/match?random=0.6843293928259013","statusCode":429,"executionTimeMs":0.65,"cacheStatus":"n/a","filterParams":{},"paginationParams":{}}
{"level":30,"time":1781101776754,"pid":27420,"hostname":"preethika","requestId":"e7ff3b78-eef4-43fd-90be-d9bf2e211125","method":"POST","url":"/api/match?random=0.5383590194240715","statusCode":429,"executionTimeMs":0.79,"cacheStatus":"n/a","filterParams":{},"paginationParams":{}}
{"level":30,"time":1781101776755,"pid":27420,"hostname":"preethika","requestId":"14059fd4-88da-4356-9b7f-aeefc8abee7a","method":"POST","url":"/api/match?random=0.24064433311129196","statusCode":429,"executionTimeMs":0.83,"cacheStatus":"n/a","filterParams":{},"paginationParams":{}}
{"level":30,"time":1781101776757,"pid":27420,"hostname":"preethika","requestId":"f3f039a7-353f-443a-9a5f-7b83aa5bbbf3","method":"POST","url":"/api/match?random=0.9573265660256445","statusCode":429,"executionTimeMs":0.76,"cacheStatus":"n/a","filterParams":{},"paginationParams":{}}
{"level":30,"time":1781101776758,"pid":27420,"hostname":"preethika","requestId":"888c2785-c9b7-4f03-a5aa-b782cf58e265","method":"POST","url":"/api/match?random=0.2127638560193914","statusCode":429,"executionTimeMs":0.74,"cacheStatus":"n/a","filterParams":{},"paginationParams":{}}
{"level":30,"time":1781101776759,"pid":27420,"hostname":"preethika","requestId":"2f3872a7-2b39-42c0-9c72-a0fbf24d9623","method":"POST","url":"/api/match?random=0.4344843494939623","statusCode":429,"executionTimeMs":0.76,"cacheStatus":"n/a","filterParams":{},"paginationParams":{}}
{"level":30,"time":1781101776761,"pid":27420,"hostname":"preethika","requestId":"9be14224-c5af-42c5-8f8c-46e8f19e0fc0","method":"POST","url":"/api/match?random=0.2557419357814965","statusCode":429,"executionTimeMs":0.83,"cacheStatus":"n/a","filterParams":{},"paginationParams":{}}
{"level":30,"time":1781101776762,"pid":27420,"hostname":"preethika","requestId":"36ac1455-e9a6-4ad6-a419-172faa4cded0","method":"POST","url":"/api/match?random=0.8172233952640076","statusCode":429,"executionTimeMs":1,"cacheStatus":"n/a","filterParams":{},"paginationParams":{}}
{"level":30,"time":1781101776764,"pid":27420,"hostname":"preethika","requestId":"e5fac32f-c187-4028-827f-469b2fa6cdba","method":"POST","url":"/api/match?random=0.21901256223573595","statusCode":429,"executionTimeMs":0.82,"cacheStatus":"n/a","filterParams":{},"paginationParams":{}}
{"level":30,"time":1781101776765,"pid":27420,"hostname":"preethika","requestId":"f13c1e39-4f10-452e-9a6d-516c32e82074","method":"POST","url":"/api/match?random=0.14017652509180256","statusCode":429,"executionTimeMs":0.75,"cacheStatus":"n/a","filterParams":{},"paginationParams":{}}
{"level":30,"time":1781101776766,"pid":27420,"hostname":"preethika","requestId":"94a80d5b-e075-4d38-b0bd-ff03d71f9f99","method":"POST","url":"/api/match?random=0.670561213295894","statusCode":429,"executionTimeMs":0.7,"cacheStatus":"n/a","filterParams":{},"paginationParams":{}}
{"level":30,"time":1781101776767,"pid":27420,"hostname":"preethika","requestId":"9c9eaa36-ab69-4b4e-8dc4-0d19c7f7108a","method":"POST","url":"/api/match?random=0.1819149944128291","statusCode":429,"executionTimeMs":0.64,"cacheStatus":"n/a","filterParams":{},"paginationParams":{}}
{"level":30,"time":1781101776768,"pid":27420,"hostname":"preethika","requestId":"695403c0-983d-484a-87cf-39159ca3c36d","method":"POST","url":"/api/match?random=0.7772950199354005","statusCode":429,"executionTimeMs":0.62,"cacheStatus":"n/a","filterParams":{},"paginationParams":{}}
{"level":30,"time":1781101776769,"pid":27420,"hostname":"preethika","requestId":"07b58add-2e74-4213-8c0e-6e5148d42520","method":"POST","url":"/api/match?random=0.6170773216959009","statusCode":429,"executionTimeMs":0.54,"cacheStatus":"n/a","filterParams":{},"paginationParams":{}}
{"level":30,"time":1781101776770,"pid":27420,"hostname":"preethika","requestId":"8ca6d9dc-3367-4158-a2dc-87ce3f509a17","method":"POST","url":"/api/match?random=0.21992433863191563","statusCode":429,"executionTimeMs":0.6,"cacheStatus":"n/a","filterParams":{},"paginationParams":{}}
{"level":30,"time":1781101776772,"pid":27420,"hostname":"preethika","requestId":"c59db530-89a3-4171-8b3a-37c22a71efb1","method":"POST","url":"/api/match?random=0.9355634955142886","statusCode":429,"executionTimeMs":0.64,"cacheStatus":"n/a","filterParams":{},"paginationParams":{}}
{"level":30,"time":1781101776773,"pid":27420,"hostname":"preethika","requestId":"d153fa23-fc17-4524-b51b-6bdd5f3635e7","method":"POST","url":"/api/match?random=0.7530387562978191","statusCode":429,"executionTimeMs":1.06,"cacheStatus":"n/a","filterParams":{},"paginationParams":{}}
{"level":30,"time":1781101776775,"pid":27420,"hostname":"preethika","requestId":"88d1687a-2388-43d3-82b0-21d56ef4afdf","method":"POST","url":"/api/match?random=0.7764788642295757","statusCode":429,"executionTimeMs":1.14,"cacheStatus":"n/a","filterParams":{},"paginationParams":{}}
{"level":30,"time":1781101776776,"pid":27420,"hostname":"preethika","requestId":"dd64cf5c-900c-4c48-aa08-a35167eae0ba","method":"POST","url":"/api/match?random=0.9703292616330965","statusCode":429,"executionTimeMs":0.94,"cacheStatus":"n/a","filterParams":{},"paginationParams":{}}
{"level":30,"time":1781101776778,"pid":27420,"hostname":"preethika","requestId":"48845f2f-49e8-4947-80ab-a5174eb5d521","method":"POST","url":"/api/match?random=0.9705250964960119","statusCode":429,"executionTimeMs":0.8,"cacheStatus":"n/a","filterParams":{},"paginationParams":{}}
{"level":30,"time":1781101776779,"pid":27420,"hostname":"preethika","requestId":"c4cfac87-c8b0-4930-bea5-6ea6156acda2","method":"POST","url":"/api/match?random=0.2534880126465373","statusCode":429,"executionTimeMs":0.86,"cacheStatus":"n/a","filterParams":{},"paginationParams":{}}
{"level":30,"time":1781101776781,"pid":27420,"hostname":"preethika","requestId":"12ca6898-f9b4-4949-a1f8-c7d28f561513","method":"POST","url":"/api/match?random=0.4202952150660648","statusCode":429,"executionTimeMs":0.81,"cacheStatus":"n/a","filterParams":{},"paginationParams":{}}
{"level":30,"time":1781101776782,"pid":27420,"hostname":"preethika","requestId":"4172b00b-8f3b-48e8-ad82-9fbbde86d71b","method":"POST","url":"/api/match?random=0.39390136483524874","statusCode":429,"executionTimeMs":0.73,"cacheStatus":"n/a","filterParams":{},"paginationParams":{}}
{"level":30,"time":1781101776783,"pid":27420,"hostname":"preethika","requestId":"01161040-250c-49d4-8814-09a13f1c87ed","method":"POST","url":"/api/match?random=0.5629952786273893","statusCode":429,"executionTimeMs":0.83,"cacheStatus":"n/a","filterParams":{},"paginationParams":{}}
{"level":30,"time":1781101776785,"pid":27420,"hostname":"preethika","requestId":"b51e3871-65df-43ec-9cfb-ed2bd6161a88","method":"POST","url":"/api/match?random=0.9735280056296598","statusCode":429,"executionTimeMs":0.83,"cacheStatus":"n/a","filterParams":{},"paginationParams":{}}
{"level":30,"time":1781101776786,"pid":27420,"hostname":"preethika","requestId":"de2fe7a2-ac85-44a9-8a34-9925fb8d5ba9","method":"POST","url":"/api/match?random=0.8019119558908667","statusCode":429,"executionTimeMs":0.7,"cacheStatus":"n/a","filterParams":{},"paginationParams":{}}
{"level":30,"time":1781101776787,"pid":27420,"hostname":"preethika","requestId":"0c589990-ea7a-461c-a5d5-74ee2b592e2e","method":"POST","url":"/api/match?random=0.6448153991953693","statusCode":429,"executionTimeMs":0.81,"cacheStatus":"n/a","filterParams":{},"paginationParams":{}}
{"level":30,"time":1781101776789,"pid":27420,"hostname":"preethika","requestId":"8d1c0a68-0cf1-45ea-b160-3b966ba71d77","method":"POST","url":"/api/match?random=0.648017316441132","statusCode":429,"executionTimeMs":0.83,"cacheStatus":"n/a","filterParams":{},"paginationParams":{}}
{"level":30,"time":1781101776790,"pid":27420,"hostname":"preethika","requestId":"cc94c18c-4595-482e-b144-f1a79b49ac6a","method":"POST","url":"/api/match?random=0.22127078274332446","statusCode":429,"executionTimeMs":0.76,"cacheStatus":"n/a","filterParams":{},"paginationParams":{}}
{"level":30,"time":1781101776791,"pid":27420,"hostname":"preethika","requestId":"1bce65b2-189d-45cd-8ff4-7747038cc248","method":"POST","url":"/api/match?random=0.10202955950538484","statusCode":429,"executionTimeMs":0.69,"cacheStatus":"n/a","filterParams":{},"paginationParams":{}}
{"level":30,"time":1781101776793,"pid":27420,"hostname":"preethika","requestId":"56504c38-a313-4978-a705-50ef9752e1fa","method":"POST","url":"/api/match?random=0.4605955663803887","statusCode":429,"executionTimeMs":0.76,"cacheStatus":"n/a","filterParams":{},"paginationParams":{}}
{"level":30,"time":1781101776794,"pid":27420,"hostname":"preethika","requestId":"a72e8f47-8f7f-4e5f-9b3f-5b5e7427c60b","method":"POST","url":"/api/match?random=0.6597047785385954","statusCode":429,"executionTimeMs":0.67,"cacheStatus":"n/a","filterParams":{},"paginationParams":{}}
{"level":30,"time":1781101776795,"pid":27420,"hostname":"preethika","requestId":"4814e7ab-454c-49a2-b90a-dd3b671c4c22","method":"POST","url":"/api/match?random=0.5297595351559561","statusCode":429,"executionTimeMs":0.83,"cacheStatus":"n/a","filterParams":{},"paginationParams":{}}
{"level":30,"time":1781101776797,"pid":27420,"hostname":"preethika","requestId":"6470ace4-63a1-45ee-a62b-95ccbb6de99c","method":"POST","url":"/api/match?random=0.49364864122218255","statusCode":429,"executionTimeMs":0.81,"cacheStatus":"n/a","filterParams":{},"paginationParams":{}}
{"level":30,"time":1781101776798,"pid":27420,"hostname":"preethika","requestId":"a8a4010b-10f2-4c95-a5bc-162e933011b6","method":"POST","url":"/api/match?random=0.12571095380487174","statusCode":429,"executionTimeMs":0.71,"cacheStatus":"n/a","filterParams":{},"paginationParams":{}}
{"level":30,"time":1781101776799,"pid":27420,"hostname":"preethika","requestId":"2bc2d189-9a6b-4622-93ab-e9edd334b6b6","method":"POST","url":"/api/match?random=0.8356575576820013","statusCode":429,"executionTimeMs":0.68,"cacheStatus":"n/a","filterParams":{},"paginationParams":{}}
{"level":30,"time":1781101776800,"pid":27420,"hostname":"preethika","requestId":"7b3aca73-3e86-4a4c-9a24-2cb5905ed5d7","method":"POST","url":"/api/match?random=0.19084925212348347","statusCode":429,"executionTimeMs":0.64,"cacheStatus":"n/a","filterParams":{},"paginationParams":{}}
{"level":30,"time":1781101776801,"pid":27420,"hostname":"preethika","requestId":"a88f9c57-93b3-49cb-aa67-648e2f5c8772","method":"POST","url":"/api/match?random=0.3942794324984775","statusCode":429,"executionTimeMs":0.63,"cacheStatus":"n/a","filterParams":{},"paginationParams":{}}
{"level":30,"time":1781101776802,"pid":27420,"hostname":"preethika","requestId":"a48c3977-c4fb-45d3-9dab-5812affd3466","method":"POST","url":"/api/match?random=0.3578329712447148","statusCode":429,"executionTimeMs":0.59,"cacheStatus":"n/a","filterParams":{},"paginationParams":{}}
{"level":30,"time":1781101776804,"pid":27420,"hostname":"preethika","requestId":"ea7e68fd-7daf-48a7-a220-27c655ed5370","method":"POST","url":"/api/match?random=0.19236060880070593","statusCode":429,"executionTimeMs":0.82,"cacheStatus":"n/a","filterParams":{},"paginationParams":{}}
{"level":30,"time":1781101776805,"pid":27420,"hostname":"preethika","requestId":"507fb2ec-a04c-40f0-8c88-18b96feea605","method":"POST","url":"/api/match?random=0.001121141077385479","statusCode":429,"executionTimeMs":0.85,"cacheStatus":"n/a","filterParams":{},"paginationParams":{}}
{"level":30,"time":1781101776807,"pid":27420,"hostname":"preethika","requestId":"0a776f2a-f85b-474e-a584-eb373e50f8b6","method":"POST","url":"/api/match?random=0.44018087898292135","statusCode":429,"executionTimeMs":0.76,"cacheStatus":"n/a","filterParams":{},"paginationParams":{}}
{"level":30,"time":1781101776808,"pid":27420,"hostname":"preethika","requestId":"c94ba2d5-3239-49a3-aeb7-bd1f42bdf081","method":"POST","url":"/api/match?random=0.9210431609822234","statusCode":429,"executionTimeMs":0.72,"cacheStatus":"n/a","filterParams":{},"paginationParams":{}}
{"level":30,"time":1781101776809,"pid":27420,"hostname":"preethika","requestId":"30687537-89f0-4850-84a7-1bf07ec641f0","method":"POST","url":"/api/match?random=0.17019325538057206","statusCode":429,"executionTimeMs":0.79,"cacheStatus":"n/a","filterParams":{},"paginationParams":{}}
{"level":30,"time":1781101776810,"pid":27420,"hostname":"preethika","requestId":"ad8df118-afa1-47ef-a3b7-ef0b9a59553a","method":"POST","url":"/api/match?random=0.9693937784971141","statusCode":429,"executionTimeMs":0.76,"cacheStatus":"n/a","filterParams":{},"paginationParams":{}}
{"level":30,"time":1781101776812,"pid":27420,"hostname":"preethika","requestId":"bada248c-83a4-49d9-9b4d-3d663c1d1421","method":"POST","url":"/api/match?random=0.16044215299957654","statusCode":429,"executionTimeMs":1.1,"cacheStatus":"n/a","filterParams":{},"paginationParams":{}}
{"level":30,"time":1781101776814,"pid":27420,"hostname":"preethika","requestId":"6db32e51-ae3e-40cd-9c22-494c4bdbbd4d","method":"POST","url":"/api/match?random=0.4805569427786429","statusCode":429,"executionTimeMs":0.93,"cacheStatus":"n/a","filterParams":{},"paginationParams":{}}
{"level":30,"time":1781101776815,"pid":27420,"hostname":"preethika","requestId":"558cb343-56b5-4f22-889f-7f9c04140748","method":"POST","url":"/api/match?random=0.38510170077570405","statusCode":429,"executionTimeMs":0.84,"cacheStatus":"n/a","filterParams":{},"paginationParams":{}}
{"level":30,"time":1781101776816,"pid":27420,"hostname":"preethika","requestId":"16100f86-cf5f-40f0-a186-5d58be566aca","method":"POST","url":"/api/match?random=0.4002476097999632","statusCode":429,"executionTimeMs":0.75,"cacheStatus":"n/a","filterParams":{},"paginationParams":{}}
{"level":30,"time":1781101776817,"pid":27420,"hostname":"preethika","requestId":"a81d1cd0-d876-42b3-839d-949be9c1a9df","method":"POST","url":"/api/match?random=0.8222524384963201","statusCode":429,"executionTimeMs":0.67,"cacheStatus":"n/a","filterParams":{},"paginationParams":{}}
{"level":30,"time":1781101776819,"pid":27420,"hostname":"preethika","requestId":"b3746bdb-825c-4d8e-989e-507afe7bd2bc","method":"POST","url":"/api/match?random=0.29623816910342127","statusCode":429,"executionTimeMs":0.58,"cacheStatus":"n/a","filterParams":{},"paginationParams":{}}
{"level":30,"time":1781101776820,"pid":27420,"hostname":"preethika","requestId":"bf9a798f-ad3d-406a-883f-b2a8c936ffdc","method":"POST","url":"/api/match?random=0.43898335464483895","statusCode":429,"executionTimeMs":0.64,"cacheStatus":"n/a","filterParams":{},"paginationParams":{}}
{"level":30,"time":1781101776821,"pid":27420,"hostname":"preethika","requestId":"774cd19f-e4bd-4a86-8018-bba312e7e909","method":"POST","url":"/api/match?random=0.17997806992509813","statusCode":429,"executionTimeMs":0.57,"cacheStatus":"n/a","filterParams":{},"paginationParams":{}}
{"level":30,"time":1781101776822,"pid":27420,"hostname":"preethika","requestId":"c0bd11e9-1335-4d40-b557-af0958cf20a1","method":"POST","url":"/api/match?random=0.6088763541224351","statusCode":429,"executionTimeMs":0.62,"cacheStatus":"n/a","filterParams":{},"paginationParams":{}}
{"level":30,"time":1781101776823,"pid":27420,"hostname":"preethika","requestId":"5caf5706-42a7-4daa-b21b-0cd9a0ab9cac","method":"POST","url":"/api/match?random=0.22983455864202118","statusCode":429,"executionTimeMs":0.56,"cacheStatus":"n/a","filterParams":{},"paginationParams":{}}
{"level":30,"time":1781101776823,"pid":27420,"hostname":"preethika","requestId":"cb83b7be-9188-41f0-bd64-b1a28c211c1a","method":"POST","url":"/api/match?random=0.4127440524056063","statusCode":429,"executionTimeMs":0.55,"cacheStatus":"n/a","filterParams":{},"paginationParams":{}}
{"level":30,"time":1781101776824,"pid":27420,"hostname":"preethika","requestId":"d115bc88-f751-470c-9c49-65ce5f4db78d","method":"POST","url":"/api/match?random=0.5822629396805485","statusCode":429,"executionTimeMs":0.5,"cacheStatus":"n/a","filterParams":{},"paginationParams":{}}
{"level":30,"time":1781101776825,"pid":27420,"hostname":"preethika","requestId":"841be1f9-9787-4041-9c53-fea1aa74d3f3","method":"POST","url":"/api/match?random=0.8634553526307749","statusCode":429,"executionTimeMs":0.52,"cacheStatus":"n/a","filterParams":{},"paginationParams":{}}
{"level":30,"time":1781101776826,"pid":27420,"hostname":"preethika","requestId":"7490ec83-92b1-4761-91db-3209be07a415","method":"POST","url":"/api/match?random=0.2740322998343394","statusCode":429,"executionTimeMs":0.54,"cacheStatus":"n/a","filterParams":{},"paginationParams":{}}
{"level":30,"time":1781101776827,"pid":27420,"hostname":"preethika","requestId":"f22637bc-7857-4e7f-a5a8-3caa415712c5","method":"POST","url":"/api/match?random=0.6839347774625859","statusCode":429,"executionTimeMs":0.55,"cacheStatus":"n/a","filterParams":{},"paginationParams":{}}
{"level":30,"time":1781101776828,"pid":27420,"hostname":"preethika","requestId":"9ed7b64c-a5dd-4fd7-b3f6-4fe1c6c8ab93","method":"POST","url":"/api/match?random=0.02557458761715714","statusCode":429,"executionTimeMs":0.61,"cacheStatus":"n/a","filterParams":{},"paginationParams":{}}
{"level":30,"time":1781101776829,"pid":27420,"hostname":"preethika","requestId":"f178b645-0ad3-4f94-b7c2-2a833b528966","method":"POST","url":"/api/match?random=0.5455352458288218","statusCode":429,"executionTimeMs":0.6,"cacheStatus":"n/a","filterParams":{},"paginationParams":{}}
{"level":30,"time":1781101776830,"pid":27420,"hostname":"preethika","requestId":"65941aae-e205-4782-a578-6e5d0984d479","method":"POST","url":"/api/match?random=0.937039848195975","statusCode":429,"executionTimeMs":0.65,"cacheStatus":"n/a","filterParams":{},"paginationParams":{}}
{"level":30,"time":1781101776831,"pid":27420,"hostname":"preethika","requestId":"f319f2af-5eff-4551-9b1d-6586cc824ef2","method":"POST","url":"/api/match?random=0.5662263197330397","statusCode":429,"executionTimeMs":0.62,"cacheStatus":"n/a","filterParams":{},"paginationParams":{}}
{"level":30,"time":1781101776832,"pid":27420,"hostname":"preethika","requestId":"4e40ca68-80fd-4d1f-8c13-a5fc9f750a6d","method":"POST","url":"/api/match?random=0.5609520017393275","statusCode":429,"executionTimeMs":0.64,"cacheStatus":"n/a","filterParams":{},"paginationParams":{}}
{"level":30,"time":1781101776833,"pid":27420,"hostname":"preethika","requestId":"eb76e420-9b43-4b83-bdf9-7f423171906f","method":"POST","url":"/api/match?random=0.6197378871287218","statusCode":429,"executionTimeMs":0.61,"cacheStatus":"n/a","filterParams":{},"paginationParams":{}}
{"level":30,"time":1781101776834,"pid":27420,"hostname":"preethika","requestId":"19e2ce7b-94c3-4c02-982e-053a71f114c2","method":"POST","url":"/api/match?random=0.8504710890866138","statusCode":429,"executionTimeMs":0.61,"cacheStatus":"n/a","filterParams":{},"paginationParams":{}}
{"level":30,"time":1781101776836,"pid":27420,"hostname":"preethika","requestId":"013f65c6-8612-47e5-ab70-2055711893ed","method":"POST","url":"/api/match?random=0.8965830872551412","statusCode":429,"executionTimeMs":0.66,"cacheStatus":"n/a","filterParams":{},"paginationParams":{}}
{"level":30,"time":1781101776837,"pid":27420,"hostname":"preethika","requestId":"5f5b52a5-f8b4-4445-abf0-5e0f1c59ebac","method":"POST","url":"/api/match?random=0.13322042829695246","statusCode":429,"executionTimeMs":0.78,"cacheStatus":"n/a","filterParams":{},"paginationParams":{}}
{"level":30,"time":1781101776838,"pid":27420,"hostname":"preethika","requestId":"2839cc41-6a37-43c8-b38f-3b3068ddd2c4","method":"POST","url":"/api/match?random=0.6033852534864854","statusCode":429,"executionTimeMs":0.7,"cacheStatus":"n/a","filterParams":{},"paginationParams":{}}
{"level":30,"time":1781101776844,"pid":27420,"hostname":"preethika","requestId":"a1b26767-a2b4-4d43-bf0f-f42bbffc9a85","method":"POST","url":"/api/match?random=0.3863433595077572","statusCode":429,"executionTimeMs":0.92,"cacheStatus":"n/a","filterParams":{},"paginationParams":{}}
{"level":30,"time":1781101776846,"pid":27420,"hostname":"preethika","requestId":"ae62da4d-d4ce-4da3-b135-7a6a75851df9","method":"POST","url":"/api/match?random=0.9320647831255642","statusCode":429,"executionTimeMs":1.26,"cacheStatus":"n/a","filterParams":{},"paginationParams":{}}
{"level":30,"time":1781101776848,"pid":27420,"hostname":"preethika","requestId":"044ddf38-90ee-4445-a037-7b2f87242058","method":"POST","url":"/api/match?random=0.23187781345262737","statusCode":429,"executionTimeMs":0.96,"cacheStatus":"n/a","filterParams":{},"paginationParams":{}}
{"level":30,"time":1781101776850,"pid":27420,"hostname":"preethika","requestId":"5f4381e0-65f9-46cf-b9ab-fa3b3c1ac184","method":"POST","url":"/api/match?random=0.89967012495571","statusCode":429,"executionTimeMs":1.3,"cacheStatus":"n/a","filterParams":{},"paginationParams":{}}
{"level":30,"time":1781101776852,"pid":27420,"hostname":"preethika","requestId":"f23b7896-00bd-4adc-b49d-703fed14d484","method":"POST","url":"/api/match?random=0.3731430065316712","statusCode":429,"executionTimeMs":0.93,"cacheStatus":"n/a","filterParams":{},"paginationParams":{}}
{"level":30,"time":1781101776853,"pid":27420,"hostname":"preethika","requestId":"7b41d501-a7d4-4e34-9dde-442f95b2ce08","method":"POST","url":"/api/match?random=0.007815860915697748","statusCode":429,"executionTimeMs":0.75,"cacheStatus":"n/a","filterParams":{},"paginationParams":{}}
{"level":30,"time":1781101776854,"pid":27420,"hostname":"preethika","requestId":"313425a7-6ccd-4628-b140-ad7758bd9703","method":"POST","url":"/api/match?random=0.2513735038440592","statusCode":429,"executionTimeMs":0.78,"cacheStatus":"n/a","filterParams":{},"paginationParams":{}}
{"level":30,"time":1781101776856,"pid":27420,"hostname":"preethika","requestId":"c840d6e9-3133-4a70-b6a0-374ab203280b","method":"POST","url":"/api/match?random=0.1282988861970118","statusCode":429,"executionTimeMs":0.75,"cacheStatus":"n/a","filterParams":{},"paginationParams":{}}
{"level":30,"time":1781101776857,"pid":27420,"hostname":"preethika","requestId":"8be51df3-4aee-41c8-8251-0055ce51b6c5","method":"POST","url":"/api/match?random=0.9681357046404861","statusCode":429,"executionTimeMs":0.71,"cacheStatus":"n/a","filterParams":{},"paginationParams":{}}
{"level":30,"time":1781101776858,"pid":27420,"hostname":"preethika","requestId":"18cbf51f-c400-4db0-bf29-04b47a08d577","method":"POST","url":"/api/match?random=0.6854466301287718","statusCode":429,"executionTimeMs":0.66,"cacheStatus":"n/a","filterParams":{},"paginationParams":{}}
{"level":30,"time":1781101776859,"pid":27420,"hostname":"preethika","requestId":"d4370fde-25ea-4e12-ba4c-0679c244cbff","method":"POST","url":"/api/match?random=0.17312975622041438","statusCode":429,"executionTimeMs":0.96,"cacheStatus":"n/a","filterParams":{},"paginationParams":{}}
{"level":30,"time":1781101776861,"pid":27420,"hostname":"preethika","requestId":"f57a413b-3225-4698-ac5c-dfdcee3fe072","method":"POST","url":"/api/match?random=0.7393950252531003","statusCode":429,"executionTimeMs":0.76,"cacheStatus":"n/a","filterParams":{},"paginationParams":{}}
{"level":30,"time":1781101776862,"pid":27420,"hostname":"preethika","requestId":"83e37d99-e224-4744-8335-0e8f880f915a","method":"POST","url":"/api/match?random=0.4687445298562718","statusCode":429,"executionTimeMs":0.75,"cacheStatus":"n/a","filterParams":{},"paginationParams":{}}
{"level":30,"time":1781101776864,"pid":27420,"hostname":"preethika","requestId":"66f4bd8b-7899-40d3-af3e-2abd117531c1","method":"POST","url":"/api/match?random=0.2462600576347378","statusCode":429,"executionTimeMs":1.46,"cacheStatus":"n/a","filterParams":{},"paginationParams":{}}
{"level":30,"time":1781101776866,"pid":27420,"hostname":"preethika","requestId":"6bcb3ca8-1ca5-4c12-85d2-61b65089455c","method":"POST","url":"/api/match?random=0.0413246610400686","statusCode":429,"executionTimeMs":0.89,"cacheStatus":"n/a","filterParams":{},"paginationParams":{}}
{"level":30,"time":1781101776868,"pid":27420,"hostname":"preethika","requestId":"b764c7a9-a6f6-49be-9a98-e18c1429786f","method":"POST","url":"/api/match?random=0.15778035902625986","statusCode":429,"executionTimeMs":1.18,"cacheStatus":"n/a","filterParams":{},"paginationParams":{}}
{"level":30,"time":1781101776869,"pid":27420,"hostname":"preethika","requestId":"50b8f466-4745-49de-82da-e6c98d7d4adb","method":"POST","url":"/api/match?random=0.35656106515379293","statusCode":429,"executionTimeMs":0.83,"cacheStatus":"n/a","filterParams":{},"paginationParams":{}}
{"level":30,"time":1781101776871,"pid":27420,"hostname":"preethika","requestId":"98562a5a-dca4-469c-bc67-a2bb3b28589b","method":"POST","url":"/api/match?random=0.5270359280987085","statusCode":429,"executionTimeMs":0.74,"cacheStatus":"n/a","filterParams":{},"paginationParams":{}}
{"level":30,"time":1781101776872,"pid":27420,"hostname":"preethika","requestId":"d5307f4e-128f-4437-87db-f5376056a198","method":"POST","url":"/api/match?random=0.20140607572120328","statusCode":429,"executionTimeMs":0.76,"cacheStatus":"n/a","filterParams":{},"paginationParams":{}}
{"level":30,"time":1781101776874,"pid":27420,"hostname":"preethika","requestId":"4ae407c2-d542-4599-a4e4-5bc131e59132","method":"POST","url":"/api/match?random=0.2895077536259103","statusCode":429,"executionTimeMs":0.74,"cacheStatus":"n/a","filterParams":{},"paginationParams":{}}
{"level":30,"time":1781101776876,"pid":27420,"hostname":"preethika","requestId":"32685703-586b-48ed-b9e1-53a0e562d073","method":"POST","url":"/api/match?random=0.9163366670594018","statusCode":429,"executionTimeMs":1.03,"cacheStatus":"n/a","filterParams":{},"paginationParams":{}}
{"level":30,"time":1781101776877,"pid":27420,"hostname":"preethika","requestId":"0a1e138a-f5b3-487e-9abe-6e3537734cf6","method":"POST","url":"/api/match?random=0.2729740116890378","statusCode":429,"executionTimeMs":0.93,"cacheStatus":"n/a","filterParams":{},"paginationParams":{}}
{"level":30,"time":1781101776879,"pid":27420,"hostname":"preethika","requestId":"f6507dfc-cf05-428f-b3b4-580dccde5324","method":"POST","url":"/api/match?random=0.7603249046405571","statusCode":429,"executionTimeMs":0.95,"cacheStatus":"n/a","filterParams":{},"paginationParams":{}}
{"level":30,"time":1781101776880,"pid":27420,"hostname":"preethika","requestId":"fd540d5e-6ab9-48aa-9e10-71e9c669a10c","method":"POST","url":"/api/match?random=0.9741488529701989","statusCode":429,"executionTimeMs":0.86,"cacheStatus":"n/a","filterParams":{},"paginationParams":{}}
{"level":30,"time":1781101776882,"pid":27420,"hostname":"preethika","requestId":"782d75c6-508c-46a9-9247-52908888dd2b","method":"POST","url":"/api/match?random=0.6547232497281001","statusCode":429,"executionTimeMs":0.75,"cacheStatus":"n/a","filterParams":{},"paginationParams":{}}
{"level":30,"time":1781101776884,"pid":27420,"hostname":"preethika","requestId":"f0050f91-dcc5-4f83-b7ee-ec238f1e6099","method":"POST","url":"/api/match?random=0.5715419671318027","statusCode":429,"executionTimeMs":1.25,"cacheStatus":"n/a","filterParams":{},"paginationParams":{}}
{"level":30,"time":1781101776888,"pid":27420,"hostname":"preethika","requestId":"aec460b9-5d97-4940-b18c-638f9fcfc49b","method":"POST","url":"/api/match?random=0.9746261331003541","statusCode":429,"executionTimeMs":0.96,"cacheStatus":"n/a","filterParams":{},"paginationParams":{}}
{"level":30,"time":1781101776891,"pid":27420,"hostname":"preethika","requestId":"f14a3ba6-b575-4e2c-8ce4-4d7278671b73","method":"POST","url":"/api/match?random=0.237405945445488","statusCode":429,"executionTimeMs":1.05,"cacheStatus":"n/a","filterParams":{},"paginationParams":{}}
{"level":30,"time":1781101776892,"pid":27420,"hostname":"preethika","requestId":"d0ea0120-4be9-41df-8539-243b6e361c16","method":"POST","url":"/api/match?random=0.5263706310643397","statusCode":429,"executionTimeMs":0.7,"cacheStatus":"n/a","filterParams":{},"paginationParams":{}}
{"level":30,"time":1781101776894,"pid":27420,"hostname":"preethika","requestId":"cd82c3c5-b181-426c-a01a-ba83997efdfb","method":"POST","url":"/api/match?random=0.8646417194985352","statusCode":429,"executionTimeMs":0.66,"cacheStatus":"n/a","filterParams":{},"paginationParams":{}}
{"level":30,"time":1781101776895,"pid":27420,"hostname":"preethika","requestId":"44ec247a-f6bc-4127-bad0-154e351cdc79","method":"POST","url":"/api/match?random=0.9446803494543112","statusCode":429,"executionTimeMs":0.85,"cacheStatus":"n/a","filterParams":{},"paginationParams":{}}
{"level":30,"time":1781101776897,"pid":27420,"hostname":"preethika","requestId":"3361e8c1-570a-4d60-a164-a140127a242b","method":"POST","url":"/api/match?random=0.006920270495587966","statusCode":429,"executionTimeMs":0.95,"cacheStatus":"n/a","filterParams":{},"paginationParams":{}}
{"level":30,"time":1781101776899,"pid":27420,"hostname":"preethika","requestId":"896c7ac3-d9d5-4473-b9f4-c56f352d8cd6","method":"POST","url":"/api/match?random=0.26125239227737973","statusCode":429,"executionTimeMs":0.9,"cacheStatus":"n/a","filterParams":{},"paginationParams":{}}
{"level":30,"time":1781101776901,"pid":27420,"hostname":"preethika","requestId":"6273db4e-4e55-4253-bea2-35f96343e213","method":"POST","url":"/api/match?random=0.749925614263776","statusCode":429,"executionTimeMs":0.88,"cacheStatus":"n/a","filterParams":{},"paginationParams":{}}
{"level":30,"time":1781101776903,"pid":27420,"hostname":"preethika","requestId":"f2b4d5bd-d778-4a20-a49a-7835d4912184","method":"POST","url":"/api/match?random=0.47960833231540745","statusCode":429,"executionTimeMs":0.93,"cacheStatus":"n/a","filterParams":{},"paginationParams":{}}
{"level":30,"time":1781101776905,"pid":27420,"hostname":"preethika","requestId":"9edb561c-2210-426d-8de7-75ccd57b3e0c","method":"POST","url":"/api/match?random=0.6455360291019432","statusCode":429,"executionTimeMs":0.82,"cacheStatus":"n/a","filterParams":{},"paginationParams":{}}
{"level":30,"time":1781101776906,"pid":27420,"hostname":"preethika","requestId":"0932969c-1726-4f53-9b88-be1afd72e3ba","method":"POST","url":"/api/match?random=0.6794697834203118","statusCode":429,"executionTimeMs":0.72,"cacheStatus":"n/a","filterParams":{},"paginationParams":{}}
{"level":30,"time":1781101776908,"pid":27420,"hostname":"preethika","requestId":"fbac7f03-3885-4f21-8814-ad75d5430d9b","method":"POST","url":"/api/match?random=0.8137462613828539","statusCode":429,"executionTimeMs":0.65,"cacheStatus":"n/a","filterParams":{},"paginationParams":{}}
{"level":30,"time":1781101776909,"pid":27420,"hostname":"preethika","requestId":"1766b5db-9eab-4958-a4c6-68b4a7ebcabe","method":"POST","url":"/api/match?random=0.6725787414268334","statusCode":429,"executionTimeMs":0.59,"cacheStatus":"n/a","filterParams":{},"paginationParams":{}}
{"level":30,"time":1781101776910,"pid":27420,"hostname":"preethika","requestId":"58cfeb33-8e60-4a72-9ce1-505c66b8c3ac","method":"POST","url":"/api/match?random=0.9758763692895183","statusCode":429,"executionTimeMs":0.66,"cacheStatus":"n/a","filterParams":{},"paginationParams":{}}
{"level":30,"time":1781101776911,"pid":27420,"hostname":"preethika","requestId":"983a9d7e-a2a9-47ad-9faa-38dfa2e50a8b","method":"POST","url":"/api/match?random=0.7123009341275499","statusCode":429,"executionTimeMs":0.56,"cacheStatus":"n/a","filterParams":{},"paginationParams":{}}
{"level":30,"time":1781101776913,"pid":27420,"hostname":"preethika","requestId":"3fee6b95-a63e-46b6-80b4-a8beabc1ae32","method":"POST","url":"/api/match?random=0.96990245587888","statusCode":429,"executionTimeMs":1.3,"cacheStatus":"n/a","filterParams":{},"paginationParams":{}}
{"level":30,"time":1781101776914,"pid":27420,"hostname":"preethika","requestId":"b17dcfb1-0553-44c6-a5fc-7e37d8202232","method":"POST","url":"/api/match?random=0.20521802250086196","statusCode":429,"executionTimeMs":0.88,"cacheStatus":"n/a","filterParams":{},"paginationParams":{}}
{"level":30,"time":1781101776916,"pid":27420,"hostname":"preethika","requestId":"12687cd6-d769-48de-a00a-14267ef78cb7","method":"POST","url":"/api/match?random=0.24018857427627593","statusCode":429,"executionTimeMs":0.77,"cacheStatus":"n/a","filterParams":{},"paginationParams":{}}
{"level":30,"time":1781101776917,"pid":27420,"hostname":"preethika","requestId":"3f94ce8b-2a41-44dd-bbc5-52df60464570","method":"POST","url":"/api/match?random=0.4760635719070758","statusCode":429,"executionTimeMs":0.68,"cacheStatus":"n/a","filterParams":{},"paginationParams":{}}
{"level":30,"time":1781101776918,"pid":27420,"hostname":"preethika","requestId":"82af2e00-bb9b-43c8-8618-36194276708c","method":"POST","url":"/api/match?random=0.5126146501012496","statusCode":429,"executionTimeMs":0.69,"cacheStatus":"n/a","filterParams":{},"paginationParams":{}}
{"level":30,"time":1781101776919,"pid":27420,"hostname":"preethika","requestId":"6fbf15c2-7829-430c-9838-62fb34bca1e6","method":"POST","url":"/api/match?random=0.1677045946824436","statusCode":429,"executionTimeMs":0.64,"cacheStatus":"n/a","filterParams":{},"paginationParams":{}}
{"level":30,"time":1781101776921,"pid":27420,"hostname":"preethika","requestId":"68dfeef6-fdf1-48fc-98cf-e8015d10f2d5","method":"POST","url":"/api/match?random=0.8002064525958421","statusCode":429,"executionTimeMs":0.72,"cacheStatus":"n/a","filterParams":{},"paginationParams":{}}
{"level":30,"time":1781101776922,"pid":27420,"hostname":"preethika","requestId":"550d7a70-0750-4689-86d8-beca34bd7883","method":"POST","url":"/api/match?random=0.9364756345714069","statusCode":429,"executionTimeMs":0.69,"cacheStatus":"n/a","filterParams":{},"paginationParams":{}}
{"level":30,"time":1781101776923,"pid":27420,"hostname":"preethika","requestId":"f512393d-977c-4e14-9f38-8628e7856d07","method":"POST","url":"/api/match?random=0.7715464934330825","statusCode":429,"executionTimeMs":0.85,"cacheStatus":"n/a","filterParams":{},"paginationParams":{}}
{"level":30,"time":1781101776924,"pid":27420,"hostname":"preethika","requestId":"e9892c87-e4e5-4105-9f86-90500d85581b","method":"POST","url":"/api/match?random=0.8626114783518894","statusCode":429,"executionTimeMs":0.77,"cacheStatus":"n/a","filterParams":{},"paginationParams":{}}
{"level":30,"time":1781101776926,"pid":27420,"hostname":"preethika","requestId":"aecb28a7-3e12-424e-981b-681e5a7db692","method":"POST","url":"/api/match?random=0.8541175071832825","statusCode":429,"executionTimeMs":0.87,"cacheStatus":"n/a","filterParams":{},"paginationParams":{}}
{"level":30,"time":1781101776927,"pid":27420,"hostname":"preethika","requestId":"ac7e927c-0fc8-480a-8979-bf6372160fa9","method":"POST","url":"/api/match?random=0.5335964506620543","statusCode":429,"executionTimeMs":0.84,"cacheStatus":"n/a","filterParams":{},"paginationParams":{}}
{"level":30,"time":1781101776929,"pid":27420,"hostname":"preethika","requestId":"ead0cbab-31ec-4b1f-8241-ae2027ae9095","method":"POST","url":"/api/match?random=0.38227782291244905","statusCode":429,"executionTimeMs":0.86,"cacheStatus":"n/a","filterParams":{},"paginationParams":{}}
{"level":30,"time":1781101776930,"pid":27420,"hostname":"preethika","requestId":"e8543387-1983-44ed-b228-33af1a00320c","method":"POST","url":"/api/match?random=0.821116907846565","statusCode":429,"executionTimeMs":0.82,"cacheStatus":"n/a","filterParams":{},"paginationParams":{}}
{"level":30,"time":1781101776931,"pid":27420,"hostname":"preethika","requestId":"4077f380-ea15-4f05-be89-2d629b3c7bf3","method":"POST","url":"/api/match?random=0.07956207283170924","statusCode":429,"executionTimeMs":0.82,"cacheStatus":"n/a","filterParams":{},"paginationParams":{}}
{"level":30,"time":1781101776933,"pid":27420,"hostname":"preethika","requestId":"47d191fe-686a-48d5-a0fd-865bd7607738","method":"POST","url":"/api/match?random=0.9880028917088322","statusCode":429,"executionTimeMs":0.73,"cacheStatus":"n/a","filterParams":{},"paginationParams":{}}
{"level":30,"time":1781101776934,"pid":27420,"hostname":"preethika","requestId":"198be660-17a1-4dc1-80c6-bc68dcd721e8","method":"POST","url":"/api/match?random=0.3614905836787474","statusCode":429,"executionTimeMs":0.71,"cacheStatus":"n/a","filterParams":{},"paginationParams":{}}
{"level":30,"time":1781101776935,"pid":27420,"hostname":"preethika","requestId":"10a93cdb-0a81-4b2c-bd8b-ac07a31ef029","method":"POST","url":"/api/match?random=0.5076178762372381","statusCode":429,"executionTimeMs":0.69,"cacheStatus":"n/a","filterParams":{},"paginationParams":{}}
{"level":30,"time":1781101776936,"pid":27420,"hostname":"preethika","requestId":"a7e16dca-fac1-4dfe-bdf5-a6eef18994f6","method":"POST","url":"/api/match?random=0.20691796061212564","statusCode":429,"executionTimeMs":0.7,"cacheStatus":"n/a","filterParams":{},"paginationParams":{}}
{"level":30,"time":1781101776937,"pid":27420,"hostname":"preethika","requestId":"8cd1d0ea-88b6-4134-a5db-6aeac1712f34","method":"POST","url":"/api/match?random=0.031410898128992226","statusCode":429,"executionTimeMs":0.65,"cacheStatus":"n/a","filterParams":{},"paginationParams":{}}
{"level":30,"time":1781101776939,"pid":27420,"hostname":"preethika","requestId":"a0be6ac3-2816-4451-8413-6c45de7362ee","method":"POST","url":"/api/match?random=0.08149719610897477","statusCode":429,"executionTimeMs":0.69,"cacheStatus":"n/a","filterParams":{},"paginationParams":{}}
{"level":30,"time":1781101776940,"pid":27420,"hostname":"preethika","requestId":"1ea3039e-1ecd-4f07-9bf6-8744a52137ff","method":"POST","url":"/api/match?random=0.3086161090127839","statusCode":429,"executionTimeMs":0.66,"cacheStatus":"n/a","filterParams":{},"paginationParams":{}}
{"level":30,"time":1781101776941,"pid":27420,"hostname":"preethika","requestId":"eb761b17-cafc-43fb-ae59-1e08dbd6a290","method":"POST","url":"/api/match?random=0.9456330581946337","statusCode":429,"executionTimeMs":0.66,"cacheStatus":"n/a","filterParams":{},"paginationParams":{}}
{"level":30,"time":1781101776942,"pid":27420,"hostname":"preethika","requestId":"8cf1f9d6-f9a0-45f5-b12b-6936ec160f5c","method":"POST","url":"/api/match?random=0.3324778094361076","statusCode":429,"executionTimeMs":0.67,"cacheStatus":"n/a","filterParams":{},"paginationParams":{}}
{"level":30,"time":1781101776943,"pid":27420,"hostname":"preethika","requestId":"65f3db8d-518a-4afe-a736-afc30bd637b4","method":"POST","url":"/api/match?random=0.49693751470187264","statusCode":429,"executionTimeMs":0.65,"cacheStatus":"n/a","filterParams":{},"paginationParams":{}}
{"level":30,"time":1781101776944,"pid":27420,"hostname":"preethika","requestId":"16883c84-44ce-4801-83fb-81cb0fe5e5aa","method":"POST","url":"/api/match?random=0.5997009117879162","statusCode":429,"executionTimeMs":0.7,"cacheStatus":"n/a","filterParams":{},"paginationParams":{}}
{"level":30,"time":1781101776945,"pid":27420,"hostname":"preethika","requestId":"403ccbf8-fd18-460b-81a5-eb9f9778adda","method":"POST","url":"/api/match?random=0.8276909410467843","statusCode":429,"executionTimeMs":0.69,"cacheStatus":"n/a","filterParams":{},"paginationParams":{}}
{"level":30,"time":1781101776947,"pid":27420,"hostname":"preethika","requestId":"b5484ffa-2bc1-450e-9642-27f1c10b7cac","method":"POST","url":"/api/match?random=0.6222747129574389","statusCode":429,"executionTimeMs":0.75,"cacheStatus":"n/a","filterParams":{},"paginationParams":{}}
{"level":30,"time":1781101776948,"pid":27420,"hostname":"preethika","requestId":"c912e25c-d301-426f-b745-004ce00d53c3","method":"POST","url":"/api/match?random=0.5177706150770882","statusCode":429,"executionTimeMs":0.79,"cacheStatus":"n/a","filterParams":{},"paginationParams":{}}
{"level":30,"time":1781101776949,"pid":27420,"hostname":"preethika","requestId":"d6774853-f3d1-4926-9277-c8ad90310f6a","method":"POST","url":"/api/match?random=0.07705979272899754","statusCode":429,"executionTimeMs":0.72,"cacheStatus":"n/a","filterParams":{},"paginationParams":{}}
{"level":30,"time":1781101776950,"pid":27420,"hostname":"preethika","requestId":"7e123f53-535a-49d3-b195-faf8e3a7579b","method":"POST","url":"/api/match?random=0.34133336565763495","statusCode":429,"executionTimeMs":0.72,"cacheStatus":"n/a","filterParams":{},"paginationParams":{}}
{"level":30,"time":1781101776952,"pid":27420,"hostname":"preethika","requestId":"425aaf3d-fab8-4817-b9ef-1637581887ff","method":"POST","url":"/api/match?random=0.4459357289231143","statusCode":429,"executionTimeMs":0.73,"cacheStatus":"n/a","filterParams":{},"paginationParams":{}}
{"level":30,"time":1781101776953,"pid":27420,"hostname":"preethika","requestId":"2615b00e-3bd7-4e85-8492-d922ce5a487b","method":"POST","url":"/api/match?random=0.6911654280364947","statusCode":429,"executionTimeMs":1.02,"cacheStatus":"n/a","filterParams":{},"paginationParams":{}}
{"level":30,"time":1781101776955,"pid":27420,"hostname":"preethika","requestId":"87a118d3-10c9-4431-b1eb-40ceb44ce413","method":"POST","url":"/api/match?random=0.8037580380271896","statusCode":429,"executionTimeMs":1.17,"cacheStatus":"n/a","filterParams":{},"paginationParams":{}}
{"level":30,"time":1781101776957,"pid":27420,"hostname":"preethika","requestId":"e25c99c2-ce30-4e2d-9054-1aadd658de51","method":"POST","url":"/api/match?random=0.8493438571302698","statusCode":429,"executionTimeMs":1.25,"cacheStatus":"n/a","filterParams":{},"paginationParams":{}}
{"level":30,"time":1781101776959,"pid":27420,"hostname":"preethika","requestId":"875dd1a4-1e52-4a5d-b84a-4227b9a78626","method":"POST","url":"/api/match?random=0.9705760353876185","statusCode":429,"executionTimeMs":1.14,"cacheStatus":"n/a","filterParams":{},"paginationParams":{}}
{"level":30,"time":1781101776961,"pid":27420,"hostname":"preethika","requestId":"d7cf893d-6b08-4a8c-bcb3-22bd10f827f8","method":"POST","url":"/api/match?random=0.7011187474417553","statusCode":429,"executionTimeMs":1.19,"cacheStatus":"n/a","filterParams":{},"paginationParams":{}}
{"level":30,"time":1781101776963,"pid":27420,"hostname":"preethika","requestId":"12459ccc-0d33-4618-bc4f-742fbe3f3f85","method":"POST","url":"/api/match?random=0.8014074030645806","statusCode":429,"executionTimeMs":1.27,"cacheStatus":"n/a","filterParams":{},"paginationParams":{}}
{"level":30,"time":1781101776965,"pid":27420,"hostname":"preethika","requestId":"9d39ee9b-0822-4167-81f4-670b29e8331b","method":"POST","url":"/api/match?random=0.33099737367130877","statusCode":429,"executionTimeMs":1.19,"cacheStatus":"n/a","filterParams":{},"paginationParams":{}}
{"level":30,"time":1781101776967,"pid":27420,"hostname":"preethika","requestId":"25d357dc-9df0-4d04-8616-b1e28c293ba9","method":"POST","url":"/api/match?random=0.1811289599740371","statusCode":429,"executionTimeMs":0.84,"cacheStatus":"n/a","filterParams":{},"paginationParams":{}}
{"level":30,"time":1781101776969,"pid":27420,"hostname":"preethika","requestId":"c9f6f030-f301-4124-8874-2250a1245a61","method":"POST","url":"/api/match?random=0.18996288942699402","statusCode":429,"executionTimeMs":0.94,"cacheStatus":"n/a","filterParams":{},"paginationParams":{}}
{"level":30,"time":1781101776970,"pid":27420,"hostname":"preethika","requestId":"95bb689b-7ce1-4a76-b1d1-22713721eb96","method":"POST","url":"/api/match?random=0.7973987568691543","statusCode":429,"executionTimeMs":0.81,"cacheStatus":"n/a","filterParams":{},"paginationParams":{}}
{"level":30,"time":1781101776972,"pid":27420,"hostname":"preethika","requestId":"fa7c4c6f-9641-4099-aa08-d6f9d1c67d22","method":"POST","url":"/api/match?random=0.8903161492885432","statusCode":429,"executionTimeMs":0.85,"cacheStatus":"n/a","filterParams":{},"paginationParams":{}}
{"level":30,"time":1781101776973,"pid":27420,"hostname":"preethika","requestId":"8ad9d48b-6a2d-4ef9-8aa6-b8e7190b5981","method":"POST","url":"/api/match?random=0.9296380341517698","statusCode":429,"executionTimeMs":0.71,"cacheStatus":"n/a","filterParams":{},"paginationParams":{}}
{"level":30,"time":1781101776974,"pid":27420,"hostname":"preethika","requestId":"cb7b6d42-8991-4668-912a-e638771bfc03","method":"POST","url":"/api/match?random=0.19613350212168412","statusCode":429,"executionTimeMs":0.7,"cacheStatus":"n/a","filterParams":{},"paginationParams":{}}
{"level":30,"time":1781101776976,"pid":27420,"hostname":"preethika","requestId":"94dd3046-9c0f-4983-b31f-f07dda06313e","method":"POST","url":"/api/match?random=0.8880829646668036","statusCode":429,"executionTimeMs":0.94,"cacheStatus":"n/a","filterParams":{},"paginationParams":{}}
{"level":30,"time":1781101776977,"pid":27420,"hostname":"preethika","requestId":"c0e4a5fd-0a41-4160-962f-9013dc88ff78","method":"POST","url":"/api/match?random=0.3345553995902897","statusCode":429,"executionTimeMs":0.7,"cacheStatus":"n/a","filterParams":{},"paginationParams":{}}
{"level":30,"time":1781101776978,"pid":27420,"hostname":"preethika","requestId":"d6e1e067-b0da-4ee0-a710-41aa1862cc01","method":"POST","url":"/api/match?random=0.24630091049570368","statusCode":429,"executionTimeMs":0.65,"cacheStatus":"n/a","filterParams":{},"paginationParams":{}}
{"level":30,"time":1781101776980,"pid":27420,"hostname":"preethika","requestId":"4afa1824-1a19-4bb0-a7dc-53774511b55f","method":"POST","url":"/api/match?random=0.11900664281392581","statusCode":429,"executionTimeMs":0.98,"cacheStatus":"n/a","filterParams":{},"paginationParams":{}}
{"level":30,"time":1781101776982,"pid":27420,"hostname":"preethika","requestId":"0fe1453c-8d78-4755-b53e-f0c5f5136fbf","method":"POST","url":"/api/match?random=0.9853588321622457","statusCode":429,"executionTimeMs":0.87,"cacheStatus":"n/a","filterParams":{},"paginationParams":{}}
{"level":30,"time":1781101776983,"pid":27420,"hostname":"preethika","requestId":"7423e683-baad-4ecb-afca-5640ea8e0d84","method":"POST","url":"/api/match?random=0.3647025533554882","statusCode":429,"executionTimeMs":0.97,"cacheStatus":"n/a","filterParams":{},"paginationParams":{}}
{"level":30,"time":1781101776985,"pid":27420,"hostname":"preethika","requestId":"18717347-4271-4df7-a701-b6773957cf0e","method":"POST","url":"/api/match?random=0.2017042864319587","statusCode":429,"executionTimeMs":0.86,"cacheStatus":"n/a","filterParams":{},"paginationParams":{}}
{"level":30,"time":1781101776993,"pid":27420,"hostname":"preethika","requestId":"8b8cd24a-eb49-4481-8f19-60ca77bff52f","method":"POST","url":"/api/match?random=0.6145230965917545","statusCode":429,"executionTimeMs":7.58,"cacheStatus":"n/a","filterParams":{},"paginationParams":{}}
{"level":30,"time":1781101776995,"pid":27420,"hostname":"preethika","requestId":"4d8950a7-846b-4367-bdec-49af866d3cf0","method":"POST","url":"/api/match?random=0.7741481462524449","statusCode":429,"executionTimeMs":0.98,"cacheStatus":"n/a","filterParams":{},"paginationParams":{}}
{"level":30,"time":1781101776997,"pid":27420,"hostname":"preethika","requestId":"5f5a817c-a36d-4473-9934-e643c6a83d8b","method":"POST","url":"/api/match?random=0.8067868544608805","statusCode":429,"executionTimeMs":1.14,"cacheStatus":"n/a","filterParams":{},"paginationParams":{}}
{"level":30,"time":1781101776999,"pid":27420,"hostname":"preethika","requestId":"e9951a92-a2ec-4671-9d43-b80f6bff7d43","method":"POST","url":"/api/match?random=0.4483557184240554","statusCode":429,"executionTimeMs":1.35,"cacheStatus":"n/a","filterParams":{},"paginationParams":{}}
{"level":30,"time":1781101777001,"pid":27420,"hostname":"preethika","requestId":"fcdd4981-453c-42a3-b91c-dab41724e4b2","method":"POST","url":"/api/match?random=0.5786408668972256","statusCode":429,"executionTimeMs":1.32,"cacheStatus":"n/a","filterParams":{},"paginationParams":{}}
{"level":30,"time":1781101777003,"pid":27420,"hostname":"preethika","requestId":"e739dafd-9fba-41ad-a7c1-151fc8111bf6","method":"POST","url":"/api/match?random=0.7206226129411433","statusCode":429,"executionTimeMs":1.04,"cacheStatus":"n/a","filterParams":{},"paginationParams":{}}
{"level":30,"time":1781101777005,"pid":27420,"hostname":"preethika","requestId":"6f24b813-a319-4d92-bba6-fa00f4e34876","method":"POST","url":"/api/match?random=0.4741534271054382","statusCode":429,"executionTimeMs":1.19,"cacheStatus":"n/a","filterParams":{},"paginationParams":{}}
{"level":30,"time":1781101777007,"pid":27420,"hostname":"preethika","requestId":"d07d430c-3f6f-4c8e-8a6e-49f763b6e830","method":"POST","url":"/api/match?random=0.05141399580346495","statusCode":429,"executionTimeMs":0.96,"cacheStatus":"n/a","filterParams":{},"paginationParams":{}}
{"level":30,"time":1781101777009,"pid":27420,"hostname":"preethika","requestId":"49199077-f518-4409-8233-c5a00452f1ea","method":"POST","url":"/api/match?random=0.4732857614958148","statusCode":429,"executionTimeMs":1.04,"cacheStatus":"n/a","filterParams":{},"paginationParams":{}}
{"level":30,"time":1781101777010,"pid":27420,"hostname":"preethika","requestId":"870664eb-94c5-47d0-af90-cb3bbc89f81e","method":"POST","url":"/api/match?random=0.33098324231985043","statusCode":429,"executionTimeMs":1.07,"cacheStatus":"n/a","filterParams":{},"paginationParams":{}}
{"level":30,"time":1781101777012,"pid":27420,"hostname":"preethika","requestId":"b2732c2b-bc14-4bb2-b4ef-6200123052a6","method":"POST","url":"/api/match?random=0.8709698116647804","statusCode":429,"executionTimeMs":1.03,"cacheStatus":"n/a","filterParams":{},"paginationParams":{}}
{"level":30,"time":1781101777014,"pid":27420,"hostname":"preethika","requestId":"d4c648c5-c2fc-490d-a3fa-f2d4e71f2d95","method":"POST","url":"/api/match?random=0.06288770378675279","statusCode":429,"executionTimeMs":0.91,"cacheStatus":"n/a","filterParams":{},"paginationParams":{}}
{"level":30,"time":1781101777015,"pid":27420,"hostname":"preethika","requestId":"283cd8d0-f24b-41fe-a86c-49eb89ef0651","method":"POST","url":"/api/match?random=0.21371473587517476","statusCode":429,"executionTimeMs":1.08,"cacheStatus":"n/a","filterParams":{},"paginationParams":{}}
{"level":30,"time":1781101777018,"pid":27420,"hostname":"preethika","requestId":"2ae16e57-54e0-40a2-845b-af1cf9ec903b","method":"POST","url":"/api/match?random=0.8861144661342537","statusCode":429,"executionTimeMs":1.31,"cacheStatus":"n/a","filterParams":{},"paginationParams":{}}
{"level":30,"time":1781101777019,"pid":27420,"hostname":"preethika","requestId":"b04fa4b0-9229-4f96-958e-32b2346d97e7","method":"POST","url":"/api/match?random=0.5944921526543305","statusCode":429,"executionTimeMs":0.85,"cacheStatus":"n/a","filterParams":{},"paginationParams":{}}
{"level":30,"time":1781101777021,"pid":27420,"hostname":"preethika","requestId":"03749184-f7a0-41f8-97da-ea08727596e7","method":"POST","url":"/api/match?random=0.5225147335333615","statusCode":429,"executionTimeMs":0.75,"cacheStatus":"n/a","filterParams":{},"paginationParams":{}}
{"level":30,"time":1781101777022,"pid":27420,"hostname":"preethika","requestId":"3e512084-1fc5-469c-a68d-f953cb4718dd","method":"POST","url":"/api/match?random=0.36534311160140875","statusCode":429,"executionTimeMs":0.67,"cacheStatus":"n/a","filterParams":{},"paginationParams":{}}
{"level":30,"time":1781101777023,"pid":27420,"hostname":"preethika","requestId":"911dbd1b-c7af-4c54-b79d-b7df105c478e","method":"POST","url":"/api/match?random=0.22526276509014798","statusCode":429,"executionTimeMs":0.66,"cacheStatus":"n/a","filterParams":{},"paginationParams":{}}
{"level":30,"time":1781101777024,"pid":27420,"hostname":"preethika","requestId":"494cbafd-0854-451f-ac22-7312512c9607","method":"POST","url":"/api/match?random=0.4962774395982905","statusCode":429,"executionTimeMs":0.6,"cacheStatus":"n/a","filterParams":{},"paginationParams":{}}
{"level":30,"time":1781101777026,"pid":27420,"hostname":"preethika","requestId":"a82adc89-8867-460d-b29e-3b6602eb438a","method":"POST","url":"/api/match?random=0.5242662977383454","statusCode":429,"executionTimeMs":0.94,"cacheStatus":"n/a","filterParams":{},"paginationParams":{}}
{"level":30,"time":1781101777027,"pid":27420,"hostname":"preethika","requestId":"8bdbadbf-e5e8-443b-8f9b-3340dffc1f84","method":"POST","url":"/api/match?random=0.16311202473044562","statusCode":429,"executionTimeMs":0.75,"cacheStatus":"n/a","filterParams":{},"paginationParams":{}}
{"level":30,"time":1781101777028,"pid":27420,"hostname":"preethika","requestId":"02061bce-7238-4fd7-9730-539ed75c81d7","method":"POST","url":"/api/match?random=0.9786275919519387","statusCode":429,"executionTimeMs":0.69,"cacheStatus":"n/a","filterParams":{},"paginationParams":{}}
{"level":30,"time":1781101777030,"pid":27420,"hostname":"preethika","requestId":"ed3ced1c-2310-43da-a3d7-47f58bb36c45","method":"POST","url":"/api/match?random=0.7050566363367994","statusCode":429,"executionTimeMs":0.9,"cacheStatus":"n/a","filterParams":{},"paginationParams":{}}
{"level":30,"time":1781101777031,"pid":27420,"hostname":"preethika","requestId":"2ef8852b-b3f5-4db3-a1fb-f6b738528e53","method":"POST","url":"/api/match?random=0.9431092631772695","statusCode":429,"executionTimeMs":0.81,"cacheStatus":"n/a","filterParams":{},"paginationParams":{}}
{"level":30,"time":1781101777033,"pid":27420,"hostname":"preethika","requestId":"67ac14e0-3809-4b26-ba91-15eedbb5ec35","method":"POST","url":"/api/match?random=0.574864791328265","statusCode":429,"executionTimeMs":0.75,"cacheStatus":"n/a","filterParams":{},"paginationParams":{}}
{"level":30,"time":1781101777034,"pid":27420,"hostname":"preethika","requestId":"8a2ade2d-d7df-4089-b30d-647ec327812a","method":"POST","url":"/api/match?random=0.7493870000546894","statusCode":429,"executionTimeMs":0.71,"cacheStatus":"n/a","filterParams":{},"paginationParams":{}}
{"level":30,"time":1781101777035,"pid":27420,"hostname":"preethika","requestId":"1c2426b6-29b7-493e-9eec-8cee4bfd6533","method":"POST","url":"/api/match?random=0.5751869456880869","statusCode":429,"executionTimeMs":0.73,"cacheStatus":"n/a","filterParams":{},"paginationParams":{}}
{"level":30,"time":1781101777036,"pid":27420,"hostname":"preethika","requestId":"d3d0f951-61b7-4816-9ed2-faef57dd98b3","method":"POST","url":"/api/match?random=0.9671108768123677","statusCode":429,"executionTimeMs":0.84,"cacheStatus":"n/a","filterParams":{},"paginationParams":{}}
{"level":30,"time":1781101777038,"pid":27420,"hostname":"preethika","requestId":"9750e867-bba3-41f2-87f6-d5ffda79b2ef","method":"POST","url":"/api/match?random=0.5622832774235831","statusCode":429,"executionTimeMs":1.15,"cacheStatus":"n/a","filterParams":{},"paginationParams":{}}
{"level":30,"time":1781101777041,"pid":27420,"hostname":"preethika","requestId":"0ccba378-f449-4ea9-824c-449ab8e02732","method":"POST","url":"/api/match?random=0.35312376644298404","statusCode":429,"executionTimeMs":1.34,"cacheStatus":"n/a","filterParams":{},"paginationParams":{}}
{"level":30,"time":1781101777043,"pid":27420,"hostname":"preethika","requestId":"a02970e2-2692-4742-a23f-ec455562cdca","method":"POST","url":"/api/match?random=0.057526551771938106","statusCode":429,"executionTimeMs":1.04,"cacheStatus":"n/a","filterParams":{},"paginationParams":{}}
{"level":30,"time":1781101777044,"pid":27420,"hostname":"preethika","requestId":"f66f4123-d5cd-476e-addb-9d93b005adea","method":"POST","url":"/api/match?random=0.8265123824204503","statusCode":429,"executionTimeMs":0.67,"cacheStatus":"n/a","filterParams":{},"paginationParams":{}}
{"level":30,"time":1781101777045,"pid":27420,"hostname":"preethika","requestId":"1e1aafe9-39f2-4792-85e9-860fc94c9f5b","method":"POST","url":"/api/match?random=0.7793845222955773","statusCode":429,"executionTimeMs":0.99,"cacheStatus":"n/a","filterParams":{},"paginationParams":{}}
{"level":30,"time":1781101777047,"pid":27420,"hostname":"preethika","requestId":"ef4570e4-5359-4efa-a8fc-67549fcb920c","method":"POST","url":"/api/match?random=0.19567168358359566","statusCode":429,"executionTimeMs":1.11,"cacheStatus":"n/a","filterParams":{},"paginationParams":{}}
{"level":30,"time":1781101777049,"pid":27420,"hostname":"preethika","requestId":"b9f411e6-103a-4f16-a867-a00d122d0737","method":"POST","url":"/api/match?random=0.945179510474234","statusCode":429,"executionTimeMs":0.95,"cacheStatus":"n/a","filterParams":{},"paginationParams":{}}
{"level":30,"time":1781101777051,"pid":27420,"hostname":"preethika","requestId":"018accbf-1f00-4903-8788-4d4acea0ff5a","method":"POST","url":"/api/match?random=0.18411479983562984","statusCode":429,"executionTimeMs":0.96,"cacheStatus":"n/a","filterParams":{},"paginationParams":{}}
{"level":30,"time":1781101777052,"pid":27420,"hostname":"preethika","requestId":"d641db5f-a4ff-4c7c-9011-fc79f6758a54","method":"POST","url":"/api/match?random=0.8969750117826258","statusCode":429,"executionTimeMs":0.91,"cacheStatus":"n/a","filterParams":{},"paginationParams":{}}
{"level":30,"time":1781101777054,"pid":27420,"hostname":"preethika","requestId":"205d1a07-7be9-4b1b-9002-ed849e914f5a","method":"POST","url":"/api/match?random=0.7799851483821274","statusCode":429,"executionTimeMs":0.84,"cacheStatus":"n/a","filterParams":{},"paginationParams":{}}
{"level":30,"time":1781101777055,"pid":27420,"hostname":"preethika","requestId":"f6beff34-d38a-47c2-a080-24e860380528","method":"POST","url":"/api/match?random=0.9725968729482675","statusCode":429,"executionTimeMs":0.73,"cacheStatus":"n/a","filterParams":{},"paginationParams":{}}
{"level":30,"time":1781101777056,"pid":27420,"hostname":"preethika","requestId":"96081af8-5825-4f07-b606-409a34848232","method":"POST","url":"/api/match?random=0.09948302892423522","statusCode":429,"executionTimeMs":0.78,"cacheStatus":"n/a","filterParams":{},"paginationParams":{}}
{"level":30,"time":1781101777058,"pid":27420,"hostname":"preethika","requestId":"147d8355-0aa6-437a-bb05-a40a5d193240","method":"POST","url":"/api/match?random=0.9206558892153207","statusCode":429,"executionTimeMs":0.66,"cacheStatus":"n/a","filterParams":{},"paginationParams":{}}
{"level":30,"time":1781101777059,"pid":27420,"hostname":"preethika","requestId":"cf2034aa-47dd-4b8c-b4a7-e44884088130","method":"POST","url":"/api/match?random=0.36024169404477613","statusCode":429,"executionTimeMs":0.68,"cacheStatus":"n/a","filterParams":{},"paginationParams":{}}
{"level":30,"time":1781101777061,"pid":27420,"hostname":"preethika","requestId":"15530564-637f-4633-b24e-e307e03f732e","method":"POST","url":"/api/match?random=0.2679371067783789","statusCode":429,"executionTimeMs":1.26,"cacheStatus":"n/a","filterParams":{},"paginationParams":{}}
{"level":30,"time":1781101777063,"pid":27420,"hostname":"preethika","requestId":"3f93d896-49ad-4643-9280-da1a44f79f1e","method":"POST","url":"/api/match?random=0.41223036056640394","statusCode":429,"executionTimeMs":1.17,"cacheStatus":"n/a","filterParams":{},"paginationParams":{}}
{"level":30,"time":1781101777064,"pid":27420,"hostname":"preethika","requestId":"43d452b1-af3a-41ea-a30f-b57c7090d0e1","method":"POST","url":"/api/match?random=0.38919942361752446","statusCode":429,"executionTimeMs":0.93,"cacheStatus":"n/a","filterParams":{},"paginationParams":{}}
{"level":30,"time":1781101777066,"pid":27420,"hostname":"preethika","requestId":"6a0eb1a5-81cd-4a1a-b466-f0909bc6417b","method":"POST","url":"/api/match?random=0.9494972817400251","statusCode":429,"executionTimeMs":0.86,"cacheStatus":"n/a","filterParams":{},"paginationParams":{}}
{"level":30,"time":1781101777067,"pid":27420,"hostname":"preethika","requestId":"67f5f36c-7f71-491f-a04c-fc0cd723a81b","method":"POST","url":"/api/match?random=0.6482176270757136","statusCode":429,"executionTimeMs":0.68,"cacheStatus":"n/a","filterParams":{},"paginationParams":{}}
{"level":30,"time":1781101777068,"pid":27420,"hostname":"preethika","requestId":"864a4b37-54a1-4a13-ac08-ab340728657b","method":"POST","url":"/api/match?random=0.8966288851008044","statusCode":429,"executionTimeMs":0.65,"cacheStatus":"n/a","filterParams":{},"paginationParams":{}}
{"level":30,"time":1781101777070,"pid":27420,"hostname":"preethika","requestId":"b631452d-1003-4258-8340-38af98e54655","method":"POST","url":"/api/match?random=0.9938926549149474","statusCode":429,"executionTimeMs":0.66,"cacheStatus":"n/a","filterParams":{},"paginationParams":{}}
{"level":30,"time":1781101777071,"pid":27420,"hostname":"preethika","requestId":"6376713f-6fc0-4892-93bf-1f1f8e36a3ae","method":"POST","url":"/api/match?random=0.38063528722208884","statusCode":429,"executionTimeMs":0.61,"cacheStatus":"n/a","filterParams":{},"paginationParams":{}}
{"level":30,"time":1781101777072,"pid":27420,"hostname":"preethika","requestId":"78a92fc0-1631-4396-9fff-713a653ab71c","method":"POST","url":"/api/match?random=0.07118365068441523","statusCode":429,"executionTimeMs":0.57,"cacheStatus":"n/a","filterParams":{},"paginationParams":{}}
{"level":30,"time":1781101777073,"pid":27420,"hostname":"preethika","requestId":"efbaa5e3-e5ec-4cda-aeba-c1fd3c6b512b","method":"POST","url":"/api/match?random=0.28385531899408867","statusCode":429,"executionTimeMs":0.74,"cacheStatus":"n/a","filterParams":{},"paginationParams":{}}
{"level":30,"time":1781101777074,"pid":27420,"hostname":"preethika","requestId":"10dc211e-4846-4dc4-aba1-e57a15f4fc04","method":"POST","url":"/api/match?random=0.13056544785195556","statusCode":429,"executionTimeMs":0.68,"cacheStatus":"n/a","filterParams":{},"paginationParams":{}}
{"level":30,"time":1781101777075,"pid":27420,"hostname":"preethika","requestId":"6f459099-c19f-4b0a-897f-93cdf269b700","method":"POST","url":"/api/match?random=0.007215109672386033","statusCode":429,"executionTimeMs":0.57,"cacheStatus":"n/a","filterParams":{},"paginationParams":{}}
{"level":30,"time":1781101777077,"pid":27420,"hostname":"preethika","requestId":"3bd652b1-f26f-4086-a809-e525eec3faae","method":"POST","url":"/api/match?random=0.9326106671201997","statusCode":429,"executionTimeMs":1.02,"cacheStatus":"n/a","filterParams":{},"paginationParams":{}}
{"level":30,"time":1781101777079,"pid":27420,"hostname":"preethika","requestId":"73235363-253d-4a53-97c7-ead6b0d07ede","method":"POST","url":"/api/match?random=0.4441221696012816","statusCode":429,"executionTimeMs":1.14,"cacheStatus":"n/a","filterParams":{},"paginationParams":{}}
{"level":30,"time":1781101777080,"pid":27420,"hostname":"preethika","requestId":"99bf5d49-68b7-4c8a-aeec-760e7d780a8f","method":"POST","url":"/api/match?random=0.19653292929739763","statusCode":429,"executionTimeMs":1.1,"cacheStatus":"n/a","filterParams":{},"paginationParams":{}}
{"level":30,"time":1781101777083,"pid":27420,"hostname":"preethika","requestId":"ce11d3cf-65fc-4067-a334-1319df8b5c1e","method":"POST","url":"/api/match?random=0.4450584049497368","statusCode":429,"executionTimeMs":1.52,"cacheStatus":"n/a","filterParams":{},"paginationParams":{}}
{"level":30,"time":1781101777085,"pid":27420,"hostname":"preethika","requestId":"ec5eec68-f186-4ac5-b4e6-89aaabdf00a9","method":"POST","url":"/api/match?random=0.17787064935346097","statusCode":429,"executionTimeMs":0.85,"cacheStatus":"n/a","filterParams":{},"paginationParams":{}}
{"level":30,"time":1781101777086,"pid":27420,"hostname":"preethika","requestId":"e4330f53-dc47-4d86-9cc8-b74817c71982","method":"POST","url":"/api/match?random=0.84543958472285","statusCode":429,"executionTimeMs":0.89,"cacheStatus":"n/a","filterParams":{},"paginationParams":{}}
{"level":30,"time":1781101777088,"pid":27420,"hostname":"preethika","requestId":"35c584ee-45c3-40b6-a15d-aa8f6856a914","method":"POST","url":"/api/match?random=0.875201496010845","statusCode":429,"executionTimeMs":1.22,"cacheStatus":"n/a","filterParams":{},"paginationParams":{}}
{"level":30,"time":1781101777092,"pid":27420,"hostname":"preethika","requestId":"bb670b3d-110e-4935-af99-4291655e97d6","method":"POST","url":"/api/match?random=0.2755107535906114","statusCode":429,"executionTimeMs":1.35,"cacheStatus":"n/a","filterParams":{},"paginationParams":{}}
{"level":30,"time":1781101777094,"pid":27420,"hostname":"preethika","requestId":"779ca520-be4c-4936-94ed-8c561802d8d1","method":"POST","url":"/api/match?random=0.41278236547081004","statusCode":429,"executionTimeMs":1.32,"cacheStatus":"n/a","filterParams":{},"paginationParams":{}}
{"level":30,"time":1781101777096,"pid":27420,"hostname":"preethika","requestId":"7695fbc2-ed32-48ae-8d9c-280ed8d96bad","method":"POST","url":"/api/match?random=0.6292671323096977","statusCode":429,"executionTimeMs":1.76,"cacheStatus":"n/a","filterParams":{},"paginationParams":{}}
{"level":30,"time":1781101777099,"pid":27420,"hostname":"preethika","requestId":"5cb07028-1870-47bb-a85e-e07cc5c36107","method":"POST","url":"/api/match?random=0.38317392907706727","statusCode":429,"executionTimeMs":1.35,"cacheStatus":"n/a","filterParams":{},"paginationParams":{}}
{"level":30,"time":1781101777101,"pid":27420,"hostname":"preethika","requestId":"6beea1c9-273e-4b07-bd4f-80d3603b65f5","method":"POST","url":"/api/match?random=0.9100461380900715","statusCode":429,"executionTimeMs":1.75,"cacheStatus":"n/a","filterParams":{},"paginationParams":{}}
{"level":30,"time":1781101777103,"pid":27420,"hostname":"preethika","requestId":"06940899-20d1-4f2c-b204-2b8b3200e421","method":"POST","url":"/api/match?random=0.706180399694611","statusCode":429,"executionTimeMs":1.11,"cacheStatus":"n/a","filterParams":{},"paginationParams":{}}
{"level":30,"time":1781101777105,"pid":27420,"hostname":"preethika","requestId":"3978fbfc-66fe-4c73-80db-b17f86264a84","method":"POST","url":"/api/match?random=0.9805541043791823","statusCode":429,"executionTimeMs":1.28,"cacheStatus":"n/a","filterParams":{},"paginationParams":{}}
{"level":30,"time":1781101777107,"pid":27420,"hostname":"preethika","requestId":"4b0ab208-456e-42df-bf8d-259dd0ec80ad","method":"POST","url":"/api/match?random=0.3294700190143187","statusCode":429,"executionTimeMs":1.28,"cacheStatus":"n/a","filterParams":{},"paginationParams":{}}
{"level":30,"time":1781101777109,"pid":27420,"hostname":"preethika","requestId":"0261b949-322a-4657-a7e6-f0866fe2863a","method":"POST","url":"/api/match?random=0.15961033829142446","statusCode":429,"executionTimeMs":1.19,"cacheStatus":"n/a","filterParams":{},"paginationParams":{}}
{"level":30,"time":1781101777113,"pid":27420,"hostname":"preethika","requestId":"35d1ed64-a8ff-43ea-a62c-808e543794d3","method":"POST","url":"/api/match?random=0.38852853253740083","statusCode":429,"executionTimeMs":2.4,"cacheStatus":"n/a","filterParams":{},"paginationParams":{}}
{"level":30,"time":1781101777115,"pid":27420,"hostname":"preethika","requestId":"dae86f9d-eab5-4b83-b407-6e3887203bb7","method":"POST","url":"/api/match?random=0.6812460717604716","statusCode":429,"executionTimeMs":1.55,"cacheStatus":"n/a","filterParams":{},"paginationParams":{}}
{"level":30,"time":1781101777118,"pid":27420,"hostname":"preethika","requestId":"b2c35ad5-388c-46e6-a5aa-3a6da881dcd2","method":"POST","url":"/api/match?random=0.358717942144394","statusCode":429,"executionTimeMs":1.66,"cacheStatus":"n/a","filterParams":{},"paginationParams":{}}
{"level":30,"time":1781101777123,"pid":27420,"hostname":"preethika","requestId":"471b34d8-ed2f-4335-8774-3bd7c8d662ab","method":"POST","url":"/api/match?random=0.9226171189834731","statusCode":429,"executionTimeMs":1.51,"cacheStatus":"n/a","filterParams":{},"paginationParams":{}}
{"level":30,"time":1781101777125,"pid":27420,"hostname":"preethika","requestId":"4c9f500b-87d9-43da-9b58-627f7ade62e4","method":"POST","url":"/api/match?random=0.6281190695806027","statusCode":429,"executionTimeMs":1.27,"cacheStatus":"n/a","filterParams":{},"paginationParams":{}}
{"level":30,"time":1781101777133,"pid":27420,"hostname":"preethika","requestId":"92f61f7b-4078-4863-bb18-acf83de70d7a","method":"POST","url":"/api/match?random=0.0487651771575528","statusCode":429,"executionTimeMs":6.55,"cacheStatus":"n/a","filterParams":{},"paginationParams":{}}
{"level":30,"time":1781101777135,"pid":27420,"hostname":"preethika","requestId":"511a7c01-9516-4580-a0e5-6a6974d1e0cd","method":"POST","url":"/api/match?random=0.9945365051376096","statusCode":429,"executionTimeMs":0.9,"cacheStatus":"n/a","filterParams":{},"paginationParams":{}}
{"level":30,"time":1781101777137,"pid":27420,"hostname":"preethika","requestId":"f2ba1ceb-5bb3-4c1f-88e5-41b8df9f9e03","method":"POST","url":"/api/match?random=0.9757636460566195","statusCode":429,"executionTimeMs":0.82,"cacheStatus":"n/a","filterParams":{},"paginationParams":{}}
{"level":30,"time":1781101777138,"pid":27420,"hostname":"preethika","requestId":"fe8ad35e-7d76-4c8f-977c-48d513ee406d","method":"POST","url":"/api/match?random=0.23800666684882144","statusCode":429,"executionTimeMs":0.83,"cacheStatus":"n/a","filterParams":{},"paginationParams":{}}
{"level":30,"time":1781101777140,"pid":27420,"hostname":"preethika","requestId":"054bb085-1971-4385-8350-b11fc4042852","method":"POST","url":"/api/match?random=0.19093767700812436","statusCode":429,"executionTimeMs":1.05,"cacheStatus":"n/a","filterParams":{},"paginationParams":{}}
{"level":30,"time":1781101777141,"pid":27420,"hostname":"preethika","requestId":"de60992c-1fa8-43b5-a9fe-d1a544589f22","method":"POST","url":"/api/match?random=0.49744539335630367","statusCode":429,"executionTimeMs":0.89,"cacheStatus":"n/a","filterParams":{},"paginationParams":{}}
{"level":30,"time":1781101777143,"pid":27420,"hostname":"preethika","requestId":"fe30249f-05f9-412b-b8bc-9d936c8df609","method":"POST","url":"/api/match?random=0.23274463857241012","statusCode":429,"executionTimeMs":0.97,"cacheStatus":"n/a","filterParams":{},"paginationParams":{}}
{"level":30,"time":1781101777145,"pid":27420,"hostname":"preethika","requestId":"4b3043ee-5d39-4e29-8c14-4bff91c6244f","method":"POST","url":"/api/match?random=0.23278137373101848","statusCode":429,"executionTimeMs":1.33,"cacheStatus":"n/a","filterParams":{},"paginationParams":{}}
{"level":30,"time":1781101777150,"pid":27420,"hostname":"preethika","requestId":"5a03a69f-ba35-45e1-80d0-f0ede9f55079","method":"POST","url":"/api/match?random=0.9166129883697651","statusCode":429,"executionTimeMs":1.31,"cacheStatus":"n/a","filterParams":{},"paginationParams":{}}
{"level":30,"time":1781101777152,"pid":27420,"hostname":"preethika","requestId":"7ddbb606-4326-497d-a4fc-825f15cf0228","method":"POST","url":"/api/match?random=0.5389305096624","statusCode":429,"executionTimeMs":1.22,"cacheStatus":"n/a","filterParams":{},"paginationParams":{}}
{"level":30,"time":1781101777154,"pid":27420,"hostname":"preethika","requestId":"46a2fce6-afb7-438b-a6ff-b7557855e8d3","method":"POST","url":"/api/match?random=0.0981343046126002","statusCode":429,"executionTimeMs":0.85,"cacheStatus":"n/a","filterParams":{},"paginationParams":{}}
{"level":30,"time":1781101777155,"pid":27420,"hostname":"preethika","requestId":"4f00c9d9-937b-4d92-963c-79a1647cac70","method":"POST","url":"/api/match?random=0.4618548049440643","statusCode":429,"executionTimeMs":0.79,"cacheStatus":"n/a","filterParams":{},"paginationParams":{}}
{"level":30,"time":1781101777157,"pid":27420,"hostname":"preethika","requestId":"c1834a9e-6ff5-4f64-ac21-be0e56a9e604","method":"POST","url":"/api/match?random=0.30115247318401184","statusCode":429,"executionTimeMs":0.73,"cacheStatus":"n/a","filterParams":{},"paginationParams":{}}
{"level":30,"time":1781101777158,"pid":27420,"hostname":"preethika","requestId":"33176068-3a0e-44be-8590-186f9b0316d6","method":"POST","url":"/api/match?random=0.22112427796604694","statusCode":429,"executionTimeMs":0.83,"cacheStatus":"n/a","filterParams":{},"paginationParams":{}}
{"level":30,"time":1781101777159,"pid":27420,"hostname":"preethika","requestId":"80d15816-c6ab-457e-89f8-25b96b84150e","method":"POST","url":"/api/match?random=0.02052066966591659","statusCode":429,"executionTimeMs":0.86,"cacheStatus":"n/a","filterParams":{},"paginationParams":{}}
{"level":30,"time":1781101777162,"pid":27420,"hostname":"preethika","requestId":"22518510-bfe3-4ab2-befa-01094229f3ff","method":"POST","url":"/api/match?random=0.2380639679337908","statusCode":429,"executionTimeMs":2.07,"cacheStatus":"n/a","filterParams":{},"paginationParams":{}}
{"level":30,"time":1781101777166,"pid":27420,"hostname":"preethika","requestId":"ed033f22-ce6c-46f9-ba65-da92820df665","method":"POST","url":"/api/match?random=0.8939391302720798","statusCode":429,"executionTimeMs":2.56,"cacheStatus":"n/a","filterParams":{},"paginationParams":{}}
{"level":30,"time":1781101777168,"pid":27420,"hostname":"preethika","requestId":"54291969-7074-43fa-8375-94174d602298","method":"POST","url":"/api/match?random=0.2694385686222289","statusCode":429,"executionTimeMs":1.13,"cacheStatus":"n/a","filterParams":{},"paginationParams":{}}
{"level":30,"time":1781101777170,"pid":27420,"hostname":"preethika","requestId":"23752080-644b-496e-aed0-691310fca8c2","method":"POST","url":"/api/match?random=0.11420603461071344","statusCode":429,"executionTimeMs":1.03,"cacheStatus":"n/a","filterParams":{},"paginationParams":{}}
{"level":30,"time":1781101777171,"pid":27420,"hostname":"preethika","requestId":"d5e383a0-4fe1-4a93-bc41-aa2023c0d904","method":"POST","url":"/api/match?random=0.2326561143070771","statusCode":429,"executionTimeMs":0.82,"cacheStatus":"n/a","filterParams":{},"paginationParams":{}}
{"level":30,"time":1781101777173,"pid":27420,"hostname":"preethika","requestId":"3a6f78ff-0a30-4035-b452-f0d39e704323","method":"POST","url":"/api/match?random=0.1564261214933702","statusCode":429,"executionTimeMs":1.01,"cacheStatus":"n/a","filterParams":{},"paginationParams":{}}
{"level":30,"time":1781101777175,"pid":27420,"hostname":"preethika","requestId":"6be614b2-c1a7-49cc-9356-cd58803398e1","method":"POST","url":"/api/match?random=0.6556212065733167","statusCode":429,"executionTimeMs":1.32,"cacheStatus":"n/a","filterParams":{},"paginationParams":{}}
{"level":30,"time":1781101777177,"pid":27420,"hostname":"preethika","requestId":"d5bb51d7-b061-4993-9ec3-32beebfcb3ae","method":"POST","url":"/api/match?random=0.7558332926428903","statusCode":429,"executionTimeMs":1.18,"cacheStatus":"n/a","filterParams":{},"paginationParams":{}}
{"level":30,"time":1781101777179,"pid":27420,"hostname":"preethika","requestId":"dc53f41b-3deb-4b05-933e-310e34158229","method":"POST","url":"/api/match?random=0.855968460380625","statusCode":429,"executionTimeMs":1.25,"cacheStatus":"n/a","filterParams":{},"paginationParams":{}}
{"level":30,"time":1781101777182,"pid":27420,"hostname":"preethika","requestId":"cb6629d6-6c78-4177-b28d-f49776e5044f","method":"POST","url":"/api/match?random=0.5213320000046955","statusCode":429,"executionTimeMs":1.25,"cacheStatus":"n/a","filterParams":{},"paginationParams":{}}
{"level":30,"time":1781101777184,"pid":27420,"hostname":"preethika","requestId":"de5ecb6a-26db-407d-ac58-64cdb1091091","method":"POST","url":"/api/match?random=0.3152962540804727","statusCode":429,"executionTimeMs":1.41,"cacheStatus":"n/a","filterParams":{},"paginationParams":{}}
{"level":30,"time":1781101777186,"pid":27420,"hostname":"preethika","requestId":"ade8249c-25b2-4e07-b89c-cd8a9f43f180","method":"POST","url":"/api/match?random=0.38740805764666963","statusCode":429,"executionTimeMs":1.14,"cacheStatus":"n/a","filterParams":{},"paginationParams":{}}
{"level":30,"time":1781101777189,"pid":27420,"hostname":"preethika","requestId":"831c2b24-6e9a-428a-b209-e83b41ba9f6b","method":"POST","url":"/api/match?random=0.06634545758327492","statusCode":429,"executionTimeMs":2.07,"cacheStatus":"n/a","filterParams":{},"paginationParams":{}}
{"level":30,"time":1781101777191,"pid":27420,"hostname":"preethika","requestId":"b1dfd1aa-7a68-43e1-809a-47c6867e8d40","method":"POST","url":"/api/match?random=0.8679099799280161","statusCode":429,"executionTimeMs":1.73,"cacheStatus":"n/a","filterParams":{},"paginationParams":{}}
{"level":30,"time":1781101777193,"pid":27420,"hostname":"preethika","requestId":"b6e136d9-9cd9-436e-9a30-496b26425c88","method":"POST","url":"/api/match?random=0.4078694259776734","statusCode":429,"executionTimeMs":1,"cacheStatus":"n/a","filterParams":{},"paginationParams":{}}
{"level":30,"time":1781101777195,"pid":27420,"hostname":"preethika","requestId":"e097f730-bb1f-4dda-b986-0da4c0ba3d55","method":"POST","url":"/api/match?random=0.2085047091671679","statusCode":429,"executionTimeMs":1.08,"cacheStatus":"n/a","filterParams":{},"paginationParams":{}}
{"level":30,"time":1781101777212,"pid":27420,"hostname":"preethika","requestId":"c57d533d-3891-41a0-9512-a21b46e35997","method":"POST","url":"/api/match?random=0.6163222562523794","statusCode":429,"executionTimeMs":9.95,"cacheStatus":"n/a","filterParams":{},"paginationParams":{}}
{"level":30,"time":1781101777214,"pid":27420,"hostname":"preethika","requestId":"1413de32-28c9-4150-8dac-e4c65ce17f0b","method":"POST","url":"/api/match?random=0.3150228312466412","statusCode":429,"executionTimeMs":1.5,"cacheStatus":"n/a","filterParams":{},"paginationParams":{}}
{"level":30,"time":1781101777217,"pid":27420,"hostname":"preethika","requestId":"47400d47-38fc-4d00-a133-b9df5665dd1e","method":"POST","url":"/api/match?random=0.8073913175315082","statusCode":429,"executionTimeMs":1.22,"cacheStatus":"n/a","filterParams":{},"paginationParams":{}}
{"level":30,"time":1781101777219,"pid":27420,"hostname":"preethika","requestId":"f80f5080-6f4e-403a-9e4b-6f28726b465e","method":"POST","url":"/api/match?random=0.9690727754449495","statusCode":429,"executionTimeMs":1.1,"cacheStatus":"n/a","filterParams":{},"paginationParams":{}}
{"level":30,"time":1781101777221,"pid":27420,"hostname":"preethika","requestId":"8af986a7-829c-47ed-b574-e5a789bbfb16","method":"POST","url":"/api/match?random=0.5955101678058348","statusCode":429,"executionTimeMs":1.15,"cacheStatus":"n/a","filterParams":{},"paginationParams":{}}
{"level":30,"time":1781101777223,"pid":27420,"hostname":"preethika","requestId":"b529f02f-d47e-4a40-963a-b519f9eb9807","method":"POST","url":"/api/match?random=0.37200267497895667","statusCode":429,"executionTimeMs":1.15,"cacheStatus":"n/a","filterParams":{},"paginationParams":{}}
{"level":30,"time":1781101777225,"pid":27420,"hostname":"preethika","requestId":"1c245246-6fa8-45fe-9b14-70d665420f2c","method":"POST","url":"/api/match?random=0.6269561266697321","statusCode":429,"executionTimeMs":1.13,"cacheStatus":"n/a","filterParams":{},"paginationParams":{}}
{"level":30,"time":1781101777227,"pid":27420,"hostname":"preethika","requestId":"0d88d373-116c-4b48-9191-09ef7f46825e","method":"POST","url":"/api/match?random=0.08694651259600028","statusCode":429,"executionTimeMs":1.61,"cacheStatus":"n/a","filterParams":{},"paginationParams":{}}
{"level":30,"time":1781101777229,"pid":27420,"hostname":"preethika","requestId":"8b05a3ec-0135-4575-bc14-ef827a959f6a","method":"POST","url":"/api/match?random=0.7867354144119632","statusCode":429,"executionTimeMs":1.15,"cacheStatus":"n/a","filterParams":{},"paginationParams":{}}
{"level":30,"time":1781101777231,"pid":27420,"hostname":"preethika","requestId":"d9ef4ec6-2b8c-446e-9f3a-470a83c1d124","method":"POST","url":"/api/match?random=0.9918921646048102","statusCode":429,"executionTimeMs":1.02,"cacheStatus":"n/a","filterParams":{},"paginationParams":{}}
{"level":30,"time":1781101777233,"pid":27420,"hostname":"preethika","requestId":"686e0c6b-4351-449b-94fe-c3c752a4f95c","method":"POST","url":"/api/match?random=0.7349407713062661","statusCode":429,"executionTimeMs":0.96,"cacheStatus":"n/a","filterParams":{},"paginationParams":{}}
{"level":30,"time":1781101777234,"pid":27420,"hostname":"preethika","requestId":"5fadcaf0-621f-44b5-8bd4-f55a2091d99b","method":"POST","url":"/api/match?random=0.17905560464984815","statusCode":429,"executionTimeMs":0.97,"cacheStatus":"n/a","filterParams":{},"paginationParams":{}}
{"level":30,"time":1781101777236,"pid":27420,"hostname":"preethika","requestId":"140656e0-25ea-4491-ae81-1b1992eedccc","method":"POST","url":"/api/match?random=0.6780335141059746","statusCode":429,"executionTimeMs":1,"cacheStatus":"n/a","filterParams":{},"paginationParams":{}}
{"level":30,"time":1781101777238,"pid":27420,"hostname":"preethika","requestId":"ad91950c-6939-455a-9150-f20ff8349396","method":"POST","url":"/api/match?random=0.3240388632532796","statusCode":429,"executionTimeMs":1.12,"cacheStatus":"n/a","filterParams":{},"paginationParams":{}}
{"level":30,"time":1781101777240,"pid":27420,"hostname":"preethika","requestId":"86dd88b8-06e2-4793-901a-1a787b22c2fb","method":"POST","url":"/api/match?random=0.01654048821419596","statusCode":429,"executionTimeMs":1.16,"cacheStatus":"n/a","filterParams":{},"paginationParams":{}}
{"level":30,"time":1781101777241,"pid":27420,"hostname":"preethika","requestId":"a2510204-8121-4532-9a24-2d9705700f4b","method":"POST","url":"/api/match?random=0.928973385144332","statusCode":429,"executionTimeMs":1.05,"cacheStatus":"n/a","filterParams":{},"paginationParams":{}}
{"level":30,"time":1781101777243,"pid":27420,"hostname":"preethika","requestId":"25046efd-f1d3-4c11-b9b4-d4b9c567c75d","method":"POST","url":"/api/match?random=0.8290640573638908","statusCode":429,"executionTimeMs":0.92,"cacheStatus":"n/a","filterParams":{},"paginationParams":{}}
{"level":30,"time":1781101777245,"pid":27420,"hostname":"preethika","requestId":"85f04943-9581-4b02-8f8e-0d66401e4e16","method":"POST","url":"/api/match?random=0.31774126127197055","statusCode":429,"executionTimeMs":1.02,"cacheStatus":"n/a","filterParams":{},"paginationParams":{}}
{"level":30,"time":1781101777247,"pid":27420,"hostname":"preethika","requestId":"d87bf658-c99b-4bf0-957f-e7d66d2fa092","method":"POST","url":"/api/match?random=0.6034553437416241","statusCode":429,"executionTimeMs":1.12,"cacheStatus":"n/a","filterParams":{},"paginationParams":{}}
{"level":30,"time":1781101777248,"pid":27420,"hostname":"preethika","requestId":"3627c5d9-c807-453c-9b19-efe7ef14d834","method":"POST","url":"/api/match?random=0.1840385761982899","statusCode":429,"executionTimeMs":1.06,"cacheStatus":"n/a","filterParams":{},"paginationParams":{}}
{"level":30,"time":1781101777250,"pid":27420,"hostname":"preethika","requestId":"8f91ed5d-c705-4299-8add-7b7be0381c04","method":"POST","url":"/api/match?random=0.0830684395722261","statusCode":429,"executionTimeMs":1.09,"cacheStatus":"n/a","filterParams":{},"paginationParams":{}}
{"level":30,"time":1781101777252,"pid":27420,"hostname":"preethika","requestId":"a6837d09-fa80-4da4-b4e2-649808fc6dd3","method":"POST","url":"/api/match?random=0.07774139579796713","statusCode":429,"executionTimeMs":1.08,"cacheStatus":"n/a","filterParams":{},"paginationParams":{}}
{"level":30,"time":1781101777254,"pid":27420,"hostname":"preethika","requestId":"e8e85b84-18eb-4ae3-ae45-fbb161578c21","method":"POST","url":"/api/match?random=0.773391057940179","statusCode":429,"executionTimeMs":1.07,"cacheStatus":"n/a","filterParams":{},"paginationParams":{}}
{"level":30,"time":1781101777255,"pid":27420,"hostname":"preethika","requestId":"dd91aa95-9540-4bb1-b9ae-3938084307bd","method":"POST","url":"/api/match?random=0.5910759271003245","statusCode":429,"executionTimeMs":0.97,"cacheStatus":"n/a","filterParams":{},"paginationParams":{}}
{"level":30,"time":1781101777257,"pid":27420,"hostname":"preethika","requestId":"4fc53075-8813-4c6b-9243-e2ef20b0b899","method":"POST","url":"/api/match?random=0.014308955968386883","statusCode":429,"executionTimeMs":0.93,"cacheStatus":"n/a","filterParams":{},"paginationParams":{}}
{"level":30,"time":1781101777259,"pid":27420,"hostname":"preethika","requestId":"5215e990-0e8d-44c1-a821-a3426df9f151","method":"POST","url":"/api/match?random=0.03785053971441421","statusCode":429,"executionTimeMs":1.16,"cacheStatus":"n/a","filterParams":{},"paginationParams":{}}
{"level":30,"time":1781101777261,"pid":27420,"hostname":"preethika","requestId":"fac3f4e6-9005-435f-a296-296ffd8c1d77","method":"POST","url":"/api/match?random=0.27469210234382513","statusCode":429,"executionTimeMs":1.36,"cacheStatus":"n/a","filterParams":{},"paginationParams":{}}
{"level":30,"time":1781101777263,"pid":27420,"hostname":"preethika","requestId":"cce6af03-1a64-4945-80b5-641afc61db62","method":"POST","url":"/api/match?random=0.5982818271140615","statusCode":429,"executionTimeMs":1.12,"cacheStatus":"n/a","filterParams":{},"paginationParams":{}}
{"level":30,"time":1781101777265,"pid":27420,"hostname":"preethika","requestId":"d340b321-9965-407e-bd97-1a1243b96698","method":"POST","url":"/api/match?random=0.4165781336841621","statusCode":429,"executionTimeMs":0.95,"cacheStatus":"n/a","filterParams":{},"paginationParams":{}}
{"level":30,"time":1781101777266,"pid":27420,"hostname":"preethika","requestId":"7d710690-aac8-4d96-8605-9bc109eab6a8","method":"POST","url":"/api/match?random=0.1926572046477555","statusCode":429,"executionTimeMs":0.86,"cacheStatus":"n/a","filterParams":{},"paginationParams":{}}
{"level":30,"time":1781101777267,"pid":27420,"hostname":"preethika","requestId":"2dac7972-c5ed-4129-8ecf-7ae52ec2c584","method":"POST","url":"/api/match?random=0.25369464206724435","statusCode":429,"executionTimeMs":0.79,"cacheStatus":"n/a","filterParams":{},"paginationParams":{}}
{"level":30,"time":1781101777269,"pid":27420,"hostname":"preethika","requestId":"e4fd619b-c0fd-4958-b3ce-ccf2a6508294","method":"POST","url":"/api/match?random=0.26129324108335483","statusCode":429,"executionTimeMs":0.82,"cacheStatus":"n/a","filterParams":{},"paginationParams":{}}
{"level":30,"time":1781101777270,"pid":27420,"hostname":"preethika","requestId":"7a5c0765-4920-4143-8887-f7f8850d3091","method":"POST","url":"/api/match?random=0.06559213271060615","statusCode":429,"executionTimeMs":0.85,"cacheStatus":"n/a","filterParams":{},"paginationParams":{}}
{"level":30,"time":1781101777272,"pid":27420,"hostname":"preethika","requestId":"95628af3-c50a-4356-8ee8-c50b1f4db142","method":"POST","url":"/api/match?random=0.4766559910686454","statusCode":429,"executionTimeMs":0.78,"cacheStatus":"n/a","filterParams":{},"paginationParams":{}}
{"level":30,"time":1781101777273,"pid":27420,"hostname":"preethika","requestId":"31afba38-9fe3-45c1-ac83-8163b01ab78c","method":"POST","url":"/api/match?random=0.2917222140464637","statusCode":429,"executionTimeMs":0.84,"cacheStatus":"n/a","filterParams":{},"paginationParams":{}}
{"level":30,"time":1781101777274,"pid":27420,"hostname":"preethika","requestId":"54b21579-fe9e-4d31-bacf-e16dfd28679c","method":"POST","url":"/api/match?random=0.36322157424369794","statusCode":429,"executionTimeMs":0.88,"cacheStatus":"n/a","filterParams":{},"paginationParams":{}}
{"level":30,"time":1781101777276,"pid":27420,"hostname":"preethika","requestId":"9e58c044-134b-4a60-b737-f9fec164b07b","method":"POST","url":"/api/match?random=0.07932135993232414","statusCode":429,"executionTimeMs":0.84,"cacheStatus":"n/a","filterParams":{},"paginationParams":{}}
{"level":30,"time":1781101777278,"pid":27420,"hostname":"preethika","requestId":"657c2522-a7f3-4f91-9ea9-7e782b35a53a","method":"POST","url":"/api/match?random=0.7978546856928608","statusCode":429,"executionTimeMs":1.15,"cacheStatus":"n/a","filterParams":{},"paginationParams":{}}
{"level":30,"time":1781101777279,"pid":27420,"hostname":"preethika","requestId":"5a8d411a-82a2-4a1e-8e8b-d10108a515ed","method":"POST","url":"/api/match?random=0.9923875713115333","statusCode":429,"executionTimeMs":1,"cacheStatus":"n/a","filterParams":{},"paginationParams":{}}
{"level":30,"time":1781101777281,"pid":27420,"hostname":"preethika","requestId":"726b2cd9-b81f-4b9d-acdf-52ecce13a916","method":"POST","url":"/api/match?random=0.018489712205107534","statusCode":429,"executionTimeMs":1.08,"cacheStatus":"n/a","filterParams":{},"paginationParams":{}}
{"level":30,"time":1781101777283,"pid":27420,"hostname":"preethika","requestId":"5665c36a-15b6-4b67-870f-9c14162c2d44","method":"POST","url":"/api/match?random=0.6286886771090183","statusCode":429,"executionTimeMs":1.12,"cacheStatus":"n/a","filterParams":{},"paginationParams":{}}
{"level":30,"time":1781101777285,"pid":27420,"hostname":"preethika","requestId":"81252f40-0a31-4ae8-bb70-d64e636a4816","method":"POST","url":"/api/match?random=0.7853742162770856","statusCode":429,"executionTimeMs":1.12,"cacheStatus":"n/a","filterParams":{},"paginationParams":{}}
{"level":30,"time":1781101777287,"pid":27420,"hostname":"preethika","requestId":"0d91c5e8-ef9e-4d33-aa85-c717e2feea40","method":"POST","url":"/api/match?random=0.07632828362317645","statusCode":429,"executionTimeMs":1.05,"cacheStatus":"n/a","filterParams":{},"paginationParams":{}}
{"level":30,"time":1781101777288,"pid":27420,"hostname":"preethika","requestId":"1a9c1b41-741c-4f19-940f-ccac8881d4df","method":"POST","url":"/api/match?random=0.450577709639401","statusCode":429,"executionTimeMs":0.9,"cacheStatus":"n/a","filterParams":{},"paginationParams":{}}
{"level":30,"time":1781101777289,"pid":27420,"hostname":"preethika","requestId":"0a8ad92e-2c0f-4e10-8709-f1678dd41085","method":"POST","url":"/api/match?random=0.228676798097442","statusCode":429,"executionTimeMs":0.8,"cacheStatus":"n/a","filterParams":{},"paginationParams":{}}
{"level":30,"time":1781101777291,"pid":27420,"hostname":"preethika","requestId":"57fe16d5-24e0-415d-b45d-451f1f8f73b0","method":"POST","url":"/api/match?random=0.06405629932134249","statusCode":429,"executionTimeMs":0.85,"cacheStatus":"n/a","filterParams":{},"paginationParams":{}}
{"level":30,"time":1781101777292,"pid":27420,"hostname":"preethika","requestId":"61b471d3-3090-486f-af32-e761b46be8f3","method":"POST","url":"/api/match?random=0.14007296448329143","statusCode":429,"executionTimeMs":0.85,"cacheStatus":"n/a","filterParams":{},"paginationParams":{}}
{"level":30,"time":1781101777294,"pid":27420,"hostname":"preethika","requestId":"0e1c5d31-daa9-4dd9-808d-661a98e05fdb","method":"POST","url":"/api/match?random=0.32904781065344824","statusCode":429,"executionTimeMs":0.79,"cacheStatus":"n/a","filterParams":{},"paginationParams":{}}
{"level":30,"time":1781101777295,"pid":27420,"hostname":"preethika","requestId":"1f4a1fb8-555b-4a0c-b12f-a621e7921ad1","method":"POST","url":"/api/match?random=0.7701062494337643","statusCode":429,"executionTimeMs":0.75,"cacheStatus":"n/a","filterParams":{},"paginationParams":{}}
{"level":30,"time":1781101777297,"pid":27420,"hostname":"preethika","requestId":"44612385-7411-4083-b6bc-f067b5d644d2","method":"POST","url":"/api/match?random=0.6328678659705438","statusCode":429,"executionTimeMs":1.06,"cacheStatus":"n/a","filterParams":{},"paginationParams":{}}
{"level":30,"time":1781101777298,"pid":27420,"hostname":"preethika","requestId":"acf2a0eb-ff18-43d5-a258-fd6c44c0a86f","method":"POST","url":"/api/match?random=0.36547065995327954","statusCode":429,"executionTimeMs":0.98,"cacheStatus":"n/a","filterParams":{},"paginationParams":{}}
{"level":30,"time":1781101777300,"pid":27420,"hostname":"preethika","requestId":"1b7f1ad2-a99f-4a36-96c0-e5ff751718a3","method":"POST","url":"/api/match?random=0.9194881649026072","statusCode":429,"executionTimeMs":0.89,"cacheStatus":"n/a","filterParams":{},"paginationParams":{}}
{"level":30,"time":1781101777301,"pid":27420,"hostname":"preethika","requestId":"977d6f5c-f594-4c2c-922b-ad0edd3c0d42","method":"POST","url":"/api/match?random=0.9597915095761349","statusCode":429,"executionTimeMs":0.87,"cacheStatus":"n/a","filterParams":{},"paginationParams":{}}
{"level":30,"time":1781101777303,"pid":27420,"hostname":"preethika","requestId":"c27dd4b5-5686-4d5b-b485-6653774c6a61","method":"POST","url":"/api/match?random=0.40620962799459637","statusCode":429,"executionTimeMs":0.97,"cacheStatus":"n/a","filterParams":{},"paginationParams":{}}
{"level":30,"time":1781101777305,"pid":27420,"hostname":"preethika","requestId":"652af52d-22b8-4704-8b32-4ad31b910156","method":"POST","url":"/api/match?random=0.09807566687664826","statusCode":429,"executionTimeMs":0.99,"cacheStatus":"n/a","filterParams":{},"paginationParams":{}}
{"level":30,"time":1781101777307,"pid":27420,"hostname":"preethika","requestId":"5ec830a8-b877-4e8d-a1e9-96f23c4ad13e","method":"POST","url":"/api/match?random=0.16060660774302993","statusCode":429,"executionTimeMs":1.04,"cacheStatus":"n/a","filterParams":{},"paginationParams":{}}
{"level":30,"time":1781101777308,"pid":27420,"hostname":"preethika","requestId":"1ed7168e-3112-40df-9aa5-dcd81e8ba27d","method":"POST","url":"/api/match?random=0.8579853264677917","statusCode":429,"executionTimeMs":1.1,"cacheStatus":"n/a","filterParams":{},"paginationParams":{}}
{"level":30,"time":1781101777310,"pid":27420,"hostname":"preethika","requestId":"f4ee337f-6d6a-438c-9961-c64e32fae736","method":"POST","url":"/api/match?random=0.005262464990314131","statusCode":429,"executionTimeMs":0.97,"cacheStatus":"n/a","filterParams":{},"paginationParams":{}}
{"level":30,"time":1781101777312,"pid":27420,"hostname":"preethika","requestId":"08459eb4-d4c7-4312-b9c3-d6578c76942c","method":"POST","url":"/api/match?random=0.4942017033006183","statusCode":429,"executionTimeMs":1.04,"cacheStatus":"n/a","filterParams":{},"paginationParams":{}}
{"level":30,"time":1781101777314,"pid":27420,"hostname":"preethika","requestId":"018a3aae-2588-4afc-bb00-e03508667fd1","method":"POST","url":"/api/match?random=0.5103557916489825","statusCode":429,"executionTimeMs":0.96,"cacheStatus":"n/a","filterParams":{},"paginationParams":{}}
{"level":30,"time":1781101777315,"pid":27420,"hostname":"preethika","requestId":"01c1b669-a07b-43c0-aad9-14fc457aee30","method":"POST","url":"/api/match?random=0.3832357877302195","statusCode":429,"executionTimeMs":0.97,"cacheStatus":"n/a","filterParams":{},"paginationParams":{}}
{"level":30,"time":1781101777317,"pid":27420,"hostname":"preethika","requestId":"ae31e21b-e4f1-4faf-a3cf-87623d58fef7","method":"POST","url":"/api/match?random=0.48949265686052446","statusCode":429,"executionTimeMs":0.96,"cacheStatus":"n/a","filterParams":{},"paginationParams":{}}
{"level":30,"time":1781101777319,"pid":27420,"hostname":"preethika","requestId":"f26792a7-f06e-4365-94f7-7ffcfce895c9","method":"POST","url":"/api/match?random=0.7441060029744979","statusCode":429,"executionTimeMs":0.96,"cacheStatus":"n/a","filterParams":{},"paginationParams":{}}
{"level":30,"time":1781101777320,"pid":27420,"hostname":"preethika","requestId":"7e13781c-671f-4718-a8b3-bb523f321ab0","method":"POST","url":"/api/match?random=0.8360913406075279","statusCode":429,"executionTimeMs":0.97,"cacheStatus":"n/a","filterParams":{},"paginationParams":{}}
{"level":30,"time":1781101777322,"pid":27420,"hostname":"preethika","requestId":"0cd75c3f-59ef-43d3-904c-39bf1450759d","method":"POST","url":"/api/match?random=0.2710852525749632","statusCode":429,"executionTimeMs":0.93,"cacheStatus":"n/a","filterParams":{},"paginationParams":{}}
{"level":30,"time":1781101777323,"pid":27420,"hostname":"preethika","requestId":"b5f01905-14de-453d-b824-c83d3c4aaaff","method":"POST","url":"/api/match?random=0.7623118942264868","statusCode":429,"executionTimeMs":0.89,"cacheStatus":"n/a","filterParams":{},"paginationParams":{}}
{"level":30,"time":1781101777325,"pid":27420,"hostname":"preethika","requestId":"adb8b5c7-5888-4600-a8a5-fcd85537d41f","method":"POST","url":"/api/match?random=0.9910219083007821","statusCode":429,"executionTimeMs":0.89,"cacheStatus":"n/a","filterParams":{},"paginationParams":{}}
{"level":30,"time":1781101777326,"pid":27420,"hostname":"preethika","requestId":"42271b1e-56c2-4883-bfb9-872a92817237","method":"POST","url":"/api/match?random=0.20832214099964785","statusCode":429,"executionTimeMs":0.98,"cacheStatus":"n/a","filterParams":{},"paginationParams":{}}
{"level":30,"time":1781101777328,"pid":27420,"hostname":"preethika","requestId":"666db90d-bafa-4178-8a39-f3af74b3dec2","method":"POST","url":"/api/match?random=0.48145839713249616","statusCode":429,"executionTimeMs":0.95,"cacheStatus":"n/a","filterParams":{},"paginationParams":{}}
{"level":30,"time":1781101777329,"pid":27420,"hostname":"preethika","requestId":"469eada7-242d-467e-9e8d-35645f0e03d4","method":"POST","url":"/api/match?random=0.6126660984194476","statusCode":429,"executionTimeMs":1.01,"cacheStatus":"n/a","filterParams":{},"paginationParams":{}}
{"level":30,"time":1781101777331,"pid":27420,"hostname":"preethika","requestId":"4af244cc-7937-431b-b8d9-fe1a57f031f4","method":"POST","url":"/api/match?random=0.7019517338470826","statusCode":429,"executionTimeMs":0.98,"cacheStatus":"n/a","filterParams":{},"paginationParams":{}}
{"level":30,"time":1781101777333,"pid":27420,"hostname":"preethika","requestId":"e3704cb1-15a1-4c2d-902d-01f76670cb51","method":"POST","url":"/api/match?random=0.4015899685938915","statusCode":429,"executionTimeMs":1.02,"cacheStatus":"n/a","filterParams":{},"paginationParams":{}}
{"level":30,"time":1781101777335,"pid":27420,"hostname":"preethika","requestId":"4197cd8a-fa21-476e-969d-ee2fc4b55567","method":"POST","url":"/api/match?random=0.0007229532384573911","statusCode":429,"executionTimeMs":1.06,"cacheStatus":"n/a","filterParams":{},"paginationParams":{}}
{"level":30,"time":1781101777336,"pid":27420,"hostname":"preethika","requestId":"f3f9d6d3-b3e6-4b37-aa1d-84e5e6359ea3","method":"POST","url":"/api/match?random=0.48496270801245966","statusCode":429,"executionTimeMs":1.07,"cacheStatus":"n/a","filterParams":{},"paginationParams":{}}
{"level":30,"time":1781101777338,"pid":27420,"hostname":"preethika","requestId":"cfbe438c-1d19-4a90-9c69-c4daabeb3c7f","method":"POST","url":"/api/match?random=0.15258490840234873","statusCode":429,"executionTimeMs":1.01,"cacheStatus":"n/a","filterParams":{},"paginationParams":{}}
{"level":30,"time":1781101777340,"pid":27420,"hostname":"preethika","requestId":"c6f9a8e2-e090-470b-b943-908503a23739","method":"POST","url":"/api/match?random=0.7523806015685475","statusCode":429,"executionTimeMs":0.92,"cacheStatus":"n/a","filterParams":{},"paginationParams":{}}
{"level":30,"time":1781101777341,"pid":27420,"hostname":"preethika","requestId":"2934d424-c243-498a-a0b0-5db04dd3676c","method":"POST","url":"/api/match?random=0.42868310578830604","statusCode":429,"executionTimeMs":0.97,"cacheStatus":"n/a","filterParams":{},"paginationParams":{}}
{"level":30,"time":1781101777343,"pid":27420,"hostname":"preethika","requestId":"b636c522-f481-4c40-a714-716dda1403b9","method":"POST","url":"/api/match?random=0.044312409375515394","statusCode":429,"executionTimeMs":0.9,"cacheStatus":"n/a","filterParams":{},"paginationParams":{}}
{"level":30,"time":1781101777344,"pid":27420,"hostname":"preethika","requestId":"9333fa03-5727-4a41-8e91-aa00caae5f9f","method":"POST","url":"/api/match?random=0.7458889281906118","statusCode":429,"executionTimeMs":0.89,"cacheStatus":"n/a","filterParams":{},"paginationParams":{}}
{"level":30,"time":1781101777346,"pid":27420,"hostname":"preethika","requestId":"e77113ae-9497-4f13-8a47-01e93d45b255","method":"POST","url":"/api/match?random=0.8799332259058188","statusCode":429,"executionTimeMs":0.89,"cacheStatus":"n/a","filterParams":{},"paginationParams":{}}
{"level":30,"time":1781101777347,"pid":27420,"hostname":"preethika","requestId":"e1022f1c-6a51-4791-bc3d-34d0463241d0","method":"POST","url":"/api/match?random=0.14030352821892556","statusCode":429,"executionTimeMs":0.93,"cacheStatus":"n/a","filterParams":{},"paginationParams":{}}
{"level":30,"time":1781101777349,"pid":27420,"hostname":"preethika","requestId":"6a2905d5-c38b-40f7-8607-40581bb87dd6","method":"POST","url":"/api/match?random=0.17249307083699583","statusCode":429,"executionTimeMs":0.79,"cacheStatus":"n/a","filterParams":{},"paginationParams":{}}
{"level":30,"time":1781101777350,"pid":27420,"hostname":"preethika","requestId":"9994616f-3659-46e6-967c-04dc511fe59c","method":"POST","url":"/api/match?random=0.928823163094578","statusCode":429,"executionTimeMs":0.8,"cacheStatus":"n/a","filterParams":{},"paginationParams":{}}
{"level":30,"time":1781101777355,"pid":27420,"hostname":"preethika","requestId":"b879d93b-95cf-4149-a36f-9167d7ca8666","method":"POST","url":"/api/match?random=0.4743987849052125","statusCode":429,"executionTimeMs":1.21,"cacheStatus":"n/a","filterParams":{},"paginationParams":{}}
{"level":30,"time":1781101777358,"pid":27420,"hostname":"preethika","requestId":"989d22a6-57b0-4db3-859c-8617af5b5cd1","method":"POST","url":"/api/match?random=0.17783237023327514","statusCode":429,"executionTimeMs":1.05,"cacheStatus":"n/a","filterParams":{},"paginationParams":{}}
{"level":30,"time":1781101777359,"pid":27420,"hostname":"preethika","requestId":"edc99e63-861e-455d-834f-0a47f498aa24","method":"POST","url":"/api/match?random=0.842966086074165","statusCode":429,"executionTimeMs":0.98,"cacheStatus":"n/a","filterParams":{},"paginationParams":{}}
{"level":30,"time":1781101777361,"pid":27420,"hostname":"preethika","requestId":"ef2286a5-7799-4f37-a0a1-5e5507316326","method":"POST","url":"/api/match?random=0.49766096611150634","statusCode":429,"executionTimeMs":0.98,"cacheStatus":"n/a","filterParams":{},"paginationParams":{}}
{"level":30,"time":1781101777363,"pid":27420,"hostname":"preethika","requestId":"a629e641-331f-4fca-a2dd-d6b36c6dc8ef","method":"POST","url":"/api/match?random=0.7695701459587825","statusCode":429,"executionTimeMs":1.31,"cacheStatus":"n/a","filterParams":{},"paginationParams":{}}
{"level":30,"time":1781101777365,"pid":27420,"hostname":"preethika","requestId":"5a84f33d-da17-4929-b5b7-63a88f14ad57","method":"POST","url":"/api/match?random=0.33211819682861776","statusCode":429,"executionTimeMs":1.06,"cacheStatus":"n/a","filterParams":{},"paginationParams":{}}
{"level":30,"time":1781101777374,"pid":27420,"hostname":"preethika","requestId":"3417b583-a962-4fa1-82df-d4fb0e57ccdd","method":"POST","url":"/api/match?random=0.4674272051396853","statusCode":429,"executionTimeMs":1.07,"cacheStatus":"n/a","filterParams":{},"paginationParams":{}}
{"level":30,"time":1781101777377,"pid":27420,"hostname":"preethika","requestId":"ca2bc4ea-e797-4dc8-ac04-bde1dd3e4815","method":"POST","url":"/api/match?random=0.8353441401434911","statusCode":429,"executionTimeMs":1.17,"cacheStatus":"n/a","filterParams":{},"paginationParams":{}}
{"level":30,"time":1781101777379,"pid":27420,"hostname":"preethika","requestId":"dcb37c4b-ca59-406b-b08c-de7de189d0f3","method":"POST","url":"/api/match?random=0.9940582475668744","statusCode":429,"executionTimeMs":1.21,"cacheStatus":"n/a","filterParams":{},"paginationParams":{}}
{"level":30,"time":1781101777381,"pid":27420,"hostname":"preethika","requestId":"b0f82ef7-1dda-498a-af67-9448c829e7c3","method":"POST","url":"/api/match?random=0.611440890768385","statusCode":429,"executionTimeMs":1.07,"cacheStatus":"n/a","filterParams":{},"paginationParams":{}}
{"level":30,"time":1781101777383,"pid":27420,"hostname":"preethika","requestId":"051e1a91-c21b-483d-8823-368586b58abb","method":"POST","url":"/api/match?random=0.727695620500205","statusCode":429,"executionTimeMs":1.11,"cacheStatus":"n/a","filterParams":{},"paginationParams":{}}
{"level":30,"time":1781101777384,"pid":27420,"hostname":"preethika","requestId":"f86bd27b-271f-495c-a80b-be23c6296fac","method":"POST","url":"/api/match?random=0.21389781579497247","statusCode":429,"executionTimeMs":1.08,"cacheStatus":"n/a","filterParams":{},"paginationParams":{}}
{"level":30,"time":1781101777386,"pid":27420,"hostname":"preethika","requestId":"10ee8cb2-93e2-4b0f-a2f7-ac642c409d0c","method":"POST","url":"/api/match?random=0.5707107119978188","statusCode":429,"executionTimeMs":0.94,"cacheStatus":"n/a","filterParams":{},"paginationParams":{}}
{"level":30,"time":1781101777388,"pid":27420,"hostname":"preethika","requestId":"0aad9d5f-119b-493d-a08b-0b9ae77abd72","method":"POST","url":"/api/match?random=0.4899833886289702","statusCode":429,"executionTimeMs":1.03,"cacheStatus":"n/a","filterParams":{},"paginationParams":{}}
{"level":30,"time":1781101777390,"pid":27420,"hostname":"preethika","requestId":"eba53243-e1d4-411b-91a9-be2fcc0b857a","method":"POST","url":"/api/match?random=0.8710231117396785","statusCode":429,"executionTimeMs":1.36,"cacheStatus":"n/a","filterParams":{},"paginationParams":{}}
{"level":30,"time":1781101777392,"pid":27420,"hostname":"preethika","requestId":"ac5240a5-5ccb-436e-99bc-6c867a8349b2","method":"POST","url":"/api/match?random=0.2704770490540285","statusCode":429,"executionTimeMs":1.4,"cacheStatus":"n/a","filterParams":{},"paginationParams":{}}
{"level":30,"time":1781101777395,"pid":27420,"hostname":"preethika","requestId":"caae7672-ade1-48cb-bcfe-3ab1c4701881","method":"POST","url":"/api/match?random=0.840758566125156","statusCode":429,"executionTimeMs":1.23,"cacheStatus":"n/a","filterParams":{},"paginationParams":{}}
{"level":30,"time":1781101777397,"pid":27420,"hostname":"preethika","requestId":"562458a9-311d-4dd4-a75f-5f0eed0e2de7","method":"POST","url":"/api/match?random=0.18253275384820555","statusCode":429,"executionTimeMs":1.32,"cacheStatus":"n/a","filterParams":{},"paginationParams":{}}
{"level":30,"time":1781101777399,"pid":27420,"hostname":"preethika","requestId":"8ba42ddf-a17c-47e1-91f4-b8842c21950d","method":"POST","url":"/api/match?random=0.0005837609033358948","statusCode":429,"executionTimeMs":1.07,"cacheStatus":"n/a","filterParams":{},"paginationParams":{}}
{"level":30,"time":1781101777401,"pid":27420,"hostname":"preethika","requestId":"077a8feb-1f71-4eec-8817-51c6e43af82f","method":"POST","url":"/api/match?random=0.002697772448814195","statusCode":429,"executionTimeMs":1.1,"cacheStatus":"n/a","filterParams":{},"paginationParams":{}}
{"level":30,"time":1781101777402,"pid":27420,"hostname":"preethika","requestId":"77776afb-b87f-496b-a8c4-215de9976866","method":"POST","url":"/api/match?random=0.3051697142868284","statusCode":429,"executionTimeMs":0.97,"cacheStatus":"n/a","filterParams":{},"paginationParams":{}}
{"level":30,"time":1781101777404,"pid":27420,"hostname":"preethika","requestId":"7eb6c1ac-3b4e-449f-a7a8-005509211e17","method":"POST","url":"/api/match?random=0.3482867594086667","statusCode":429,"executionTimeMs":1.02,"cacheStatus":"n/a","filterParams":{},"paginationParams":{}}
{"level":30,"time":1781101777406,"pid":27420,"hostname":"preethika","requestId":"0380963a-a66a-48ee-828c-6130c749593e","method":"POST","url":"/api/match?random=0.854517433675906","statusCode":429,"executionTimeMs":1.09,"cacheStatus":"n/a","filterParams":{},"paginationParams":{}}
{"level":30,"time":1781101777408,"pid":27420,"hostname":"preethika","requestId":"081b1b13-a5e1-4b10-a9ad-e207f4cb9916","method":"POST","url":"/api/match?random=0.4607783623504118","statusCode":429,"executionTimeMs":1.1,"cacheStatus":"n/a","filterParams":{},"paginationParams":{}}
{"level":30,"time":1781101777409,"pid":27420,"hostname":"preethika","requestId":"3bbd7439-dc3b-44ab-a927-393c67d57882","method":"POST","url":"/api/match?random=0.15907506382640557","statusCode":429,"executionTimeMs":1.04,"cacheStatus":"n/a","filterParams":{},"paginationParams":{}}
{"level":30,"time":1781101777411,"pid":27420,"hostname":"preethika","requestId":"cae6c5cd-0368-4f81-a780-5f758271a4c9","method":"POST","url":"/api/match?random=0.26390402582652905","statusCode":429,"executionTimeMs":0.97,"cacheStatus":"n/a","filterParams":{},"paginationParams":{}}
{"level":30,"time":1781101777413,"pid":27420,"hostname":"preethika","requestId":"067f6e0b-a8c9-4482-8db1-d28bd3149abe","method":"POST","url":"/api/match?random=0.9114908156892574","statusCode":429,"executionTimeMs":1.05,"cacheStatus":"n/a","filterParams":{},"paginationParams":{}}
{"level":30,"time":1781101777414,"pid":27420,"hostname":"preethika","requestId":"8ec55e4d-5d3c-405c-9a33-5a720015b06b","method":"POST","url":"/api/match?random=0.4716712206811011","statusCode":429,"executionTimeMs":0.98,"cacheStatus":"n/a","filterParams":{},"paginationParams":{}}
{"level":30,"time":1781101777416,"pid":27420,"hostname":"preethika","requestId":"40115743-d3f1-4cd6-9267-ebec2cf7b76e","method":"POST","url":"/api/match?random=0.3075889968054262","statusCode":429,"executionTimeMs":1.32,"cacheStatus":"n/a","filterParams":{},"paginationParams":{}}
{"level":30,"time":1781101777418,"pid":27420,"hostname":"preethika","requestId":"5e6a3cdc-654e-4992-b31d-e683629df1e4","method":"POST","url":"/api/match?random=0.17554255332338853","statusCode":429,"executionTimeMs":1.06,"cacheStatus":"n/a","filterParams":{},"paginationParams":{}}
{"level":30,"time":1781101777420,"pid":27420,"hostname":"preethika","requestId":"15c8f3f9-8fee-4ade-bbce-3d78a045cd4d","method":"POST","url":"/api/match?random=0.871590751313688","statusCode":429,"executionTimeMs":0.69,"cacheStatus":"n/a","filterParams":{},"paginationParams":{}}
{"level":30,"time":1781101777421,"pid":27420,"hostname":"preethika","requestId":"28bf9d30-4940-4def-a966-45818f83e798","method":"POST","url":"/api/match?random=0.8347217818839454","statusCode":429,"executionTimeMs":0.6,"cacheStatus":"n/a","filterParams":{},"paginationParams":{}}
{"level":30,"time":1781101777422,"pid":27420,"hostname":"preethika","requestId":"658bf82d-44ca-4c70-b712-3f90d3da27d1","method":"POST","url":"/api/match?random=0.7147629020631352","statusCode":429,"executionTimeMs":0.53,"cacheStatus":"n/a","filterParams":{},"paginationParams":{}}
{"level":30,"time":1781101777423,"pid":27420,"hostname":"preethika","requestId":"cbd1cf06-70d7-45bd-adc4-da4230d46619","method":"POST","url":"/api/match?random=0.5264607772895495","statusCode":429,"executionTimeMs":0.56,"cacheStatus":"n/a","filterParams":{},"paginationParams":{}}
{"level":30,"time":1781101777423,"pid":27420,"hostname":"preethika","requestId":"a3d050fc-45e0-404b-b8c1-fa5a5dea8929","method":"POST","url":"/api/match?random=0.05918608960899441","statusCode":429,"executionTimeMs":0.5,"cacheStatus":"n/a","filterParams":{},"paginationParams":{}}
{"level":30,"time":1781101777424,"pid":27420,"hostname":"preethika","requestId":"07635961-e981-4f16-a61a-b62d6971a177","method":"POST","url":"/api/match?random=0.9237165232325995","statusCode":429,"executionTimeMs":0.52,"cacheStatus":"n/a","filterParams":{},"paginationParams":{}}
{"level":30,"time":1781101777432,"pid":27420,"hostname":"preethika","requestId":"773198ac-71a0-472a-b47e-b0e99d388ffa","method":"POST","url":"/api/match?random=0.07076176872837525","statusCode":429,"executionTimeMs":1.27,"cacheStatus":"n/a","filterParams":{},"paginationParams":{}}
{"level":30,"time":1781101777435,"pid":27420,"hostname":"preethika","requestId":"aa4c8ad8-54df-40b3-88e8-641fd07cbfa8","method":"POST","url":"/api/match?random=0.3988399894106318","statusCode":429,"executionTimeMs":1.21,"cacheStatus":"n/a","filterParams":{},"paginationParams":{}}
{"level":30,"time":1781101777441,"pid":27420,"hostname":"preethika","requestId":"2c4aa330-095b-4063-8ed0-e9d94eef624b","method":"POST","url":"/api/match?random=0.5234049402545133","statusCode":429,"executionTimeMs":1.24,"cacheStatus":"n/a","filterParams":{},"paginationParams":{}}
{"level":30,"time":1781101777443,"pid":27420,"hostname":"preethika","requestId":"e11713bf-58e4-4971-b9f9-190bd49c3d08","method":"POST","url":"/api/match?random=0.3669356145147551","statusCode":429,"executionTimeMs":1.12,"cacheStatus":"n/a","filterParams":{},"paginationParams":{}}
{"level":30,"time":1781101777445,"pid":27420,"hostname":"preethika","requestId":"edf3ab80-f0c5-4b6e-93bc-6cf79eb3ee33","method":"POST","url":"/api/match?random=0.6715849397867322","statusCode":429,"executionTimeMs":1.1,"cacheStatus":"n/a","filterParams":{},"paginationParams":{}}
{"level":30,"time":1781101777448,"pid":27420,"hostname":"preethika","requestId":"479ba267-07e9-45c2-94fb-cefc42911008","method":"POST","url":"/api/match?random=0.021126664372805193","statusCode":429,"executionTimeMs":1.37,"cacheStatus":"n/a","filterParams":{},"paginationParams":{}}
{"level":30,"time":1781101777451,"pid":27420,"hostname":"preethika","requestId":"ca7c28d4-0b45-4294-8a65-36a6e0c9426d","method":"POST","url":"/api/match?random=0.30639033461240217","statusCode":429,"executionTimeMs":1.3,"cacheStatus":"n/a","filterParams":{},"paginationParams":{}}
{"level":30,"time":1781101777453,"pid":27420,"hostname":"preethika","requestId":"bdbdec09-91ed-4064-b961-f58a49914548","method":"POST","url":"/api/match?random=0.1312917497545385","statusCode":429,"executionTimeMs":1.18,"cacheStatus":"n/a","filterParams":{},"paginationParams":{}}
{"level":30,"time":1781101777455,"pid":27420,"hostname":"preethika","requestId":"040a0c34-4af2-4216-9629-d9f78838e0ea","method":"POST","url":"/api/match?random=0.6483429921531061","statusCode":429,"executionTimeMs":1.17,"cacheStatus":"n/a","filterParams":{},"paginationParams":{}}
{"level":30,"time":1781101777457,"pid":27420,"hostname":"preethika","requestId":"97d3a116-437b-4f68-bbb6-28cd553b020c","method":"POST","url":"/api/match?random=0.3602811572358411","statusCode":429,"executionTimeMs":1.04,"cacheStatus":"n/a","filterParams":{},"paginationParams":{}}
{"level":30,"time":1781101777459,"pid":27420,"hostname":"preethika","requestId":"05267a9e-2c6c-408a-9571-a190bd93e282","method":"POST","url":"/api/match?random=0.2840250714479555","statusCode":429,"executionTimeMs":1.05,"cacheStatus":"n/a","filterParams":{},"paginationParams":{}}
{"level":30,"time":1781101777461,"pid":27420,"hostname":"preethika","requestId":"8d906bce-53df-41f9-b48f-85798628cbe2","method":"POST","url":"/api/match?random=0.6374966215801794","statusCode":429,"executionTimeMs":0.98,"cacheStatus":"n/a","filterParams":{},"paginationParams":{}}
{"level":30,"time":1781101777464,"pid":27420,"hostname":"preethika","requestId":"21d6cf18-bad3-4aac-91be-5a05ad68c482","method":"POST","url":"/api/match?random=0.3734588627797202","statusCode":429,"executionTimeMs":1.12,"cacheStatus":"n/a","filterParams":{},"paginationParams":{}}
{"level":30,"time":1781101777466,"pid":27420,"hostname":"preethika","requestId":"608a0de1-0a0f-4867-98b2-879826300273","method":"POST","url":"/api/match?random=0.9774530311397767","statusCode":429,"executionTimeMs":1.25,"cacheStatus":"n/a","filterParams":{},"paginationParams":{}}
{"level":30,"time":1781101777468,"pid":27420,"hostname":"preethika","requestId":"9b8435b5-82e1-424f-8442-8af0aebf50e2","method":"POST","url":"/api/match?random=0.012828076576481662","statusCode":429,"executionTimeMs":1.2,"cacheStatus":"n/a","filterParams":{},"paginationParams":{}}
{"level":30,"time":1781101777470,"pid":27420,"hostname":"preethika","requestId":"5fdbd79c-53f3-4a85-9eaa-4cfaa7ccf9c1","method":"POST","url":"/api/match?random=0.5664638611013901","statusCode":429,"executionTimeMs":1.13,"cacheStatus":"n/a","filterParams":{},"paginationParams":{}}
{"level":30,"time":1781101777472,"pid":27420,"hostname":"preethika","requestId":"ffb3fbd4-f5f3-4976-9f00-6c98f8a06907","method":"POST","url":"/api/match?random=0.22441536751566216","statusCode":429,"executionTimeMs":0.95,"cacheStatus":"n/a","filterParams":{},"paginationParams":{}}
{"level":30,"time":1781101777474,"pid":27420,"hostname":"preethika","requestId":"4c15f57f-85ad-4c50-a7a1-01caa009ebac","method":"POST","url":"/api/match?random=0.1979579103053528","statusCode":429,"executionTimeMs":0.96,"cacheStatus":"n/a","filterParams":{},"paginationParams":{}}
{"level":30,"time":1781101777477,"pid":27420,"hostname":"preethika","requestId":"a92b41a2-f164-4124-88b8-a5949bca41d1","method":"POST","url":"/api/match?random=0.8373784502315214","statusCode":429,"executionTimeMs":1.44,"cacheStatus":"n/a","filterParams":{},"paginationParams":{}}
{"level":30,"time":1781101777479,"pid":27420,"hostname":"preethika","requestId":"0ce4cc3c-a3a2-4634-9f7f-231d53590070","method":"POST","url":"/api/match?random=0.7769366346331825","statusCode":429,"executionTimeMs":1.37,"cacheStatus":"n/a","filterParams":{},"paginationParams":{}}
{"level":30,"time":1781101777482,"pid":27420,"hostname":"preethika","requestId":"f893a1f0-a10b-48c2-b4ea-78b6af3190d0","method":"POST","url":"/api/match?random=0.9539002468615383","statusCode":429,"executionTimeMs":1.15,"cacheStatus":"n/a","filterParams":{},"paginationParams":{}}
{"level":30,"time":1781101777484,"pid":27420,"hostname":"preethika","requestId":"bf5aaa78-93fd-4b6c-932e-8091133c75ab","method":"POST","url":"/api/match?random=0.9683129032579916","statusCode":429,"executionTimeMs":1.03,"cacheStatus":"n/a","filterParams":{},"paginationParams":{}}
{"level":30,"time":1781101777485,"pid":27420,"hostname":"preethika","requestId":"b977afe7-60ba-4839-b65a-8b80827efac3","method":"POST","url":"/api/match?random=0.15953931980659308","statusCode":429,"executionTimeMs":0.81,"cacheStatus":"n/a","filterParams":{},"paginationParams":{}}
{"level":30,"time":1781101777486,"pid":27420,"hostname":"preethika","requestId":"46921f1f-6c54-42a2-bb8e-928ca5fb4007","method":"POST","url":"/api/match?random=0.9749598908810932","statusCode":429,"executionTimeMs":0.59,"cacheStatus":"n/a","filterParams":{},"paginationParams":{}}
{"level":30,"time":1781101777488,"pid":27420,"hostname":"preethika","requestId":"751097c3-7e03-4466-b05e-5be8d49fbf3d","method":"POST","url":"/api/match?random=0.44658226500724885","statusCode":429,"executionTimeMs":0.62,"cacheStatus":"n/a","filterParams":{},"paginationParams":{}}
{"level":30,"time":1781101777489,"pid":27420,"hostname":"preethika","requestId":"cdc08155-36ee-446f-aa0c-b7b73aeece42","method":"POST","url":"/api/match?random=0.7218828042953671","statusCode":429,"executionTimeMs":0.71,"cacheStatus":"n/a","filterParams":{},"paginationParams":{}}
{"level":30,"time":1781101777490,"pid":27420,"hostname":"preethika","requestId":"490d9e31-3bb3-41a2-9912-7aa62ae700aa","method":"POST","url":"/api/match?random=0.29638615928112455","statusCode":429,"executionTimeMs":0.77,"cacheStatus":"n/a","filterParams":{},"paginationParams":{}}
{"level":30,"time":1781101777492,"pid":27420,"hostname":"preethika","requestId":"56d72fe2-c93f-408e-a912-f1583a66357d","method":"POST","url":"/api/match?random=0.5794988582886214","statusCode":429,"executionTimeMs":0.79,"cacheStatus":"n/a","filterParams":{},"paginationParams":{}}
{"level":30,"time":1781101777493,"pid":27420,"hostname":"preethika","requestId":"069a658e-cb64-4a1d-b1d0-9c1ed09d9c42","method":"POST","url":"/api/match?random=0.769185374564658","statusCode":429,"executionTimeMs":0.85,"cacheStatus":"n/a","filterParams":{},"paginationParams":{}}
{"level":30,"time":1781101777496,"pid":27420,"hostname":"preethika","requestId":"2e0075ca-cc00-4e14-a761-479386afb0c4","method":"POST","url":"/api/match?random=0.2123118846559202","statusCode":429,"executionTimeMs":1.48,"cacheStatus":"n/a","filterParams":{},"paginationParams":{}}
{"level":30,"time":1781101777497,"pid":27420,"hostname":"preethika","requestId":"062c4cae-0777-4482-a1c7-e2f988b70cd6","method":"POST","url":"/api/match?random=0.8367455149492238","statusCode":429,"executionTimeMs":0.86,"cacheStatus":"n/a","filterParams":{},"paginationParams":{}}
{"level":30,"time":1781101777583,"pid":27420,"hostname":"preethika","requestId":"0abb2d37-9a2e-44ef-9e05-513bb32da26b","method":"POST","url":"/api/match?random=0.9056550983948886","statusCode":429,"executionTimeMs":0.92,"cacheStatus":"n/a","filterParams":{},"paginationParams":{}}
{"level":30,"time":1781101777591,"pid":27420,"hostname":"preethika","requestId":"7b01a6a6-476d-4a6f-80f8-c83c14408e49","method":"POST","url":"/api/match?random=0.45700403698787273","statusCode":429,"executionTimeMs":2.22,"cacheStatus":"n/a","filterParams":{},"paginationParams":{}}
{"level":30,"time":1781101777592,"pid":27420,"hostname":"preethika","requestId":"a09fc238-ed76-493d-9ad2-bb01d9f18a71","method":"POST","url":"/api/match?random=0.5031201480137866","statusCode":429,"executionTimeMs":1.13,"cacheStatus":"n/a","filterParams":{},"paginationParams":{}}
{"level":30,"time":1781101777601,"pid":27420,"hostname":"preethika","requestId":"b6e97787-01d6-4edd-bed7-08dd913171b2","method":"POST","url":"/api/match?random=0.19535241704152728","statusCode":429,"executionTimeMs":1.43,"cacheStatus":"n/a","filterParams":{},"paginationParams":{}}
{"level":30,"time":1781101777603,"pid":27420,"hostname":"preethika","requestId":"2f9cbe5b-d231-4202-bb9d-200918868cf8","method":"POST","url":"/api/match?random=0.19515917069603494","statusCode":429,"executionTimeMs":1.34,"cacheStatus":"n/a","filterParams":{},"paginationParams":{}}
{"level":30,"time":1781101777605,"pid":27420,"hostname":"preethika","requestId":"1413b87c-4628-4e41-9777-d491a0d14b31","method":"POST","url":"/api/match?random=0.4197519639133451","statusCode":429,"executionTimeMs":0.83,"cacheStatus":"n/a","filterParams":{},"paginationParams":{}}
{"level":30,"time":1781101777606,"pid":27420,"hostname":"preethika","requestId":"4270cfb1-d448-4977-aa8f-2ff36675f87b","method":"POST","url":"/api/match?random=0.4090741276962333","statusCode":429,"executionTimeMs":0.85,"cacheStatus":"n/a","filterParams":{},"paginationParams":{}}
{"level":30,"time":1781101777608,"pid":27420,"hostname":"preethika","requestId":"22a96619-a0a5-4d6e-bf85-e231dcc354e2","method":"POST","url":"/api/match?random=0.5060317546537967","statusCode":429,"executionTimeMs":0.78,"cacheStatus":"n/a","filterParams":{},"paginationParams":{}}
{"level":30,"time":1781101777609,"pid":27420,"hostname":"preethika","requestId":"1794db9c-9216-4b77-9819-dc98c48f6b87","method":"POST","url":"/api/match?random=0.18420413343540964","statusCode":429,"executionTimeMs":0.74,"cacheStatus":"n/a","filterParams":{},"paginationParams":{}}
{"level":30,"time":1781101777610,"pid":27420,"hostname":"preethika","requestId":"4f660f8d-c0fe-43d2-ac1f-d509ce1a3dd1","method":"POST","url":"/api/match?random=0.8216159848467","statusCode":429,"executionTimeMs":0.72,"cacheStatus":"n/a","filterParams":{},"paginationParams":{}}
{"level":30,"time":1781101777611,"pid":27420,"hostname":"preethika","requestId":"8c1e8b49-66ba-4eb0-96c4-464d534c6aa3","method":"POST","url":"/api/match?random=0.1121489355903258","statusCode":429,"executionTimeMs":0.7,"cacheStatus":"n/a","filterParams":{},"paginationParams":{}}
{"level":30,"time":1781101777612,"pid":27420,"hostname":"preethika","requestId":"d7952837-8aa9-4a17-b1bc-b56440854361","method":"POST","url":"/api/match?random=0.5520036321181061","statusCode":429,"executionTimeMs":0.74,"cacheStatus":"n/a","filterParams":{},"paginationParams":{}}
{"level":30,"time":1781101777614,"pid":27420,"hostname":"preethika","requestId":"aba3e5bb-6c88-4884-af0a-8a534334a25f","method":"POST","url":"/api/match?random=0.4222748110781842","statusCode":429,"executionTimeMs":0.72,"cacheStatus":"n/a","filterParams":{},"paginationParams":{}}
{"level":30,"time":1781101777615,"pid":27420,"hostname":"preethika","requestId":"e834dfaa-1ac4-4e88-8d7e-db0201900f8f","method":"POST","url":"/api/match?random=0.21070462023562908","statusCode":429,"executionTimeMs":0.74,"cacheStatus":"n/a","filterParams":{},"paginationParams":{}}
{"level":30,"time":1781101777616,"pid":27420,"hostname":"preethika","requestId":"22629b57-77b3-42b0-aea3-df85c14ebec1","method":"POST","url":"/api/match?random=0.8707298971594326","statusCode":429,"executionTimeMs":0.72,"cacheStatus":"n/a","filterParams":{},"paginationParams":{}}
{"level":30,"time":1781101777617,"pid":27420,"hostname":"preethika","requestId":"a6f927ff-f078-42b6-99fc-da30849887a7","method":"POST","url":"/api/match?random=0.29788207014559775","statusCode":429,"executionTimeMs":0.73,"cacheStatus":"n/a","filterParams":{},"paginationParams":{}}
{"level":30,"time":1781101777619,"pid":27420,"hostname":"preethika","requestId":"927713b8-5eb5-4b92-87c8-54f8baf20f25","method":"POST","url":"/api/match?random=0.8431606016620687","statusCode":429,"executionTimeMs":0.82,"cacheStatus":"n/a","filterParams":{},"paginationParams":{}}
{"level":30,"time":1781101777620,"pid":27420,"hostname":"preethika","requestId":"619e4f7c-0e79-4f8c-8d2d-9278e14bd370","method":"POST","url":"/api/match?random=0.760304483195787","statusCode":429,"executionTimeMs":0.73,"cacheStatus":"n/a","filterParams":{},"paginationParams":{}}
{"level":30,"time":1781101777621,"pid":27420,"hostname":"preethika","requestId":"93d7f40d-4602-41f0-bcd1-26ec8383f0c7","method":"POST","url":"/api/match?random=0.6565329897941796","statusCode":429,"executionTimeMs":0.73,"cacheStatus":"n/a","filterParams":{},"paginationParams":{}}
{"level":30,"time":1781101777622,"pid":27420,"hostname":"preethika","requestId":"edbc060b-8ddf-4b73-8880-744da2f0af09","method":"POST","url":"/api/match?random=0.08621518486562674","statusCode":429,"executionTimeMs":0.78,"cacheStatus":"n/a","filterParams":{},"paginationParams":{}}
{"level":30,"time":1781101777624,"pid":27420,"hostname":"preethika","requestId":"ff54dbca-4cb8-471e-b795-dd21388e9bf0","method":"POST","url":"/api/match?random=0.10733900043713884","statusCode":429,"executionTimeMs":0.68,"cacheStatus":"n/a","filterParams":{},"paginationParams":{}}
{"level":30,"time":1781101777625,"pid":27420,"hostname":"preethika","requestId":"cb0d36ff-c2c3-4dbe-8976-93309a7522db","method":"POST","url":"/api/match?random=0.8441937206930907","statusCode":429,"executionTimeMs":0.81,"cacheStatus":"n/a","filterParams":{},"paginationParams":{}}
{"level":30,"time":1781101777626,"pid":27420,"hostname":"preethika","requestId":"6104c0fc-6130-47e6-b23a-bb226c6c96ef","method":"POST","url":"/api/match?random=0.8757356554503066","statusCode":429,"executionTimeMs":0.71,"cacheStatus":"n/a","filterParams":{},"paginationParams":{}}
{"level":30,"time":1781101777627,"pid":27420,"hostname":"preethika","requestId":"b1fd644b-99e5-4533-ac3f-f74a52efaac5","method":"POST","url":"/api/match?random=0.8059508709613679","statusCode":429,"executionTimeMs":0.63,"cacheStatus":"n/a","filterParams":{},"paginationParams":{}}
{"level":30,"time":1781101777628,"pid":27420,"hostname":"preethika","requestId":"6fa28206-515f-4e6d-901c-ac538c5fc773","method":"POST","url":"/api/match?random=0.4063870128582996","statusCode":429,"executionTimeMs":0.74,"cacheStatus":"n/a","filterParams":{},"paginationParams":{}}
{"level":30,"time":1781101777630,"pid":27420,"hostname":"preethika","requestId":"42db3b1a-d731-4cdc-a7a3-d647a063a3e9","method":"POST","url":"/api/match?random=0.2432936756608295","statusCode":429,"executionTimeMs":0.76,"cacheStatus":"n/a","filterParams":{},"paginationParams":{}}
{"level":30,"time":1781101777631,"pid":27420,"hostname":"preethika","requestId":"3de8720d-0e1d-4ba1-b9fa-42e0f919ccee","method":"POST","url":"/api/match?random=0.3754390410130044","statusCode":429,"executionTimeMs":0.68,"cacheStatus":"n/a","filterParams":{},"paginationParams":{}}
{"level":30,"time":1781101777633,"pid":27420,"hostname":"preethika","requestId":"2a0a217b-5bea-4ce6-aaf7-0f43b88cc550","method":"POST","url":"/api/match?random=0.8032854779619332","statusCode":429,"executionTimeMs":1.27,"cacheStatus":"n/a","filterParams":{},"paginationParams":{}}
{"level":30,"time":1781101777635,"pid":27420,"hostname":"preethika","requestId":"ede20436-c47f-4f4b-8cff-f78448b79947","method":"POST","url":"/api/match?random=0.5780471150910371","statusCode":429,"executionTimeMs":0.95,"cacheStatus":"n/a","filterParams":{},"paginationParams":{}}
{"level":30,"time":1781101777636,"pid":27420,"hostname":"preethika","requestId":"714102ae-fa29-43fc-b4e0-23787402e6de","method":"POST","url":"/api/match?random=0.5411098323426629","statusCode":429,"executionTimeMs":0.89,"cacheStatus":"n/a","filterParams":{},"paginationParams":{}}
{"level":30,"time":1781101777638,"pid":27420,"hostname":"preethika","requestId":"2a0a0187-d0aa-4820-8592-994a786bfe10","method":"POST","url":"/api/match?random=0.5589902604339301","statusCode":429,"executionTimeMs":1.05,"cacheStatus":"n/a","filterParams":{},"paginationParams":{}}
{"level":30,"time":1781101777640,"pid":27420,"hostname":"preethika","requestId":"7c916b04-3939-4f80-bfd3-e848d5449851","method":"POST","url":"/api/match?random=0.5952090422389023","statusCode":429,"executionTimeMs":0.96,"cacheStatus":"n/a","filterParams":{},"paginationParams":{}}
{"level":30,"time":1781101777650,"pid":27420,"hostname":"preethika","requestId":"e0c5b25e-3a01-44ae-967b-1d0693d29eac","method":"POST","url":"/api/match?random=0.6273663154133868","statusCode":429,"executionTimeMs":1,"cacheStatus":"n/a","filterParams":{},"paginationParams":{}}
{"level":30,"time":1781101777651,"pid":27420,"hostname":"preethika","requestId":"99784676-e465-4331-ab89-7678f5e67752","method":"POST","url":"/api/match?random=0.7338358786825341","statusCode":429,"executionTimeMs":0.71,"cacheStatus":"n/a","filterParams":{},"paginationParams":{}}
{"level":30,"time":1781101777653,"pid":27420,"hostname":"preethika","requestId":"ddcf8446-8adb-4aee-934e-11541b932277","method":"POST","url":"/api/match?random=0.9977587997538724","statusCode":429,"executionTimeMs":0.77,"cacheStatus":"n/a","filterParams":{},"paginationParams":{}}
{"level":30,"time":1781101777654,"pid":27420,"hostname":"preethika","requestId":"547ff5a7-a139-42f5-8a1b-4aad47254d24","method":"POST","url":"/api/match?random=0.10202039293961751","statusCode":429,"executionTimeMs":1.12,"cacheStatus":"n/a","filterParams":{},"paginationParams":{}}
{"level":30,"time":1781101777656,"pid":27420,"hostname":"preethika","requestId":"f1b98031-11f0-45b3-b5fc-5ae13e0756d5","method":"POST","url":"/api/match?random=0.3741386650836316","statusCode":429,"executionTimeMs":0.99,"cacheStatus":"n/a","filterParams":{},"paginationParams":{}}
{"level":30,"time":1781101777658,"pid":27420,"hostname":"preethika","requestId":"45952ea9-ada2-4c6a-9c20-7dafef81424e","method":"POST","url":"/api/match?random=0.1780242194152779","statusCode":429,"executionTimeMs":0.94,"cacheStatus":"n/a","filterParams":{},"paginationParams":{}}
{"level":30,"time":1781101777659,"pid":27420,"hostname":"preethika","requestId":"ee8c5b63-9cb9-42ac-a6e4-31fada53871a","method":"POST","url":"/api/match?random=0.8100005943990902","statusCode":429,"executionTimeMs":0.83,"cacheStatus":"n/a","filterParams":{},"paginationParams":{}}
{"level":30,"time":1781101777661,"pid":27420,"hostname":"preethika","requestId":"952c0444-18bb-4034-9451-10f3901c9587","method":"POST","url":"/api/match?random=0.11026208644142077","statusCode":429,"executionTimeMs":0.83,"cacheStatus":"n/a","filterParams":{},"paginationParams":{}}
{"level":30,"time":1781101777663,"pid":27420,"hostname":"preethika","requestId":"98c8c2b0-af33-40ca-a8cb-fcfd59018505","method":"POST","url":"/api/match?random=0.14023622270528135","statusCode":429,"executionTimeMs":1.58,"cacheStatus":"n/a","filterParams":{},"paginationParams":{}}
{"level":30,"time":1781101777664,"pid":27420,"hostname":"preethika","requestId":"fcebb798-3cef-41bb-8392-41434b605521","method":"POST","url":"/api/match?random=0.015245947366982149","statusCode":429,"executionTimeMs":0.71,"cacheStatus":"n/a","filterParams":{},"paginationParams":{}}
{"level":30,"time":1781101777665,"pid":27420,"hostname":"preethika","requestId":"53336048-7a5e-4a02-bc1f-6e49e12fc4e8","method":"POST","url":"/api/match?random=0.18085446830246488","statusCode":429,"executionTimeMs":0.75,"cacheStatus":"n/a","filterParams":{},"paginationParams":{}}
{"level":30,"time":1781101777667,"pid":27420,"hostname":"preethika","requestId":"6ae4a150-b57d-44c3-809e-a19d0687809c","method":"POST","url":"/api/match?random=0.779654611000594","statusCode":429,"executionTimeMs":0.74,"cacheStatus":"n/a","filterParams":{},"paginationParams":{}}
{"level":30,"time":1781101777668,"pid":27420,"hostname":"preethika","requestId":"cc38da7b-658a-455e-bf40-5a12fe0849fe","method":"POST","url":"/api/match?random=0.8217594821812109","statusCode":429,"executionTimeMs":0.76,"cacheStatus":"n/a","filterParams":{},"paginationParams":{}}
{"level":30,"time":1781101777669,"pid":27420,"hostname":"preethika","requestId":"b20cd0bd-54ef-47d3-9202-73dea046ef74","method":"POST","url":"/api/match?random=0.3913379711905771","statusCode":429,"executionTimeMs":0.9,"cacheStatus":"n/a","filterParams":{},"paginationParams":{}}
{"level":30,"time":1781101777671,"pid":27420,"hostname":"preethika","requestId":"8fc38b0a-1e4c-408b-ada9-2a7d1a97d2ab","method":"POST","url":"/api/match?random=0.3251183478958255","statusCode":429,"executionTimeMs":1.02,"cacheStatus":"n/a","filterParams":{},"paginationParams":{}}
{"level":30,"time":1781101777673,"pid":27420,"hostname":"preethika","requestId":"ca274365-fd91-42ce-a964-828ae9fefcb0","method":"POST","url":"/api/match?random=0.028809873730250235","statusCode":429,"executionTimeMs":0.97,"cacheStatus":"n/a","filterParams":{},"paginationParams":{}}
{"level":30,"time":1781101777674,"pid":27420,"hostname":"preethika","requestId":"8c5abc83-90e3-473d-96dc-59eb4ca26bdd","method":"POST","url":"/api/match?random=0.8165260254744333","statusCode":429,"executionTimeMs":0.74,"cacheStatus":"n/a","filterParams":{},"paginationParams":{}}
{"level":30,"time":1781101777676,"pid":27420,"hostname":"preethika","requestId":"558e1a2c-205c-442f-b818-061214bc2716","method":"POST","url":"/api/match?random=0.7383722439328642","statusCode":429,"executionTimeMs":1.39,"cacheStatus":"n/a","filterParams":{},"paginationParams":{}}
{"level":30,"time":1781101777678,"pid":27420,"hostname":"preethika","requestId":"e5bd52e1-a0a8-4ed3-a8ba-94d50f2d2fa7","method":"POST","url":"/api/match?random=0.8429581834439948","statusCode":429,"executionTimeMs":0.96,"cacheStatus":"n/a","filterParams":{},"paginationParams":{}}
{"level":30,"time":1781101777681,"pid":27420,"hostname":"preethika","requestId":"f5a381a2-fd9d-4933-be22-47cae59d60ee","method":"POST","url":"/api/match?random=0.6555363815985067","statusCode":429,"executionTimeMs":1.82,"cacheStatus":"n/a","filterParams":{},"paginationParams":{}}
{"level":30,"time":1781101777683,"pid":27420,"hostname":"preethika","requestId":"32bed315-e87e-4940-925b-2ed219e51208","method":"POST","url":"/api/match?random=0.7957620352060526","statusCode":429,"executionTimeMs":1.05,"cacheStatus":"n/a","filterParams":{},"paginationParams":{}}
{"level":30,"time":1781101777687,"pid":27420,"hostname":"preethika","requestId":"bf512dbc-0d8a-4a46-8a90-4e1c6e5c96c0","method":"POST","url":"/api/match?random=0.7595481301938933","statusCode":429,"executionTimeMs":1.03,"cacheStatus":"n/a","filterParams":{},"paginationParams":{}}
{"level":30,"time":1781101777689,"pid":27420,"hostname":"preethika","requestId":"f51c822d-5075-4302-a782-bbfde65d04ce","method":"POST","url":"/api/match?random=0.6973546787087814","statusCode":429,"executionTimeMs":1.23,"cacheStatus":"n/a","filterParams":{},"paginationParams":{}}
{"level":30,"time":1781101777690,"pid":27420,"hostname":"preethika","requestId":"1559f497-c998-4a1f-9179-93c6a150a948","method":"POST","url":"/api/match?random=0.6783319757976816","statusCode":429,"executionTimeMs":0.94,"cacheStatus":"n/a","filterParams":{},"paginationParams":{}}
{"level":30,"time":1781101777692,"pid":27420,"hostname":"preethika","requestId":"53ee7f8a-d260-419d-925a-ea9703afe386","method":"POST","url":"/api/match?random=0.009752993899216023","statusCode":429,"executionTimeMs":0.89,"cacheStatus":"n/a","filterParams":{},"paginationParams":{}}
{"level":30,"time":1781101777693,"pid":27420,"hostname":"preethika","requestId":"64e3b295-83a6-4c58-93c3-7caa931803b7","method":"POST","url":"/api/match?random=0.4505124562098928","statusCode":429,"executionTimeMs":0.89,"cacheStatus":"n/a","filterParams":{},"paginationParams":{}}
{"level":30,"time":1781101777695,"pid":27420,"hostname":"preethika","requestId":"26182924-35d8-4be2-ae67-d1a37af81995","method":"POST","url":"/api/match?random=0.741206049399542","statusCode":429,"executionTimeMs":0.85,"cacheStatus":"n/a","filterParams":{},"paginationParams":{}}
{"level":30,"time":1781101777696,"pid":27420,"hostname":"preethika","requestId":"3baa50c2-bd81-4207-a3ec-52256e9e68b3","method":"POST","url":"/api/match?random=0.8703962349302861","statusCode":429,"executionTimeMs":0.76,"cacheStatus":"n/a","filterParams":{},"paginationParams":{}}
{"level":30,"time":1781101777698,"pid":27420,"hostname":"preethika","requestId":"63f2622b-3154-4c11-8c93-55d57a2d721e","method":"POST","url":"/api/match?random=0.6676532783324993","statusCode":429,"executionTimeMs":1.2,"cacheStatus":"n/a","filterParams":{},"paginationParams":{}}
{"level":30,"time":1781101777699,"pid":27420,"hostname":"preethika","requestId":"4514acd8-2f7b-452f-825b-fec423ec6ea1","method":"POST","url":"/api/match?random=0.43811367369053333","statusCode":429,"executionTimeMs":0.8,"cacheStatus":"n/a","filterParams":{},"paginationParams":{}}
{"level":30,"time":1781101777700,"pid":27420,"hostname":"preethika","requestId":"f01afef8-9c5e-422f-82d7-f48d88e99311","method":"POST","url":"/api/match?random=0.18757978625219285","statusCode":429,"executionTimeMs":0.71,"cacheStatus":"n/a","filterParams":{},"paginationParams":{}}
{"level":30,"time":1781101777702,"pid":27420,"hostname":"preethika","requestId":"e1f79dba-2a51-4b9c-90ea-b0af3b4f8ecc","method":"POST","url":"/api/match?random=0.9237768314373023","statusCode":429,"executionTimeMs":0.68,"cacheStatus":"n/a","filterParams":{},"paginationParams":{}}
{"level":30,"time":1781101777713,"pid":27420,"hostname":"preethika","requestId":"b43b5e0d-05e9-4868-99dc-dfe451c9c5e5","method":"POST","url":"/api/match?random=0.561272227262237","statusCode":429,"executionTimeMs":1.16,"cacheStatus":"n/a","filterParams":{},"paginationParams":{}}
{"level":30,"time":1781101777715,"pid":27420,"hostname":"preethika","requestId":"3146c303-10bb-4e2a-97e8-a70279a0e655","method":"POST","url":"/api/match?random=0.10320282798960156","statusCode":429,"executionTimeMs":0.89,"cacheStatus":"n/a","filterParams":{},"paginationParams":{}}
{"level":30,"time":1781101777716,"pid":27420,"hostname":"preethika","requestId":"40a588e5-4767-470d-bb80-4c6853b20943","method":"POST","url":"/api/match?random=0.19821586586749995","statusCode":429,"executionTimeMs":0.89,"cacheStatus":"n/a","filterParams":{},"paginationParams":{}}
{"level":30,"time":1781101777718,"pid":27420,"hostname":"preethika","requestId":"ff84f437-e06f-4cd3-a26b-845490133338","method":"POST","url":"/api/match?random=0.4814592462528813","statusCode":429,"executionTimeMs":0.86,"cacheStatus":"n/a","filterParams":{},"paginationParams":{}}
{"level":30,"time":1781101777719,"pid":27420,"hostname":"preethika","requestId":"61288911-46ae-4c5a-bf96-7927148901e0","method":"POST","url":"/api/match?random=0.5519504618276618","statusCode":429,"executionTimeMs":0.76,"cacheStatus":"n/a","filterParams":{},"paginationParams":{}}
{"level":30,"time":1781101777720,"pid":27420,"hostname":"preethika","requestId":"ed3cd607-8e74-409c-bff5-738db3632b48","method":"POST","url":"/api/match?random=0.48568734155135584","statusCode":429,"executionTimeMs":0.73,"cacheStatus":"n/a","filterParams":{},"paginationParams":{}}
{"level":30,"time":1781101777722,"pid":27420,"hostname":"preethika","requestId":"a83f9846-50c0-4e35-9576-24d21f849ed1","method":"POST","url":"/api/match?random=0.5028044205253304","statusCode":429,"executionTimeMs":0.77,"cacheStatus":"n/a","filterParams":{},"paginationParams":{}}
{"level":30,"time":1781101777723,"pid":27420,"hostname":"preethika","requestId":"2d6fae64-f65f-42be-ac40-f1408032c6bd","method":"POST","url":"/api/match?random=0.06450416511232682","statusCode":429,"executionTimeMs":0.74,"cacheStatus":"n/a","filterParams":{},"paginationParams":{}}
{"level":30,"time":1781101777724,"pid":27420,"hostname":"preethika","requestId":"f8c28193-e40b-4076-b61e-96f879c77d05","method":"POST","url":"/api/match?random=0.06888690130132047","statusCode":429,"executionTimeMs":0.8,"cacheStatus":"n/a","filterParams":{},"paginationParams":{}}
{"level":30,"time":1781101777725,"pid":27420,"hostname":"preethika","requestId":"154f4656-2853-4ff3-915a-d5e25ac21906","method":"POST","url":"/api/match?random=0.5812004997692877","statusCode":429,"executionTimeMs":0.74,"cacheStatus":"n/a","filterParams":{},"paginationParams":{}}
{"level":30,"time":1781101777727,"pid":27420,"hostname":"preethika","requestId":"84302542-8ffa-4d2b-9dc2-d481c0447594","method":"POST","url":"/api/match?random=0.4373440191775493","statusCode":429,"executionTimeMs":0.74,"cacheStatus":"n/a","filterParams":{},"paginationParams":{}}
{"level":30,"time":1781101777729,"pid":27420,"hostname":"preethika","requestId":"22f2f34f-40f0-4f16-9029-c56bf4ef2782","method":"POST","url":"/api/match?random=0.5971702011734257","statusCode":429,"executionTimeMs":1.56,"cacheStatus":"n/a","filterParams":{},"paginationParams":{}}
{"level":30,"time":1781101777731,"pid":27420,"hostname":"preethika","requestId":"4de89b38-cc97-4661-a870-cc81da2f94b2","method":"POST","url":"/api/match?random=0.8779130660813039","statusCode":429,"executionTimeMs":1.09,"cacheStatus":"n/a","filterParams":{},"paginationParams":{}}
{"level":30,"time":1781101777734,"pid":27420,"hostname":"preethika","requestId":"c852e285-c9d9-4821-a885-d8ea7a34645d","method":"POST","url":"/api/match?random=0.468099471074354","statusCode":429,"executionTimeMs":1.69,"cacheStatus":"n/a","filterParams":{},"paginationParams":{}}
{"level":30,"time":1781101777740,"pid":27420,"hostname":"preethika","requestId":"c48f43a4-43b3-4d92-83e4-0ce63c1c0290","method":"POST","url":"/api/match?random=0.9578100810560997","statusCode":429,"executionTimeMs":3.03,"cacheStatus":"n/a","filterParams":{},"paginationParams":{}}
{"level":30,"time":1781101777742,"pid":27420,"hostname":"preethika","requestId":"0fe43462-5197-401a-acff-2c227eb63620","method":"POST","url":"/api/match?random=0.5308911261454496","statusCode":429,"executionTimeMs":2.04,"cacheStatus":"n/a","filterParams":{},"paginationParams":{}}
{"level":30,"time":1781101777747,"pid":27420,"hostname":"preethika","requestId":"698efd72-62d3-48e9-923d-be540a2fcc5e","method":"POST","url":"/api/match?random=0.26490128927407386","statusCode":429,"executionTimeMs":1.97,"cacheStatus":"n/a","filterParams":{},"paginationParams":{}}
{"level":30,"time":1781101777748,"pid":27420,"hostname":"preethika","requestId":"4973b7f2-eeee-4239-a534-23a9929414e3","method":"POST","url":"/api/match?random=0.7779383160672579","statusCode":429,"executionTimeMs":0.94,"cacheStatus":"n/a","filterParams":{},"paginationParams":{}}
{"level":30,"time":1781101777750,"pid":27420,"hostname":"preethika","requestId":"1cf495a2-86fb-4e41-8996-66f5836f6be8","method":"POST","url":"/api/match?random=0.4044489595274161","statusCode":429,"executionTimeMs":0.84,"cacheStatus":"n/a","filterParams":{},"paginationParams":{}}
{"level":30,"time":1781101777751,"pid":27420,"hostname":"preethika","requestId":"f639dd66-256b-4a54-a60a-564ddde58572","method":"POST","url":"/api/match?random=0.9116400951272594","statusCode":429,"executionTimeMs":0.82,"cacheStatus":"n/a","filterParams":{},"paginationParams":{}}
{"level":30,"time":1781101777752,"pid":27420,"hostname":"preethika","requestId":"7edd1332-4972-4272-888d-01deef7f850a","method":"POST","url":"/api/match?random=0.85073805859029","statusCode":429,"executionTimeMs":0.75,"cacheStatus":"n/a","filterParams":{},"paginationParams":{}}
{"level":30,"time":1781101777754,"pid":27420,"hostname":"preethika","requestId":"aa2fbb3f-668d-4a61-ae7e-428d93b663a1","method":"POST","url":"/api/match?random=0.483124795284797","statusCode":429,"executionTimeMs":0.69,"cacheStatus":"n/a","filterParams":{},"paginationParams":{}}
{"level":30,"time":1781101777755,"pid":27420,"hostname":"preethika","requestId":"a3d52914-fb4d-4df5-a72d-512a814be7d2","method":"POST","url":"/api/match?random=0.4063882174499822","statusCode":429,"executionTimeMs":0.74,"cacheStatus":"n/a","filterParams":{},"paginationParams":{}}
{"level":30,"time":1781101777756,"pid":27420,"hostname":"preethika","requestId":"7e70e243-88c3-4d6e-9ec2-5455b8aafdd1","method":"POST","url":"/api/match?random=0.22867804093827937","statusCode":429,"executionTimeMs":0.71,"cacheStatus":"n/a","filterParams":{},"paginationParams":{}}
{"level":30,"time":1781101777757,"pid":27420,"hostname":"preethika","requestId":"4d88060e-b9ca-4495-b4d3-d0345d182e04","method":"POST","url":"/api/match?random=0.16248329593290967","statusCode":429,"executionTimeMs":0.8,"cacheStatus":"n/a","filterParams":{},"paginationParams":{}}
{"level":30,"time":1781101777759,"pid":27420,"hostname":"preethika","requestId":"fa9234cc-4e13-424a-9ad0-527e5df53b4b","method":"POST","url":"/api/match?random=0.7519455026964457","statusCode":429,"executionTimeMs":0.75,"cacheStatus":"n/a","filterParams":{},"paginationParams":{}}
{"level":30,"time":1781101777760,"pid":27420,"hostname":"preethika","requestId":"2e30a5f2-fc3f-44dd-bb10-d578b73805ce","method":"POST","url":"/api/match?random=0.11454391317653578","statusCode":429,"executionTimeMs":0.7,"cacheStatus":"n/a","filterParams":{},"paginationParams":{}}
{"level":30,"time":1781101777761,"pid":27420,"hostname":"preethika","requestId":"53d9687d-cb15-4f9b-9d81-3f342d015376","method":"POST","url":"/api/match?random=0.056471024690146976","statusCode":429,"executionTimeMs":0.72,"cacheStatus":"n/a","filterParams":{},"paginationParams":{}}
{"level":30,"time":1781101777762,"pid":27420,"hostname":"preethika","requestId":"7c398d81-4aa4-4412-8974-e588fc6a9763","method":"POST","url":"/api/match?random=0.2023136797301739","statusCode":429,"executionTimeMs":0.74,"cacheStatus":"n/a","filterParams":{},"paginationParams":{}}
{"level":30,"time":1781101777764,"pid":27420,"hostname":"preethika","requestId":"67c60bce-9003-49cb-9418-48220e24c4a9","method":"POST","url":"/api/match?random=0.08387223763488749","statusCode":429,"executionTimeMs":1.19,"cacheStatus":"n/a","filterParams":{},"paginationParams":{}}
{"level":30,"time":1781101777766,"pid":27420,"hostname":"preethika","requestId":"0ccb1496-ab8a-4391-84a4-5956ae4c2666","method":"POST","url":"/api/match?random=0.2690308090979998","statusCode":429,"executionTimeMs":1.09,"cacheStatus":"n/a","filterParams":{},"paginationParams":{}}
{"level":30,"time":1781101777768,"pid":27420,"hostname":"preethika","requestId":"145c18fb-3c15-4cfa-a030-9e0d51810ddc","method":"POST","url":"/api/match?random=0.4069278560295224","statusCode":429,"executionTimeMs":1.65,"cacheStatus":"n/a","filterParams":{},"paginationParams":{}}
{"level":30,"time":1781101777787,"pid":27420,"hostname":"preethika","requestId":"84496380-e150-4a1e-9c9f-7133ce899846","method":"POST","url":"/api/match?random=0.015208641166299941","statusCode":429,"executionTimeMs":1.07,"cacheStatus":"n/a","filterParams":{},"paginationParams":{}}
{"level":30,"time":1781101777788,"pid":27420,"hostname":"preethika","requestId":"914ab2b9-33c9-41f3-b884-63eea1832370","method":"POST","url":"/api/match?random=0.8985198875691514","statusCode":429,"executionTimeMs":0.87,"cacheStatus":"n/a","filterParams":{},"paginationParams":{}}
{"level":30,"time":1781101777790,"pid":27420,"hostname":"preethika","requestId":"70d9297a-4c94-487c-9e53-5a5eabe2b5c7","method":"POST","url":"/api/match?random=0.795028783787213","statusCode":429,"executionTimeMs":0.97,"cacheStatus":"n/a","filterParams":{},"paginationParams":{}}
{"level":30,"time":1781101777791,"pid":27420,"hostname":"preethika","requestId":"d8bc204c-74a8-4711-8771-56e94b93abd1","method":"POST","url":"/api/match?random=0.375013540147632","statusCode":429,"executionTimeMs":0.88,"cacheStatus":"n/a","filterParams":{},"paginationParams":{}}
{"level":30,"time":1781101777793,"pid":27420,"hostname":"preethika","requestId":"15fb3c93-cc8e-43d6-9409-2f3c6a73f35f","method":"POST","url":"/api/match?random=0.5184466499403104","statusCode":429,"executionTimeMs":0.78,"cacheStatus":"n/a","filterParams":{},"paginationParams":{}}
{"level":30,"time":1781101777794,"pid":27420,"hostname":"preethika","requestId":"a250de87-f9d4-47a5-b944-8e1c4bdfd9b0","method":"POST","url":"/api/match?random=0.966215178236139","statusCode":429,"executionTimeMs":0.96,"cacheStatus":"n/a","filterParams":{},"paginationParams":{}}
{"level":30,"time":1781101777796,"pid":27420,"hostname":"preethika","requestId":"4c539532-de87-4e3a-a75b-3673c5e46889","method":"POST","url":"/api/match?random=0.6024185822494714","statusCode":429,"executionTimeMs":1.16,"cacheStatus":"n/a","filterParams":{},"paginationParams":{}}
{"level":30,"time":1781101777801,"pid":27420,"hostname":"preethika","requestId":"37f4840f-f86f-426e-8909-74b9c2cd830a","method":"POST","url":"/api/match?random=0.8621599965009685","statusCode":429,"executionTimeMs":2.44,"cacheStatus":"n/a","filterParams":{},"paginationParams":{}}
{"level":30,"time":1781101777804,"pid":27420,"hostname":"preethika","requestId":"32159f4e-20e5-445f-a3f1-9c4850274067","method":"POST","url":"/api/match?random=0.1368008137298311","statusCode":429,"executionTimeMs":2.13,"cacheStatus":"n/a","filterParams":{},"paginationParams":{}}
{"level":30,"time":1781101777806,"pid":27420,"hostname":"preethika","requestId":"293e238d-4352-490b-8312-eb9dc1c721d6","method":"POST","url":"/api/match?random=0.4838300939761242","statusCode":429,"executionTimeMs":0.88,"cacheStatus":"n/a","filterParams":{},"paginationParams":{}}
{"level":30,"time":1781101777807,"pid":27420,"hostname":"preethika","requestId":"e8c2cc06-588c-4134-bf6b-4763463d1678","method":"POST","url":"/api/match?random=0.4143374505594972","statusCode":429,"executionTimeMs":0.82,"cacheStatus":"n/a","filterParams":{},"paginationParams":{}}
{"level":30,"time":1781101777809,"pid":27420,"hostname":"preethika","requestId":"6eb403c0-a966-4991-a203-9654750220b7","method":"POST","url":"/api/match?random=0.3300382839990543","statusCode":429,"executionTimeMs":1.38,"cacheStatus":"n/a","filterParams":{},"paginationParams":{}}
{"level":30,"time":1781101777811,"pid":27420,"hostname":"preethika","requestId":"1a1e5d61-6436-48fc-9522-9558774405e1","method":"POST","url":"/api/match?random=0.29291902010206394","statusCode":429,"executionTimeMs":0.85,"cacheStatus":"n/a","filterParams":{},"paginationParams":{}}
{"level":30,"time":1781101777813,"pid":27420,"hostname":"preethika","requestId":"2fcb6ccc-c7b5-4ac3-8844-6e821acb8b59","method":"POST","url":"/api/match?random=0.4269589114487973","statusCode":429,"executionTimeMs":1.13,"cacheStatus":"n/a","filterParams":{},"paginationParams":{}}
{"level":30,"time":1781101777814,"pid":27420,"hostname":"preethika","requestId":"7ce6ee70-ddea-40c8-a525-b3059e7a9756","method":"POST","url":"/api/match?random=0.1561969807852599","statusCode":429,"executionTimeMs":0.96,"cacheStatus":"n/a","filterParams":{},"paginationParams":{}}
{"level":30,"time":1781101777816,"pid":27420,"hostname":"preethika","requestId":"a2e28b16-c78c-426c-8cc2-3d0c00b36a8c","method":"POST","url":"/api/match?random=0.3484770977507712","statusCode":429,"executionTimeMs":0.87,"cacheStatus":"n/a","filterParams":{},"paginationParams":{}}
{"level":30,"time":1781101777817,"pid":27420,"hostname":"preethika","requestId":"2524e523-db1e-4a54-99f3-10f1a6ed18bc","method":"POST","url":"/api/match?random=0.5293376530692389","statusCode":429,"executionTimeMs":0.74,"cacheStatus":"n/a","filterParams":{},"paginationParams":{}}
{"level":30,"time":1781101777818,"pid":27420,"hostname":"preethika","requestId":"7f44e69a-2970-4dd7-8dda-4e5ce0eaf476","method":"POST","url":"/api/match?random=0.14171130018110767","statusCode":429,"executionTimeMs":0.72,"cacheStatus":"n/a","filterParams":{},"paginationParams":{}}
{"level":30,"time":1781101777819,"pid":27420,"hostname":"preethika","requestId":"ad910cee-0485-419f-9f06-824f9db48e07","method":"POST","url":"/api/match?random=0.7879779818484027","statusCode":429,"executionTimeMs":0.68,"cacheStatus":"n/a","filterParams":{},"paginationParams":{}}
{"level":30,"time":1781101777821,"pid":27420,"hostname":"preethika","requestId":"fa06bdcc-ed64-4c38-92eb-cd97784f238a","method":"POST","url":"/api/match?random=0.869064447717669","statusCode":429,"executionTimeMs":0.71,"cacheStatus":"n/a","filterParams":{},"paginationParams":{}}
{"level":30,"time":1781101777822,"pid":27420,"hostname":"preethika","requestId":"b9711f14-8c14-496a-9d2e-c5d8e458c17b","method":"POST","url":"/api/match?random=0.13208067631780418","statusCode":429,"executionTimeMs":0.81,"cacheStatus":"n/a","filterParams":{},"paginationParams":{}}
{"level":30,"time":1781101777823,"pid":27420,"hostname":"preethika","requestId":"216d35f9-deeb-4497-8506-d2c89fd8417a","method":"POST","url":"/api/match?random=0.8658951814373661","statusCode":429,"executionTimeMs":0.79,"cacheStatus":"n/a","filterParams":{},"paginationParams":{}}
{"level":30,"time":1781101777824,"pid":27420,"hostname":"preethika","requestId":"7685f481-3f74-44f8-a088-0a22a41aed66","method":"POST","url":"/api/match?random=0.1845547858381129","statusCode":429,"executionTimeMs":0.7,"cacheStatus":"n/a","filterParams":{},"paginationParams":{}}
{"level":30,"time":1781101777825,"pid":27420,"hostname":"preethika","requestId":"74617054-3965-43cf-a6be-f73202243537","method":"POST","url":"/api/match?random=0.02899601936340912","statusCode":429,"executionTimeMs":0.69,"cacheStatus":"n/a","filterParams":{},"paginationParams":{}}
{"level":30,"time":1781101777827,"pid":27420,"hostname":"preethika","requestId":"5e346b2a-698a-4122-9821-ceb0aef897eb","method":"POST","url":"/api/match?random=0.07101864392068635","statusCode":429,"executionTimeMs":0.68,"cacheStatus":"n/a","filterParams":{},"paginationParams":{}}
{"level":30,"time":1781101777828,"pid":27420,"hostname":"preethika","requestId":"38917f15-38b7-4710-ae17-ab79841f53bb","method":"POST","url":"/api/match?random=0.26232105885310397","statusCode":429,"executionTimeMs":0.94,"cacheStatus":"n/a","filterParams":{},"paginationParams":{}}
{"level":30,"time":1781101777830,"pid":27420,"hostname":"preethika","requestId":"a463de4b-80fe-4991-9365-bed78f371f62","method":"POST","url":"/api/match?random=0.2898689917133195","statusCode":429,"executionTimeMs":1.3,"cacheStatus":"n/a","filterParams":{},"paginationParams":{}}
{"level":30,"time":1781101777832,"pid":27420,"hostname":"preethika","requestId":"95bd068d-920d-4c21-a942-84fbfcdee390","method":"POST","url":"/api/match?random=0.31588325737309164","statusCode":429,"executionTimeMs":1.07,"cacheStatus":"n/a","filterParams":{},"paginationParams":{}}
{"level":30,"time":1781101777834,"pid":27420,"hostname":"preethika","requestId":"bb26b1c1-79e9-4d6c-a851-1d22b8b8b817","method":"POST","url":"/api/match?random=0.40944219911171764","statusCode":429,"executionTimeMs":0.73,"cacheStatus":"n/a","filterParams":{},"paginationParams":{}}
{"level":30,"time":1781101777835,"pid":27420,"hostname":"preethika","requestId":"b02e4579-1ad7-483a-a2d5-7dd24c7b1ed4","method":"POST","url":"/api/match?random=0.5411776271164896","statusCode":429,"executionTimeMs":0.77,"cacheStatus":"n/a","filterParams":{},"paginationParams":{}}
{"level":30,"time":1781101777837,"pid":27420,"hostname":"preethika","requestId":"c394e0cb-3d38-4b8a-bac2-d39164929ac3","method":"POST","url":"/api/match?random=0.8228349643429118","statusCode":429,"executionTimeMs":0.84,"cacheStatus":"n/a","filterParams":{},"paginationParams":{}}
{"level":30,"time":1781101777838,"pid":27420,"hostname":"preethika","requestId":"e3aad627-315a-4881-a92f-00496c9fbfcf","method":"POST","url":"/api/match?random=0.9334032519537176","statusCode":429,"executionTimeMs":0.81,"cacheStatus":"n/a","filterParams":{},"paginationParams":{}}
{"level":30,"time":1781101777849,"pid":27420,"hostname":"preethika","requestId":"0e238a2d-0cf1-42a0-99f3-073599d45264","method":"POST","url":"/api/match?random=0.07945618103675978","statusCode":429,"executionTimeMs":1.15,"cacheStatus":"n/a","filterParams":{},"paginationParams":{}}
{"level":30,"time":1781101777851,"pid":27420,"hostname":"preethika","requestId":"df977375-f197-4194-8af3-dd1a19556e37","method":"POST","url":"/api/match?random=0.16584330139155634","statusCode":429,"executionTimeMs":1.01,"cacheStatus":"n/a","filterParams":{},"paginationParams":{}}
{"level":30,"time":1781101777853,"pid":27420,"hostname":"preethika","requestId":"33a60b81-f6c8-4ffd-bc31-2e5e340e5b74","method":"POST","url":"/api/match?random=0.5330105029167946","statusCode":429,"executionTimeMs":1.01,"cacheStatus":"n/a","filterParams":{},"paginationParams":{}}
{"level":30,"time":1781101777854,"pid":27420,"hostname":"preethika","requestId":"1b2fb379-2c40-4c90-9fdf-109a7e35d770","method":"POST","url":"/api/match?random=0.5574184428282987","statusCode":429,"executionTimeMs":0.94,"cacheStatus":"n/a","filterParams":{},"paginationParams":{}}
{"level":30,"time":1781101777856,"pid":27420,"hostname":"preethika","requestId":"df94aae6-4a67-4698-b339-202dceee572d","method":"POST","url":"/api/match?random=0.3465633403650932","statusCode":429,"executionTimeMs":0.88,"cacheStatus":"n/a","filterParams":{},"paginationParams":{}}
{"level":30,"time":1781101777857,"pid":27420,"hostname":"preethika","requestId":"4f92aa60-0ce9-46d1-bffe-5b9c0b64f490","method":"POST","url":"/api/match?random=0.35376383020515","statusCode":429,"executionTimeMs":0.9,"cacheStatus":"n/a","filterParams":{},"paginationParams":{}}
{"level":30,"time":1781101777859,"pid":27420,"hostname":"preethika","requestId":"e6c70dc3-81e1-4b3f-8766-dcaa205bf9f9","method":"POST","url":"/api/match?random=0.05859304862523085","statusCode":429,"executionTimeMs":0.87,"cacheStatus":"n/a","filterParams":{},"paginationParams":{}}
{"level":30,"time":1781101777860,"pid":27420,"hostname":"preethika","requestId":"3620a16b-0463-4367-bfe5-beeb84362e6e","method":"POST","url":"/api/match?random=0.022395319882635212","statusCode":429,"executionTimeMs":0.82,"cacheStatus":"n/a","filterParams":{},"paginationParams":{}}
{"level":30,"time":1781101778825,"pid":27420,"hostname":"preethika","requestId":"57e6a4e1-c6a6-462d-85c1-7590cfa9d02d","method":"POST","url":"/api/match?random=0.9857466070484668","statusCode":200,"executionTimeMs":964.68,"cacheStatus":"miss","filterParams":{},"paginationParams":{}}
{"level":30,"time":1781101778999,"pid":27420,"hostname":"preethika","requestId":"0a77e290-0475-4ef7-8f86-ef00b2bec47b","method":"POST","url":"/api/match?random=0.23344977709307213","statusCode":200,"executionTimeMs":1126.89,"cacheStatus":"miss","filterParams":{},"paginationParams":{}}
{"level":30,"time":1781101779014,"pid":27420,"hostname":"preethika","requestId":"dca9c113-c64a-4001-a2b1-4f7455c8dab1","method":"POST","url":"/api/match?random=0.715694391368269","statusCode":200,"executionTimeMs":1137.41,"cacheStatus":"miss","filterParams":{},"paginationParams":{}}
{"level":30,"time":1781101779137,"pid":27420,"hostname":"preethika","requestId":"7677f038-111f-45f5-84f7-3fea6c170876","method":"POST","url":"/api/match?random=0.28381909453773546","statusCode":200,"executionTimeMs":1263.42,"cacheStatus":"miss","filterParams":{},"paginationParams":{}}
{"level":30,"time":1781101779248,"pid":27420,"hostname":"preethika","requestId":"67d959d7-93d0-4a62-ba1f-a618531a3a7c","method":"POST","url":"/api/match?random=0.21771900840468206","statusCode":200,"executionTimeMs":1377.64,"cacheStatus":"miss","filterParams":{},"paginationParams":{}}
{"level":30,"time":1781101779260,"pid":27420,"hostname":"preethika","requestId":"f59adb3a-12a5-4311-bf8c-22fca47af682","method":"POST","url":"/api/match?random=0.3312946663118699","statusCode":200,"executionTimeMs":1382.15,"cacheStatus":"miss","filterParams":{},"paginationParams":{}}
{"level":30,"time":1781101779301,"pid":27420,"hostname":"preethika","requestId":"6bc2f1d8-db6a-4b9f-a290-03edf2cc15a3","method":"POST","url":"/api/match?random=0.8933555854515209","statusCode":200,"executionTimeMs":1420.03,"cacheStatus":"miss","filterParams":{},"paginationParams":{}}
{"level":30,"time":1781101779316,"pid":27420,"hostname":"preethika","requestId":"e05d85bd-7d0c-4c39-9790-72804c55ffbf","method":"POST","url":"/api/match?random=0.7193335771254232","statusCode":200,"executionTimeMs":1433.31,"cacheStatus":"miss","filterParams":{},"paginationParams":{}}
{"level":30,"time":1781101830360,"pid":27420,"hostname":"preethika","requestId":"ab016cd0-a6ef-47bb-9d35-220c1c0bf10e","method":"POST","url":"/api/match","statusCode":200,"executionTimeMs":660.53,"cacheStatus":"miss","filterParams":{},"paginationParams":{}}
{"level":30,"time":1781101830368,"pid":27420,"hostname":"preethika","requestId":"422a5538-8940-43f1-9ffc-922fc388b35d","method":"POST","url":"/api/match","statusCode":200,"executionTimeMs":1.63,"cacheStatus":"hit","filterParams":{},"paginationParams":{}}
{"level":30,"time":1781101830372,"pid":27420,"hostname":"preethika","requestId":"449a82f3-a7ca-4762-aeae-cd604d9a286e","method":"GET","url":"/health/cache","statusCode":200,"executionTimeMs":2.22,"cacheStatus":"n/a","filterParams":{},"paginationParams":{}}
{"level":30,"time":1781101830574,"pid":27420,"hostname":"preethika","requestId":"a6521af3-0a23-4d61-afe6-c49d817f6e46","method":"POST","url":"/api/match","statusCode":429,"executionTimeMs":1,"cacheStatus":"n/a","filterParams":{},"paginationParams":{}}
{"level":30,"time":1781101830575,"pid":27420,"hostname":"preethika","requestId":"7e48aecd-8fa2-45eb-b717-30e4d907729c","method":"POST","url":"/api/match","statusCode":429,"executionTimeMs":0.84,"cacheStatus":"n/a","filterParams":{},"paginationParams":{}}
{"level":30,"time":1781101830577,"pid":27420,"hostname":"preethika","requestId":"fd8d9ef2-0353-48b9-b24d-d5339c82864d","method":"POST","url":"/api/match","statusCode":429,"executionTimeMs":0.79,"cacheStatus":"n/a","filterParams":{},"paginationParams":{}}
{"level":30,"time":1781101830578,"pid":27420,"hostname":"preethika","requestId":"0f0e0d32-3dd9-44f0-acfe-1e09c19c90d4","method":"POST","url":"/api/match","statusCode":429,"executionTimeMs":0.85,"cacheStatus":"n/a","filterParams":{},"paginationParams":{}}
{"level":30,"time":1781101830579,"pid":27420,"hostname":"preethika","requestId":"b9c0d600-8f26-420f-8c90-6541a79c8c16","method":"POST","url":"/api/match","statusCode":429,"executionTimeMs":0.92,"cacheStatus":"n/a","filterParams":{},"paginationParams":{}}
{"level":30,"time":1781101830582,"pid":27420,"hostname":"preethika","requestId":"2caf93f9-56b8-4b8d-827a-f23c3705bbec","method":"POST","url":"/api/match","statusCode":429,"executionTimeMs":1.51,"cacheStatus":"n/a","filterParams":{},"paginationParams":{}}
{"level":30,"time":1781101830584,"pid":27420,"hostname":"preethika","requestId":"ee2e339f-cc60-40eb-b858-6138df26b854","method":"POST","url":"/api/match","statusCode":429,"executionTimeMs":1.25,"cacheStatus":"n/a","filterParams":{},"paginationParams":{}}
{"level":30,"time":1781101830585,"pid":27420,"hostname":"preethika","requestId":"d7053212-ab7c-4611-8253-d3b497a0b5e0","method":"POST","url":"/api/match","statusCode":429,"executionTimeMs":1.02,"cacheStatus":"n/a","filterParams":{},"paginationParams":{}}
{"level":30,"time":1781101834572,"pid":27420,"hostname":"preethika","requestId":"d7d25e5f-0609-4530-a8e7-41e4d1dd83a8","method":"POST","url":"/api/match","statusCode":200,"executionTimeMs":4102.04,"cacheStatus":"miss","filterParams":{},"paginationParams":{}}
{"level":30,"time":1781101834812,"pid":27420,"hostname":"preethika","requestId":"ddba4e47-4971-4d17-9635-1cc39dc8243e","method":"POST","url":"/api/match","statusCode":200,"executionTimeMs":4425.99,"cacheStatus":"miss","filterParams":{},"paginationParams":{}}
{"level":30,"time":1781101835126,"pid":27420,"hostname":"preethika","requestId":"70f7aa4a-bf4b-43bf-b117-0ae3e44824a2","method":"POST","url":"/api/match","statusCode":200,"executionTimeMs":4621.9,"cacheStatus":"miss","filterParams":{},"paginationParams":{}}
{"level":30,"time":1781101835471,"pid":27420,"hostname":"preethika","requestId":"0a1a6698-c640-4201-a9f5-0175684680b4","method":"POST","url":"/api/match","statusCode":200,"executionTimeMs":4960.37,"cacheStatus":"miss","filterParams":{},"paginationParams":{}}
{"level":30,"time":1781101835551,"pid":27420,"hostname":"preethika","requestId":"8189a85e-3624-4b45-a14f-6209b17b7ced","method":"POST","url":"/api/match","statusCode":200,"executionTimeMs":5061.99,"cacheStatus":"miss","filterParams":{},"paginationParams":{}}
{"level":30,"time":1781101835697,"pid":27420,"hostname":"preethika","requestId":"cf988e68-7f12-47ca-b2c2-548401a18e80","method":"POST","url":"/api/match","statusCode":200,"executionTimeMs":5224.68,"cacheStatus":"miss","filterParams":{},"paginationParams":{}}
{"level":30,"time":1781101835759,"pid":27420,"hostname":"preethika","requestId":"5c9fa9a2-1b69-4a94-a88d-8d2892ba46b9","method":"POST","url":"/api/match","statusCode":200,"executionTimeMs":5330.94,"cacheStatus":"miss","filterParams":{},"paginationParams":{}}
{"level":30,"time":1781101835779,"pid":27420,"hostname":"preethika","requestId":"bc20634e-ead0-4001-bd28-165dd4addb00","method":"POST","url":"/api/match","statusCode":200,"executionTimeMs":5258.18,"cacheStatus":"miss","filterParams":{},"paginationParams":{}}
{"level":30,"time":1781101835924,"pid":27420,"hostname":"preethika","requestId":"611607fd-cd90-49da-a77c-fe27a33592fe","method":"POST","url":"/api/match","statusCode":200,"executionTimeMs":5488.23,"cacheStatus":"miss","filterParams":{},"paginationParams":{}}
{"level":30,"time":1781101835975,"pid":27420,"hostname":"preethika","requestId":"39c75a52-be04-4c01-873a-fa29f7c97a66","method":"POST","url":"/api/match","statusCode":200,"executionTimeMs":5419.31,"cacheStatus":"miss","filterParams":{},"paginationParams":{}}
{"level":30,"time":1781101836243,"pid":27420,"hostname":"preethika","requestId":"4f79f45e-f0fe-48e6-b623-b151cb80fe3a","method":"POST","url":"/api/match","statusCode":200,"executionTimeMs":5681.35,"cacheStatus":"miss","filterParams":{},"paginationParams":{}}
{"level":30,"time":1781101836295,"pid":27420,"hostname":"preethika","requestId":"4ed9eb68-f4ed-4239-8cf9-aa6473134588","method":"POST","url":"/api/match","statusCode":200,"executionTimeMs":5855.65,"cacheStatus":"miss","filterParams":{},"paginationParams":{}}
{"level":30,"time":1781101836313,"pid":27420,"hostname":"preethika","requestId":"d2f377c7-d8fd-4dd4-8dfb-f99eea370219","method":"POST","url":"/api/match","statusCode":200,"executionTimeMs":5862.41,"cacheStatus":"miss","filterParams":{},"paginationParams":{}}
{"level":30,"time":1781101836358,"pid":27420,"hostname":"preethika","requestId":"269efe57-1264-4610-845f-350d7f2b3572","method":"POST","url":"/api/match","statusCode":200,"executionTimeMs":5923.77,"cacheStatus":"miss","filterParams":{},"paginationParams":{}}
{"level":30,"time":1781101836403,"pid":27420,"hostname":"preethika","requestId":"9df448e0-6936-4a0d-8035-da8d123a04cf","method":"POST","url":"/api/match","statusCode":200,"executionTimeMs":5971.69,"cacheStatus":"miss","filterParams":{},"paginationParams":{}}
{"level":30,"time":1781101836485,"pid":27420,"hostname":"preethika","requestId":"eec801ea-59ca-46e8-bd3a-75659dc5b35f","method":"POST","url":"/api/match","statusCode":200,"executionTimeMs":6010.44,"cacheStatus":"miss","filterParams":{},"paginationParams":{}}
{"level":30,"time":1781101836523,"pid":27420,"hostname":"preethika","requestId":"e9d3b84d-a0d0-4577-ab45-d91a9d11ff5a","method":"POST","url":"/api/match","statusCode":200,"executionTimeMs":6043.24,"cacheStatus":"miss","filterParams":{},"paginationParams":{}}
{"level":30,"time":1781101836697,"pid":27420,"hostname":"preethika","requestId":"770b4e9c-63da-405d-9337-36042aeebefe","method":"POST","url":"/api/match","statusCode":200,"executionTimeMs":6221.03,"cacheStatus":"miss","filterParams":{},"paginationParams":{}}
{"level":30,"time":1781101836834,"pid":27420,"hostname":"preethika","requestId":"295edfd9-03ab-4a98-b588-4226f6b29f5b","method":"POST","url":"/api/match","statusCode":200,"executionTimeMs":6368.53,"cacheStatus":"miss","filterParams":{},"paginationParams":{}}
{"level":30,"time":1781101836849,"pid":27420,"hostname":"preethika","requestId":"a0e6b242-62ac-4a25-80d9-39ccaa796d64","method":"POST","url":"/api/match","statusCode":200,"executionTimeMs":6285.81,"cacheStatus":"miss","filterParams":{},"paginationParams":{}}
{"level":30,"time":1781101836984,"pid":27420,"hostname":"preethika","requestId":"712844db-d121-4925-8d92-649bd497320b","method":"POST","url":"/api/match","statusCode":200,"executionTimeMs":6440.84,"cacheStatus":"miss","filterParams":{},"paginationParams":{}}
{"level":30,"time":1781101837132,"pid":27420,"hostname":"preethika","requestId":"c23ff888-f81f-40d1-9abd-e361ac3a23df","method":"POST","url":"/api/match","statusCode":200,"executionTimeMs":6598.15,"cacheStatus":"miss","filterParams":{},"paginationParams":{}}
{"level":30,"time":1781101837234,"pid":27420,"hostname":"preethika","requestId":"f825f1ad-9652-4a6f-9ddf-fbb271c41fa9","method":"POST","url":"/api/match","statusCode":200,"executionTimeMs":6725.75,"cacheStatus":"miss","filterParams":{},"paginationParams":{}}
{"level":30,"time":1781101837298,"pid":27420,"hostname":"preethika","requestId":"b809c7e9-3d29-4e7e-a864-27d1274a5e06","method":"POST","url":"/api/match","statusCode":200,"executionTimeMs":6829.81,"cacheStatus":"miss","filterParams":{},"paginationParams":{}}
{"level":30,"time":1781101837387,"pid":27420,"hostname":"preethika","requestId":"45eace01-b6f9-426b-aeb5-ce27157952ae","method":"POST","url":"/api/match","statusCode":200,"executionTimeMs":6942.16,"cacheStatus":"miss","filterParams":{},"paginationParams":{}}
{"level":30,"time":1781101837433,"pid":27420,"hostname":"preethika","requestId":"f99984a5-0b27-4d01-8066-5443d85c18a4","method":"POST","url":"/api/match","statusCode":200,"executionTimeMs":6973.97,"cacheStatus":"miss","filterParams":{},"paginationParams":{}}
{"level":30,"time":1781101837485,"pid":27420,"hostname":"preethika","requestId":"0c58423c-326f-489f-96ab-f9f30668d8b0","method":"POST","url":"/api/match","statusCode":200,"executionTimeMs":6962.11,"cacheStatus":"miss","filterParams":{},"paginationParams":{}}
{"level":30,"time":1781101837502,"pid":27420,"hostname":"preethika","requestId":"b0103b4e-5c1b-4591-b6fc-8f9fe77a0390","method":"POST","url":"/api/match","statusCode":200,"executionTimeMs":6984.45,"cacheStatus":"miss","filterParams":{},"paginationParams":{}}
{"level":30,"time":1781101837524,"pid":27420,"hostname":"preethika","requestId":"3b7775a7-7512-4d3a-921a-93bd12297dbc","method":"POST","url":"/api/match","statusCode":200,"executionTimeMs":7061.3,"cacheStatus":"miss","filterParams":{},"paginationParams":{}}
{"level":30,"time":1781101837547,"pid":27420,"hostname":"preethika","requestId":"1443b836-1cf4-4310-a164-f9a37af69699","method":"POST","url":"/api/match","statusCode":200,"executionTimeMs":7093.61,"cacheStatus":"miss","filterParams":{},"paginationParams":{}}
{"level":30,"time":1781101837575,"pid":27420,"hostname":"preethika","requestId":"00716b12-842a-44a3-8ed4-b18dd97e3962","method":"POST","url":"/api/match","statusCode":200,"executionTimeMs":7119.45,"cacheStatus":"miss","filterParams":{},"paginationParams":{}}
{"level":30,"time":1781101837696,"pid":27420,"hostname":"preethika","requestId":"9f9cb61d-6cd1-4415-a57b-b2f643084b52","method":"POST","url":"/api/match","statusCode":200,"executionTimeMs":7213.09,"cacheStatus":"miss","filterParams":{},"paginationParams":{}}
{"level":30,"time":1781101837753,"pid":27420,"hostname":"preethika","requestId":"91e00411-01c2-44f5-b0a5-9828962f71f7","method":"POST","url":"/api/match","statusCode":200,"executionTimeMs":7224.98,"cacheStatus":"miss","filterParams":{},"paginationParams":{}}
{"level":30,"time":1781101837866,"pid":27420,"hostname":"preethika","requestId":"63a18d96-a784-4bb7-a809-aeb1ae468719","method":"POST","url":"/api/match","statusCode":200,"executionTimeMs":7298.32,"cacheStatus":"miss","filterParams":{},"paginationParams":{}}
{"level":30,"time":1781101837915,"pid":27420,"hostname":"preethika","requestId":"92b48cdf-44d2-4389-8098-79a5fdb96f83","method":"POST","url":"/api/match","statusCode":200,"executionTimeMs":7429.21,"cacheStatus":"miss","filterParams":{},"paginationParams":{}}
{"level":30,"time":1781101837944,"pid":27420,"hostname":"preethika","requestId":"c3fd0fe5-1388-4b47-a17e-ab2979a27ad8","method":"POST","url":"/api/match","statusCode":200,"executionTimeMs":7502.03,"cacheStatus":"miss","filterParams":{},"paginationParams":{}}
{"level":30,"time":1781101838124,"pid":27420,"hostname":"preethika","requestId":"2cf76710-2b6e-4117-bd90-3318f68bc7d4","method":"POST","url":"/api/match","statusCode":200,"executionTimeMs":7614.48,"cacheStatus":"miss","filterParams":{},"paginationParams":{}}
{"level":30,"time":1781101838136,"pid":27420,"hostname":"preethika","requestId":"754eb41b-c384-4ec8-a89d-f65f8870fb5d","method":"POST","url":"/api/match","statusCode":200,"executionTimeMs":7664.87,"cacheStatus":"miss","filterParams":{},"paginationParams":{}}
{"level":30,"time":1781101838201,"pid":27420,"hostname":"preethika","requestId":"ad1086c0-6dde-492f-8dec-ff1915cc61fc","method":"POST","url":"/api/match","statusCode":200,"executionTimeMs":7643.1,"cacheStatus":"miss","filterParams":{},"paginationParams":{}}
{"level":30,"time":1781101838218,"pid":27420,"hostname":"preethika","requestId":"99cb71d2-6a5d-4713-9739-1b442380640f","method":"POST","url":"/api/match","statusCode":200,"executionTimeMs":7671.2,"cacheStatus":"miss","filterParams":{},"paginationParams":{}}
{"level":30,"time":1781101838231,"pid":27420,"hostname":"preethika","requestId":"23fe2779-18a6-43db-a7fc-17e80eb99c3d","method":"POST","url":"/api/match","statusCode":200,"executionTimeMs":7715.54,"cacheStatus":"miss","filterParams":{},"paginationParams":{}}
{"level":30,"time":1781101838278,"pid":27420,"hostname":"preethika","requestId":"67fef3e1-d3da-4191-86ee-fe915bcdd448","method":"POST","url":"/api/match","statusCode":200,"executionTimeMs":7718.25,"cacheStatus":"miss","filterParams":{},"paginationParams":{}}
{"level":30,"time":1781101838290,"pid":27420,"hostname":"preethika","requestId":"d58833f5-1f80-4627-a405-e3aaa6320986","method":"POST","url":"/api/match","statusCode":200,"executionTimeMs":7776.6,"cacheStatus":"miss","filterParams":{},"paginationParams":{}}
{"level":30,"time":1781101838303,"pid":27420,"hostname":"preethika","requestId":"f58b46db-f18c-4da2-90b7-33516af2676c","method":"POST","url":"/api/match","statusCode":200,"executionTimeMs":7856.3,"cacheStatus":"miss","filterParams":{},"paginationParams":{}}
{"level":30,"time":1781101838317,"pid":27420,"hostname":"preethika","requestId":"e4a03d93-9e57-4a70-b11f-4d041092a3f6","method":"POST","url":"/api/match","statusCode":200,"executionTimeMs":7895.57,"cacheStatus":"miss","filterParams":{},"paginationParams":{}}
{"level":30,"time":1781101838331,"pid":27420,"hostname":"preethika","requestId":"2916c231-a7bb-400e-898c-bef51883ddea","method":"POST","url":"/api/match","statusCode":200,"executionTimeMs":7830.27,"cacheStatus":"miss","filterParams":{},"paginationParams":{}}
{"level":30,"time":1781101838344,"pid":27420,"hostname":"preethika","requestId":"ebea0cd3-69f1-4470-83d7-d63af8bf61fe","method":"POST","url":"/api/match","statusCode":200,"executionTimeMs":7925.65,"cacheStatus":"miss","filterParams":{},"paginationParams":{}}
{"level":30,"time":1781101838431,"pid":27420,"hostname":"preethika","requestId":"27cbb235-6d78-4c15-9c27-385b4d160247","method":"POST","url":"/api/match","statusCode":200,"executionTimeMs":7859.7,"cacheStatus":"miss","filterParams":{},"paginationParams":{}}
{"level":30,"time":1781101838444,"pid":27420,"hostname":"preethika","requestId":"d7236e4a-19ec-4c39-b5aa-76e04fbd11b3","method":"POST","url":"/api/match","statusCode":200,"executionTimeMs":8006.73,"cacheStatus":"miss","filterParams":{},"paginationParams":{}}
{"level":30,"time":1781101838500,"pid":27420,"hostname":"preethika","requestId":"8ba42ac9-79df-4921-b0db-afb01e70f661","method":"POST","url":"/api/match","statusCode":200,"executionTimeMs":7963.98,"cacheStatus":"miss","filterParams":{},"paginationParams":{}}
{"level":30,"time":1781101838519,"pid":27420,"hostname":"preethika","requestId":"4530de58-1f1f-4171-91e8-701926773e86","method":"POST","url":"/api/match","statusCode":200,"executionTimeMs":7952.95,"cacheStatus":"miss","filterParams":{},"paginationParams":{}}
{"level":30,"time":1781101838661,"pid":27420,"hostname":"preethika","requestId":"c88e176b-3459-4eba-b8a6-9f796c9961b1","method":"POST","url":"/api/match","statusCode":200,"executionTimeMs":8154.72,"cacheStatus":"miss","filterParams":{},"paginationParams":{}}
{"level":30,"time":1781101838933,"pid":27420,"hostname":"preethika","requestId":"175ed1f8-6015-4709-b455-a76c565ad46b","method":"POST","url":"/api/match","statusCode":200,"executionTimeMs":8509,"cacheStatus":"miss","filterParams":{},"paginationParams":{}}
{"level":30,"time":1781101838972,"pid":27420,"hostname":"preethika","requestId":"41b21668-0992-49f9-ae59-ebc6924fea75","method":"POST","url":"/api/match","statusCode":200,"executionTimeMs":8493.99,"cacheStatus":"miss","filterParams":{},"paginationParams":{}}
{"level":30,"time":1781101839005,"pid":27420,"hostname":"preethika","requestId":"e2068cd3-43f7-4fa0-bf12-67fb75ad2754","method":"POST","url":"/api/match","statusCode":200,"executionTimeMs":8552.95,"cacheStatus":"miss","filterParams":{},"paginationParams":{}}
{"level":30,"time":1781101839093,"pid":27420,"hostname":"preethika","requestId":"c21d2a88-506a-40b4-b234-eec83801a6bf","method":"POST","url":"/api/match","statusCode":200,"executionTimeMs":8514.54,"cacheStatus":"miss","filterParams":{},"paginationParams":{}}
{"level":30,"time":1781101839104,"pid":27420,"hostname":"preethika","requestId":"50565d36-a305-487d-ae10-af8348cb9b17","method":"POST","url":"/api/match","statusCode":200,"executionTimeMs":8600.81,"cacheStatus":"miss","filterParams":{},"paginationParams":{}}
{"level":30,"time":1781101839457,"pid":27420,"hostname":"preethika","requestId":"308292e5-9a38-4d6d-8da4-2d60652af1ef","method":"POST","url":"/api/match","statusCode":200,"executionTimeMs":8923.95,"cacheStatus":"miss","filterParams":{},"paginationParams":{}}
{"level":30,"time":1781101839462,"pid":27420,"hostname":"preethika","requestId":"ac66e194-6006-4fe1-a446-0744ff0637a5","method":"GET","url":"/api-docs.json","statusCode":200,"executionTimeMs":1.54,"cacheStatus":"n/a","filterParams":{},"paginationParams":{}}
{"level":30,"time":1781101839464,"pid":27420,"hostname":"preethika","requestId":"7c5fbf8b-d77e-4aac-aa2d-180700b38c12","method":"GET","url":"/health","statusCode":200,"executionTimeMs":0.97,"cacheStatus":"n/a","filterParams":{},"paginationParams":{}}
{"level":30,"time":1781101839503,"pid":27420,"hostname":"preethika","requestId":"ffe075c4-347f-482c-ae3c-c74f2322b83a","method":"GET","url":"/health/db","statusCode":200,"executionTimeMs":37.78,"cacheStatus":"n/a","filterParams":{},"paginationParams":{}}
{"level":30,"time":1781101840135,"pid":27420,"hostname":"preethika","requestId":"16c0fab6-f8df-45b6-80a6-6e55873aa7a6","method":"GET","url":"/health/recommendation","statusCode":200,"executionTimeMs":630.32,"cacheStatus":"n/a","filterParams":{},"paginationParams":{}}
{"level":30,"time":1781101840143,"pid":27420,"hostname":"preethika","requestId":"ec9d3fb4-3197-4506-8475-652eedd11c8d","method":"POST","url":"/api/match","statusCode":429,"executionTimeMs":1.56,"cacheStatus":"n/a","filterParams":{},"paginationParams":{}}
{"level":30,"time":1781101840147,"pid":27420,"hostname":"preethika","requestId":"c09b0b27-3a94-49f4-8b54-90277e8e6517","method":"POST","url":"/api/match","statusCode":429,"executionTimeMs":1.35,"cacheStatus":"n/a","filterParams":{},"paginationParams":{}}
{"level":30,"time":1781101840151,"pid":27420,"hostname":"preethika","requestId":"d03a4fa9-7061-47ff-997e-9d37a697fc57","method":"POST","url":"/api/match","statusCode":429,"executionTimeMs":1.51,"cacheStatus":"n/a","filterParams":{},"paginationParams":{}}
{"level":30,"time":1781102816895,"pid":37124,"hostname":"preethika","requestId":"2d9db97a-265a-41cc-95bd-11d73ad10888","method":"GET","url":"/health","statusCode":200,"executionTimeMs":13.01,"cacheStatus":"n/a","filterParams":{},"paginationParams":{}}
{"level":30,"time":1781102817539,"pid":37124,"hostname":"preethika","requestId":"8a4ddf52-1e2e-4cf0-83ed-b85bd519aa43","method":"POST","url":"/api/match","statusCode":200,"executionTimeMs":585.19,"cacheStatus":"miss","filterParams":{},"paginationParams":{}}
{"level":30,"time":1781102817545,"pid":37124,"hostname":"preethika","requestId":"8008a629-cc92-4430-824a-35e8c6a1bfa4","method":"POST","url":"/api/match","statusCode":400,"executionTimeMs":2.44,"cacheStatus":"n/a","filterParams":{},"paginationParams":{}}
{"level":30,"time":1781102817565,"pid":37124,"hostname":"preethika","requestId":"8a209b62-9775-4333-9e50-858ea3207753","method":"POST","url":"/api/match","statusCode":200,"executionTimeMs":2.04,"cacheStatus":"hit","filterParams":{},"paginationParams":{}}
{"level":30,"time":1781102817603,"pid":37124,"hostname":"preethika","requestId":"6c141546-e789-4981-ba2c-b0efc7faea6e","method":"POST","url":"/api/match","statusCode":200,"executionTimeMs":1.77,"cacheStatus":"hit","filterParams":{},"paginationParams":{}}
{"level":30,"time":1781102817606,"pid":37124,"hostname":"preethika","requestId":"a23494d8-26b3-44cb-aea8-ef8497584fb0","method":"POST","url":"/api/match","statusCode":200,"executionTimeMs":1.5,"cacheStatus":"hit","filterParams":{},"paginationParams":{}}
{"level":30,"time":1781102817608,"pid":37124,"hostname":"preethika","requestId":"dae12734-b5a1-42a4-9d22-836eb4aea307","method":"POST","url":"/api/match","statusCode":200,"executionTimeMs":1.39,"cacheStatus":"hit","filterParams":{},"paginationParams":{}}
{"level":30,"time":1781102817612,"pid":37124,"hostname":"preethika","requestId":"559348ec-1e1b-4726-b381-07a09a116743","method":"POST","url":"/api/match","statusCode":200,"executionTimeMs":1.89,"cacheStatus":"hit","filterParams":{},"paginationParams":{}}
{"level":30,"time":1781102817617,"pid":37124,"hostname":"preethika","requestId":"42a8db98-898d-4a4d-8076-5e37259ace6c","method":"POST","url":"/api/match","statusCode":200,"executionTimeMs":3.74,"cacheStatus":"hit","filterParams":{},"paginationParams":{}}
{"level":30,"time":1781102817622,"pid":37124,"hostname":"preethika","requestId":"5ca888c5-01af-48e6-9e1d-24575e64c1ae","method":"POST","url":"/api/match","statusCode":200,"executionTimeMs":2.43,"cacheStatus":"hit","filterParams":{},"paginationParams":{}}
{"level":30,"time":1781102817624,"pid":37124,"hostname":"preethika","requestId":"71f334b6-54e1-4f50-adcb-868a4f955b90","method":"POST","url":"/api/match","statusCode":200,"executionTimeMs":1.73,"cacheStatus":"hit","filterParams":{},"paginationParams":{}}
{"level":30,"time":1781102817627,"pid":37124,"hostname":"preethika","requestId":"4b1c2fd1-c687-40fd-b804-ddff5546323d","method":"POST","url":"/api/match","statusCode":200,"executionTimeMs":1.56,"cacheStatus":"hit","filterParams":{},"paginationParams":{}}
{"level":30,"time":1781102817630,"pid":37124,"hostname":"preethika","requestId":"e3f0b61b-3df8-415a-a2fa-ccfb016798e9","method":"POST","url":"/api/match","statusCode":200,"executionTimeMs":1.66,"cacheStatus":"hit","filterParams":{},"paginationParams":{}}
{"level":30,"time":1781102817632,"pid":37124,"hostname":"preethika","requestId":"7d107684-3d82-4b55-ad2e-48eb171b0788","method":"POST","url":"/api/match","statusCode":200,"executionTimeMs":1.59,"cacheStatus":"hit","filterParams":{},"paginationParams":{}}
{"level":30,"time":1781102817634,"pid":37124,"hostname":"preethika","requestId":"9053b878-220f-4f12-a004-a99f4133d7b4","method":"POST","url":"/api/match","statusCode":200,"executionTimeMs":1.33,"cacheStatus":"hit","filterParams":{},"paginationParams":{}}
{"level":30,"time":1781102817636,"pid":37124,"hostname":"preethika","requestId":"e19cf335-2b9a-4a24-b2d0-89fd108ff916","method":"POST","url":"/api/match","statusCode":200,"executionTimeMs":1.27,"cacheStatus":"hit","filterParams":{},"paginationParams":{}}
{"level":30,"time":1781102817638,"pid":37124,"hostname":"preethika","requestId":"0e12acb2-3913-441e-84c3-f68623d4f071","method":"POST","url":"/api/match","statusCode":200,"executionTimeMs":1.2,"cacheStatus":"hit","filterParams":{},"paginationParams":{}}
{"level":30,"time":1781102817640,"pid":37124,"hostname":"preethika","requestId":"d5bef599-fc0e-44e0-904c-5b8f32b2d318","method":"POST","url":"/api/match","statusCode":200,"executionTimeMs":1.22,"cacheStatus":"hit","filterParams":{},"paginationParams":{}}
{"level":30,"time":1781102817643,"pid":37124,"hostname":"preethika","requestId":"68aded4a-53b3-4175-bf63-1e1a324179c6","method":"POST","url":"/api/match","statusCode":200,"executionTimeMs":2.09,"cacheStatus":"hit","filterParams":{},"paginationParams":{}}
{"level":30,"time":1781102817646,"pid":37124,"hostname":"preethika","requestId":"0fc2be33-4bde-46ce-b5ba-008f6ce2c695","method":"POST","url":"/api/match","statusCode":200,"executionTimeMs":1.82,"cacheStatus":"hit","filterParams":{},"paginationParams":{}}
{"level":30,"time":1781102817649,"pid":37124,"hostname":"preethika","requestId":"58afa7a1-355b-46a2-9f59-726144dc4e75","method":"POST","url":"/api/match","statusCode":200,"executionTimeMs":1.32,"cacheStatus":"hit","filterParams":{},"paginationParams":{}}
{"level":30,"time":1781102817652,"pid":37124,"hostname":"preethika","requestId":"1c644709-ca61-429f-8401-7a6adc016628","method":"POST","url":"/api/match","statusCode":200,"executionTimeMs":1.41,"cacheStatus":"hit","filterParams":{},"paginationParams":{}}
{"level":30,"time":1781102817655,"pid":37124,"hostname":"preethika","requestId":"a3402dd0-e76b-4ccc-a94c-54944efcb4d0","method":"POST","url":"/api/match","statusCode":200,"executionTimeMs":2.26,"cacheStatus":"hit","filterParams":{},"paginationParams":{}}
{"level":30,"time":1781102817658,"pid":37124,"hostname":"preethika","requestId":"3d805075-cc65-4c37-a418-e9a8d8e99f2f","method":"POST","url":"/api/match","statusCode":200,"executionTimeMs":2.47,"cacheStatus":"hit","filterParams":{},"paginationParams":{}}
{"level":30,"time":1781102817662,"pid":37124,"hostname":"preethika","requestId":"b1f13ffb-3999-469b-bf51-7926be0214e5","method":"POST","url":"/api/match","statusCode":200,"executionTimeMs":1.89,"cacheStatus":"hit","filterParams":{},"paginationParams":{}}
{"level":30,"time":1781102817665,"pid":37124,"hostname":"preethika","requestId":"03ae3342-3949-4bae-be5d-095d9de3e252","method":"POST","url":"/api/match","statusCode":200,"executionTimeMs":1.42,"cacheStatus":"hit","filterParams":{},"paginationParams":{}}
{"level":30,"time":1781102817668,"pid":37124,"hostname":"preethika","requestId":"8b11e003-425a-4b4e-b17c-f6c86a51e566","method":"POST","url":"/api/match","statusCode":200,"executionTimeMs":3,"cacheStatus":"hit","filterParams":{},"paginationParams":{}}
{"level":30,"time":1781102817671,"pid":37124,"hostname":"preethika","requestId":"f2ce9e30-e9b8-46ab-99d1-a9803178c873","method":"POST","url":"/api/match","statusCode":200,"executionTimeMs":1.57,"cacheStatus":"hit","filterParams":{},"paginationParams":{}}
{"level":30,"time":1781102817673,"pid":37124,"hostname":"preethika","requestId":"0173e013-73ae-49f9-9e72-6108aefa34f5","method":"POST","url":"/api/match","statusCode":200,"executionTimeMs":1.39,"cacheStatus":"hit","filterParams":{},"paginationParams":{}}
{"level":30,"time":1781102817675,"pid":37124,"hostname":"preethika","requestId":"29585015-c44e-4265-9949-8735af688bc7","method":"POST","url":"/api/match","statusCode":200,"executionTimeMs":1.32,"cacheStatus":"hit","filterParams":{},"paginationParams":{}}
{"level":30,"time":1781102817678,"pid":37124,"hostname":"preethika","requestId":"1299483b-db0d-43c1-ad88-9392c8af4965","method":"POST","url":"/api/match","statusCode":200,"executionTimeMs":2.25,"cacheStatus":"hit","filterParams":{},"paginationParams":{}}
{"level":30,"time":1781102817681,"pid":37124,"hostname":"preethika","requestId":"9c5be30a-daaf-449c-a90a-d942c7fedc0f","method":"POST","url":"/api/match","statusCode":200,"executionTimeMs":1.53,"cacheStatus":"hit","filterParams":{},"paginationParams":{}}
{"level":30,"time":1781102817683,"pid":37124,"hostname":"preethika","requestId":"456b51e1-3908-49a6-9116-b4e0a9b05ec1","method":"POST","url":"/api/match","statusCode":200,"executionTimeMs":1.53,"cacheStatus":"hit","filterParams":{},"paginationParams":{}}
{"level":30,"time":1781102817685,"pid":37124,"hostname":"preethika","requestId":"778bb55a-52a4-43f4-a6b3-59aab5a6e80b","method":"POST","url":"/api/match","statusCode":200,"executionTimeMs":1.28,"cacheStatus":"hit","filterParams":{},"paginationParams":{}}
{"level":30,"time":1781102817687,"pid":37124,"hostname":"preethika","requestId":"f9cd2748-d5af-4e98-8f2f-06014807f2f2","method":"POST","url":"/api/match","statusCode":200,"executionTimeMs":1.36,"cacheStatus":"hit","filterParams":{},"paginationParams":{}}
{"level":30,"time":1781102817690,"pid":37124,"hostname":"preethika","requestId":"29b0fda0-9fe5-477d-987f-a3a99dc4b23a","method":"POST","url":"/api/match","statusCode":200,"executionTimeMs":1.32,"cacheStatus":"hit","filterParams":{},"paginationParams":{}}
{"level":30,"time":1781102817694,"pid":37124,"hostname":"preethika","requestId":"89988eb2-1ada-4737-bc4b-ba94ac03c8f9","method":"POST","url":"/api/match","statusCode":200,"executionTimeMs":2.89,"cacheStatus":"hit","filterParams":{},"paginationParams":{}}
{"level":30,"time":1781102817697,"pid":37124,"hostname":"preethika","requestId":"56dac7c2-1d3c-467f-a4ac-ccd828ab60af","method":"POST","url":"/api/match","statusCode":200,"executionTimeMs":2.36,"cacheStatus":"hit","filterParams":{},"paginationParams":{}}
{"level":30,"time":1781102817700,"pid":37124,"hostname":"preethika","requestId":"57288605-b5d6-49a2-b5ac-b2bb8831cde3","method":"POST","url":"/api/match","statusCode":200,"executionTimeMs":1.3,"cacheStatus":"hit","filterParams":{},"paginationParams":{}}
{"level":30,"time":1781102817701,"pid":37124,"hostname":"preethika","requestId":"6aa8fe77-b09c-451c-bd7f-04476f9aec9e","method":"POST","url":"/api/match","statusCode":200,"executionTimeMs":0.81,"cacheStatus":"hit","filterParams":{},"paginationParams":{}}
{"level":30,"time":1781102817702,"pid":37124,"hostname":"preethika","requestId":"ffd89dbd-c253-4fa7-a5be-f9c2b8bf6a73","method":"POST","url":"/api/match","statusCode":200,"executionTimeMs":0.84,"cacheStatus":"hit","filterParams":{},"paginationParams":{}}
{"level":30,"time":1781102817705,"pid":37124,"hostname":"preethika","requestId":"dd84fc4d-3017-47a8-a721-b7365648475d","method":"POST","url":"/api/match","statusCode":200,"executionTimeMs":1.78,"cacheStatus":"hit","filterParams":{},"paginationParams":{}}
{"level":30,"time":1781102817706,"pid":37124,"hostname":"preethika","requestId":"7f917f2c-51d1-4bcd-8c55-710239e43b5a","method":"POST","url":"/api/match","statusCode":200,"executionTimeMs":1.08,"cacheStatus":"hit","filterParams":{},"paginationParams":{}}
{"level":30,"time":1781102817708,"pid":37124,"hostname":"preethika","requestId":"7c75aee1-f260-4bcf-bd3f-93f66c06fa4e","method":"POST","url":"/api/match","statusCode":200,"executionTimeMs":1.02,"cacheStatus":"hit","filterParams":{},"paginationParams":{}}
{"level":30,"time":1781102817710,"pid":37124,"hostname":"preethika","requestId":"9538ff36-1e89-4aef-a1e4-273a9a087766","method":"POST","url":"/api/match","statusCode":200,"executionTimeMs":1.22,"cacheStatus":"hit","filterParams":{},"paginationParams":{}}
{"level":30,"time":1781102817713,"pid":37124,"hostname":"preethika","requestId":"6186ea96-8f03-4177-ac1f-31f658e60cb3","method":"POST","url":"/api/match","statusCode":200,"executionTimeMs":2.39,"cacheStatus":"hit","filterParams":{},"paginationParams":{}}
{"level":30,"time":1781102817715,"pid":37124,"hostname":"preethika","requestId":"f74b02b8-7b82-4a16-b469-75ab88e2bd30","method":"POST","url":"/api/match","statusCode":200,"executionTimeMs":1.16,"cacheStatus":"hit","filterParams":{},"paginationParams":{}}
{"level":30,"time":1781102817717,"pid":37124,"hostname":"preethika","requestId":"e9b58970-daa6-4cc3-9718-4e87e5a3a91f","method":"POST","url":"/api/match","statusCode":200,"executionTimeMs":1.06,"cacheStatus":"hit","filterParams":{},"paginationParams":{}}
{"level":30,"time":1781102817718,"pid":37124,"hostname":"preethika","requestId":"c7ea2e98-2e5c-4f97-9cef-067940edb3e0","method":"POST","url":"/api/match","statusCode":200,"executionTimeMs":0.69,"cacheStatus":"hit","filterParams":{},"paginationParams":{}}
{"level":30,"time":1781102817720,"pid":37124,"hostname":"preethika","requestId":"d7e91585-5162-4162-8a7d-f94a015660ad","method":"POST","url":"/api/match","statusCode":200,"executionTimeMs":1.12,"cacheStatus":"hit","filterParams":{},"paginationParams":{}}
{"level":30,"time":1781102817721,"pid":37124,"hostname":"preethika","requestId":"d57db8c7-0160-4aeb-8f91-c3aed0bedafc","method":"POST","url":"/api/match","statusCode":200,"executionTimeMs":0.74,"cacheStatus":"hit","filterParams":{},"paginationParams":{}}
{"level":30,"time":1781102817722,"pid":37124,"hostname":"preethika","requestId":"fa4f1196-c060-4b81-a65a-9eedadb97379","method":"POST","url":"/api/match","statusCode":200,"executionTimeMs":0.7,"cacheStatus":"hit","filterParams":{},"paginationParams":{}}
{"level":30,"time":1781102817724,"pid":37124,"hostname":"preethika","requestId":"8a7e03a0-58e4-48ab-b3f3-1811852424b7","method":"POST","url":"/api/match","statusCode":200,"executionTimeMs":0.86,"cacheStatus":"hit","filterParams":{},"paginationParams":{}}
{"level":30,"time":1781102817725,"pid":37124,"hostname":"preethika","requestId":"121c79e8-97a2-437e-a592-7dbac014ccd4","method":"POST","url":"/api/match","statusCode":200,"executionTimeMs":0.72,"cacheStatus":"hit","filterParams":{},"paginationParams":{}}
{"level":30,"time":1781102817726,"pid":37124,"hostname":"preethika","requestId":"cc897a6d-418b-490e-afd5-f7e107639ce2","method":"POST","url":"/api/match","statusCode":200,"executionTimeMs":0.89,"cacheStatus":"hit","filterParams":{},"paginationParams":{}}
{"level":30,"time":1781102817727,"pid":37124,"hostname":"preethika","requestId":"bf9788bb-5355-45b2-948e-56fafabf4acd","method":"POST","url":"/api/match","statusCode":200,"executionTimeMs":0.85,"cacheStatus":"hit","filterParams":{},"paginationParams":{}}
{"level":30,"time":1781102817729,"pid":37124,"hostname":"preethika","requestId":"3cbd1722-0ebf-4fcd-98f2-5d21c2870d00","method":"POST","url":"/api/match","statusCode":200,"executionTimeMs":0.68,"cacheStatus":"hit","filterParams":{},"paginationParams":{}}
{"level":30,"time":1781102817730,"pid":37124,"hostname":"preethika","requestId":"0ed23594-610b-48ea-b7c6-e877a168b9eb","method":"POST","url":"/api/match","statusCode":200,"executionTimeMs":0.65,"cacheStatus":"hit","filterParams":{},"paginationParams":{}}
{"level":30,"time":1781102817731,"pid":37124,"hostname":"preethika","requestId":"dd0f89f0-1224-47e3-906b-34e1e15b2b99","method":"POST","url":"/api/match","statusCode":200,"executionTimeMs":0.64,"cacheStatus":"hit","filterParams":{},"paginationParams":{}}
{"level":30,"time":1781102817732,"pid":37124,"hostname":"preethika","requestId":"adaf9407-aa8a-4188-a8aa-c57bc7d268ce","method":"POST","url":"/api/match","statusCode":200,"executionTimeMs":0.83,"cacheStatus":"hit","filterParams":{},"paginationParams":{}}
{"level":30,"time":1781102817733,"pid":37124,"hostname":"preethika","requestId":"eeb4ee09-ac1d-44d7-ada5-f24dcc0af9d2","method":"POST","url":"/api/match","statusCode":200,"executionTimeMs":0.63,"cacheStatus":"hit","filterParams":{},"paginationParams":{}}
{"level":30,"time":1781102817734,"pid":37124,"hostname":"preethika","requestId":"68247870-d75e-4bac-93f5-4ab2f92c4891","method":"POST","url":"/api/match","statusCode":429,"executionTimeMs":0.87,"cacheStatus":"n/a","filterParams":{},"paginationParams":{}}
{"level":30,"time":1781102817735,"pid":37124,"hostname":"preethika","requestId":"aae4d425-69f8-4f17-acd5-187370a8ab9e","method":"POST","url":"/api/match","statusCode":429,"executionTimeMs":0.57,"cacheStatus":"n/a","filterParams":{},"paginationParams":{}}
{"level":30,"time":1781102817736,"pid":37124,"hostname":"preethika","requestId":"10a062ef-1e3e-4d54-8942-631fd57970e8","method":"POST","url":"/api/match","statusCode":429,"executionTimeMs":0.66,"cacheStatus":"n/a","filterParams":{},"paginationParams":{}}
{"level":30,"time":1781102817737,"pid":37124,"hostname":"preethika","requestId":"d2ef8b00-4e6d-447f-b6c2-375a6a57a230","method":"POST","url":"/api/match","statusCode":429,"executionTimeMs":0.78,"cacheStatus":"n/a","filterParams":{},"paginationParams":{}}
{"level":30,"time":1781102817739,"pid":37124,"hostname":"preethika","requestId":"71e45942-db51-4acc-88c4-c84071b21822","method":"POST","url":"/api/match","statusCode":429,"executionTimeMs":0.66,"cacheStatus":"n/a","filterParams":{},"paginationParams":{}}
{"level":30,"time":1781102817739,"pid":37124,"hostname":"preethika","requestId":"e4a930bd-b4d8-49f8-8959-8805a8aed496","method":"POST","url":"/api/match","statusCode":429,"executionTimeMs":0.58,"cacheStatus":"n/a","filterParams":{},"paginationParams":{}}
{"level":30,"time":1781102817740,"pid":37124,"hostname":"preethika","requestId":"2f857a3d-33f0-4cd7-ba7a-2d7ea8df96a6","method":"POST","url":"/api/match","statusCode":429,"executionTimeMs":0.56,"cacheStatus":"n/a","filterParams":{},"paginationParams":{}}
{"level":30,"time":1781102818745,"pid":37124,"hostname":"preethika","requestId":"369ceefa-fd3f-4663-b608-4afc92754adb","method":"GET","url":"/api/metrics","statusCode":200,"executionTimeMs":1.92,"cacheStatus":"n/a","filterParams":{},"paginationParams":{}}
{"level":30,"time":1781103419586,"pid":17712,"hostname":"preethika","requestId":"6666b2d4-9a9d-4375-b79b-ab32d4532a90","method":"GET","url":"/api/freshness","statusCode":200,"executionTimeMs":96.58,"cacheStatus":"n/a","filterParams":{},"paginationParams":{}}
{"level":30,"time":1781103539530,"pid":17712,"hostname":"preethika","requestId":"8d05ecfb-1804-48fa-a6f0-c454ed96cd69","method":"GET","url":"/api/freshness?limit=5000","statusCode":200,"executionTimeMs":63.75,"cacheStatus":"n/a","filterParams":{},"paginationParams":{"limit":"5000"}}
{"level":30,"time":1781104058784,"pid":37084,"hostname":"preethika","requestId":"ed720c98-02ba-414d-b89c-0dec7db14fba","method":"GET","url":"/api/freshness?limit=5000","statusCode":200,"executionTimeMs":74.96,"cacheStatus":"n/a","filterParams":{},"paginationParams":{"limit":"5000"}}
{"level":30,"time":1781104113224,"pid":37084,"hostname":"preethika","requestId":"0de6def6-a9c7-4134-8fdb-247fc184c7f3","method":"GET","url":"/api/freshness?limit=5000","statusCode":200,"executionTimeMs":74.68,"cacheStatus":"n/a","filterParams":{},"paginationParams":{"limit":"5000"}}
{"level":30,"time":1781104573847,"pid":33168,"hostname":"preethika","requestId":"1ed59e8b-f413-4a71-9099-3179d1ada890","method":"GET","url":"/api/coverage","statusCode":200,"executionTimeMs":377.2,"cacheStatus":"n/a","filterParams":{},"paginationParams":{}}
{"level":30,"time":1781105255195,"pid":18708,"hostname":"preethika","requestId":"2b725563-bf8b-4afd-9f1b-1ca8f3a9a783","method":"GET","url":"/api/coverage?collegeCode=COV_FULL","statusCode":200,"executionTimeMs":56.66,"cacheStatus":"n/a","filterParams":{},"paginationParams":{}}
{"level":30,"time":1781105255256,"pid":18708,"hostname":"preethika","requestId":"76dc5820-1bd7-4483-8b17-fda69dd6457d","method":"GET","url":"/api/coverage?collegeCode=COV_HIGH","statusCode":200,"executionTimeMs":56.8,"cacheStatus":"n/a","filterParams":{},"paginationParams":{}}
{"level":30,"time":1781105255293,"pid":18708,"hostname":"preethika","requestId":"9df9ee96-e3be-47b4-ad48-57b9a97fbf35","method":"GET","url":"/api/coverage?collegeCode=COV_MEDIUM","statusCode":200,"executionTimeMs":34.62,"cacheStatus":"n/a","filterParams":{},"paginationParams":{}}
{"level":30,"time":1781105255332,"pid":18708,"hostname":"preethika","requestId":"94eea5d0-c4e8-4cc8-addb-8f572b20635c","method":"GET","url":"/api/coverage?collegeCode=COV_LOW","statusCode":200,"executionTimeMs":37.59,"cacheStatus":"n/a","filterParams":{},"paginationParams":{}}
{"level":30,"time":1781105256203,"pid":18708,"hostname":"preethika","requestId":"f734fd50-e8d3-4441-9355-eeeb7d7c2ea7","method":"GET","url":"/api/coverage","statusCode":200,"executionTimeMs":869.16,"cacheStatus":"n/a","filterParams":{},"paginationParams":{}}
{"level":30,"time":1781107070381,"pid":18708,"hostname":"preethika","requestId":"9bff5bbe-2e15-401d-bce8-b10e48156e35","method":"GET","url":"/api/coverage?collegeCode=COV_FULL","statusCode":200,"executionTimeMs":26.39,"cacheStatus":"n/a","filterParams":{},"paginationParams":{}}
{"level":30,"time":1781107070411,"pid":18708,"hostname":"preethika","requestId":"712943fc-2db1-40c7-bc82-f9ad13f3f377","method":"GET","url":"/api/coverage?collegeCode=COV_FULL","statusCode":200,"executionTimeMs":25.17,"cacheStatus":"n/a","filterParams":{},"paginationParams":{}}
{"level":30,"time":1781107070437,"pid":18708,"hostname":"preethika","requestId":"29d568ef-9b61-4711-9d06-0b8507212de0","method":"GET","url":"/api/coverage?collegeCode=COV_HIGH","statusCode":200,"executionTimeMs":24.77,"cacheStatus":"n/a","filterParams":{},"paginationParams":{}}
{"level":30,"time":1781107070472,"pid":18708,"hostname":"preethika","requestId":"1b0ffade-2571-4bc4-8a43-c65cabc0b2b8","method":"GET","url":"/api/coverage?collegeCode=COV_HIGH","statusCode":200,"executionTimeMs":33.36,"cacheStatus":"n/a","filterParams":{},"paginationParams":{}}
{"level":30,"time":1781107070500,"pid":18708,"hostname":"preethika","requestId":"fe69da40-04ff-47e6-904c-9ac827029a7d","method":"GET","url":"/api/coverage?collegeCode=COV_MEDIUM","statusCode":200,"executionTimeMs":26.19,"cacheStatus":"n/a","filterParams":{},"paginationParams":{}}
{"level":30,"time":1781107070526,"pid":18708,"hostname":"preethika","requestId":"9eb4f624-f03f-4352-8a86-2bcd15125432","method":"GET","url":"/api/coverage?collegeCode=COV_MEDIUM","statusCode":200,"executionTimeMs":25.67,"cacheStatus":"n/a","filterParams":{},"paginationParams":{}}
{"level":30,"time":1781107070552,"pid":18708,"hostname":"preethika","requestId":"ac0f90bb-87fd-4db7-b219-045a1877bd91","method":"GET","url":"/api/coverage?collegeCode=COV_LOW","statusCode":200,"executionTimeMs":24.38,"cacheStatus":"n/a","filterParams":{},"paginationParams":{}}
{"level":30,"time":1781107070581,"pid":18708,"hostname":"preethika","requestId":"df341fe8-31a5-4f9c-8ce3-9ff8b498017b","method":"GET","url":"/api/coverage?collegeCode=COV_LOW","statusCode":200,"executionTimeMs":27.21,"cacheStatus":"n/a","filterParams":{},"paginationParams":{}}
{"level":30,"time":1781107070608,"pid":18708,"hostname":"preethika","requestId":"df92c51a-7b23-478f-9f5e-fd9b8be7d287","method":"GET","url":"/api/coverage?collegeCode=COV_NULL","statusCode":200,"executionTimeMs":24.55,"cacheStatus":"n/a","filterParams":{},"paginationParams":{}}
{"level":30,"time":1781107070634,"pid":18708,"hostname":"preethika","requestId":"87ce2aa3-66e8-4b9b-85b2-788a3bf28f33","method":"GET","url":"/api/coverage?collegeCode=COV_NULL","statusCode":200,"executionTimeMs":24.62,"cacheStatus":"n/a","filterParams":{},"paginationParams":{}}
{"level":30,"time":1781107070663,"pid":18708,"hostname":"preethika","requestId":"02e663ae-5924-4d00-8135-6fb08925c888","method":"GET","url":"/api/coverage?collegeCode=COV_UNDEF","statusCode":200,"executionTimeMs":28.24,"cacheStatus":"n/a","filterParams":{},"paginationParams":{}}
{"level":30,"time":1781107070702,"pid":18708,"hostname":"preethika","requestId":"dcc220dc-9ff8-429e-bf39-0d34cae5c5b1","method":"GET","url":"/api/coverage?collegeCode=COV_UNDEF","statusCode":200,"executionTimeMs":37.82,"cacheStatus":"n/a","filterParams":{},"paginationParams":{}}
{"level":30,"time":1781107070732,"pid":18708,"hostname":"preethika","requestId":"6ebf3747-e7d7-4b97-9ee2-030af8147e07","method":"GET","url":"/api/coverage?collegeCode=COV_EMPTY","statusCode":200,"executionTimeMs":28.62,"cacheStatus":"n/a","filterParams":{},"paginationParams":{}}
{"level":30,"time":1781107070758,"pid":18708,"hostname":"preethika","requestId":"952276d1-0510-47bc-9e6d-69dd4becd2e6","method":"GET","url":"/api/coverage?collegeCode=COV_EMPTY","statusCode":200,"executionTimeMs":25.26,"cacheStatus":"n/a","filterParams":{},"paginationParams":{}}
{"level":30,"time":1781107070786,"pid":18708,"hostname":"preethika","requestId":"0c5e93d8-8316-4ad9-be18-8cb8edc49dba","method":"GET","url":"/api/coverage?collegeCode=COV_BOUND_MEDIUM","statusCode":200,"executionTimeMs":26.31,"cacheStatus":"n/a","filterParams":{},"paginationParams":{}}
{"level":30,"time":1781107070812,"pid":18708,"hostname":"preethika","requestId":"0434eabd-d55d-4142-b6cd-33dea652c6aa","method":"GET","url":"/api/coverage?collegeCode=COV_BOUND_MEDIUM","statusCode":200,"executionTimeMs":25.6,"cacheStatus":"n/a","filterParams":{},"paginationParams":{}}
{"level":30,"time":1781107070838,"pid":18708,"hostname":"preethika","requestId":"ef9b6def-4aea-4cbf-aa5b-3d494489d7ab","method":"GET","url":"/api/coverage?collegeCode=COV_BOUND_HIGH","statusCode":200,"executionTimeMs":24.83,"cacheStatus":"n/a","filterParams":{},"paginationParams":{}}
{"level":30,"time":1781107070864,"pid":18708,"hostname":"preethika","requestId":"02433a45-50c0-421d-887a-e3e2d9e60d7f","method":"GET","url":"/api/coverage?collegeCode=COV_BOUND_HIGH","statusCode":200,"executionTimeMs":24.42,"cacheStatus":"n/a","filterParams":{},"paginationParams":{}}
{"level":30,"time":1781107070890,"pid":18708,"hostname":"preethika","requestId":"73e489c1-a12c-4a78-b8e0-77f9da86465a","method":"GET","url":"/api/coverage?collegeCode=COV_BOUND_COMPLETE","statusCode":200,"executionTimeMs":24.37,"cacheStatus":"n/a","filterParams":{},"paginationParams":{}}
{"level":30,"time":1781107070916,"pid":18708,"hostname":"preethika","requestId":"2077eeef-84c6-4245-b639-8e2e61dfbac3","method":"GET","url":"/api/coverage?collegeCode=COV_BOUND_COMPLETE","statusCode":200,"executionTimeMs":25.25,"cacheStatus":"n/a","filterParams":{},"paginationParams":{}}
{"level":30,"time":1781107071254,"pid":18708,"hostname":"preethika","requestId":"86170d4f-e2da-419a-a5ab-545c0b0513c4","method":"GET","url":"/api/coverage","statusCode":200,"executionTimeMs":337.69,"cacheStatus":"n/a","filterParams":{},"paginationParams":{}}
{"level":30,"time":1781107214152,"pid":18708,"hostname":"preethika","requestId":"07d01a84-9181-46bd-8737-63baaf282a27","method":"GET","url":"/api/coverage?collegeCode=COV_FULL","statusCode":200,"executionTimeMs":26.91,"cacheStatus":"n/a","filterParams":{},"paginationParams":{}}
{"level":30,"time":1781107214182,"pid":18708,"hostname":"preethika","requestId":"cfc4bb12-59c9-42c0-81a4-02e5467e70b1","method":"GET","url":"/api/coverage?collegeCode=COV_FULL","statusCode":200,"executionTimeMs":25.2,"cacheStatus":"n/a","filterParams":{},"paginationParams":{}}
{"level":30,"time":1781107214209,"pid":18708,"hostname":"preethika","requestId":"c71e2d4d-75ef-4e35-b947-7f9f3a8a4c4f","method":"GET","url":"/api/coverage?collegeCode=COV_HIGH","statusCode":200,"executionTimeMs":24.61,"cacheStatus":"n/a","filterParams":{},"paginationParams":{}}
{"level":30,"time":1781107214238,"pid":18708,"hostname":"preethika","requestId":"bec52a94-fcde-4636-8379-a878f876f218","method":"GET","url":"/api/coverage?collegeCode=COV_HIGH","statusCode":200,"executionTimeMs":25.97,"cacheStatus":"n/a","filterParams":{},"paginationParams":{}}
{"level":30,"time":1781107214267,"pid":18708,"hostname":"preethika","requestId":"42b97125-9e54-4e21-80d8-50cbc5b1aa78","method":"GET","url":"/api/coverage?collegeCode=COV_MEDIUM","statusCode":200,"executionTimeMs":27.23,"cacheStatus":"n/a","filterParams":{},"paginationParams":{}}
{"level":30,"time":1781107214295,"pid":18708,"hostname":"preethika","requestId":"6b1b86a7-789f-40e1-9eb8-01fd946a54aa","method":"GET","url":"/api/coverage?collegeCode=COV_MEDIUM","statusCode":200,"executionTimeMs":26.34,"cacheStatus":"n/a","filterParams":{},"paginationParams":{}}
{"level":30,"time":1781107214361,"pid":18708,"hostname":"preethika","requestId":"45041ca5-4407-4136-ad06-7630d09279bc","method":"GET","url":"/api/coverage?collegeCode=COV_LOW","statusCode":200,"executionTimeMs":64.57,"cacheStatus":"n/a","filterParams":{},"paginationParams":{}}
{"level":30,"time":1781107214388,"pid":18708,"hostname":"preethika","requestId":"86792f43-44d5-4c82-828e-4a2747349f10","method":"GET","url":"/api/coverage?collegeCode=COV_LOW","statusCode":200,"executionTimeMs":25.11,"cacheStatus":"n/a","filterParams":{},"paginationParams":{}}
{"level":30,"time":1781107214414,"pid":18708,"hostname":"preethika","requestId":"7aa2f727-4bb8-43f9-9939-a754bca19156","method":"GET","url":"/api/coverage?collegeCode=COV_NULL","statusCode":200,"executionTimeMs":24.89,"cacheStatus":"n/a","filterParams":{},"paginationParams":{}}
{"level":30,"time":1781107214441,"pid":18708,"hostname":"preethika","requestId":"917e6ac1-9b00-4117-8e3e-ea549d3aa0b9","method":"GET","url":"/api/coverage?collegeCode=COV_NULL","statusCode":200,"executionTimeMs":24.72,"cacheStatus":"n/a","filterParams":{},"paginationParams":{}}
{"level":30,"time":1781107214468,"pid":18708,"hostname":"preethika","requestId":"c95b094f-ba55-40f4-ac54-3c9dc791eb17","method":"GET","url":"/api/coverage?collegeCode=COV_UNDEF","statusCode":200,"executionTimeMs":25.75,"cacheStatus":"n/a","filterParams":{},"paginationParams":{}}
{"level":30,"time":1781107214497,"pid":18708,"hostname":"preethika","requestId":"75776e1b-3221-4b7d-ac6b-fc30b8f88161","method":"GET","url":"/api/coverage?collegeCode=COV_UNDEF","statusCode":200,"executionTimeMs":28.17,"cacheStatus":"n/a","filterParams":{},"paginationParams":{}}
{"level":30,"time":1781107214522,"pid":18708,"hostname":"preethika","requestId":"8c0b3cc3-3c8b-4a76-aaa0-0c0133205ea4","method":"GET","url":"/api/coverage?collegeCode=COV_EMPTY","statusCode":200,"executionTimeMs":24.29,"cacheStatus":"n/a","filterParams":{},"paginationParams":{}}
{"level":30,"time":1781107214549,"pid":18708,"hostname":"preethika","requestId":"eb669422-afe0-4b66-b900-fe8ae791c826","method":"GET","url":"/api/coverage?collegeCode=COV_EMPTY","statusCode":200,"executionTimeMs":25.24,"cacheStatus":"n/a","filterParams":{},"paginationParams":{}}
{"level":30,"time":1781107214574,"pid":18708,"hostname":"preethika","requestId":"9231d36c-7af7-498a-903b-72e2ae066070","method":"GET","url":"/api/coverage?collegeCode=COV_BOUND_MEDIUM","statusCode":200,"executionTimeMs":24.65,"cacheStatus":"n/a","filterParams":{},"paginationParams":{}}
{"level":30,"time":1781107214601,"pid":18708,"hostname":"preethika","requestId":"f29c9ae8-6423-4c03-9f3f-7acad0421e6c","method":"GET","url":"/api/coverage?collegeCode=COV_BOUND_MEDIUM","statusCode":200,"executionTimeMs":25.51,"cacheStatus":"n/a","filterParams":{},"paginationParams":{}}
{"level":30,"time":1781107214628,"pid":18708,"hostname":"preethika","requestId":"0e70555a-6aaa-4e44-a265-a7f77a522575","method":"GET","url":"/api/coverage?collegeCode=COV_BOUND_HIGH","statusCode":200,"executionTimeMs":26.34,"cacheStatus":"n/a","filterParams":{},"paginationParams":{}}
{"level":30,"time":1781107214668,"pid":18708,"hostname":"preethika","requestId":"b7e8af01-f3aa-4938-a69f-82ec67274cf5","method":"GET","url":"/api/coverage?collegeCode=COV_BOUND_HIGH","statusCode":200,"executionTimeMs":38.19,"cacheStatus":"n/a","filterParams":{},"paginationParams":{}}
{"level":30,"time":1781107214695,"pid":18708,"hostname":"preethika","requestId":"66b6081a-5f6c-480d-acab-2cfea76588ce","method":"GET","url":"/api/coverage?collegeCode=COV_BOUND_COMPLETE","statusCode":200,"executionTimeMs":25.93,"cacheStatus":"n/a","filterParams":{},"paginationParams":{}}
{"level":30,"time":1781107214720,"pid":18708,"hostname":"preethika","requestId":"1003ec38-923e-4d6c-9d41-8db0dd646d13","method":"GET","url":"/api/coverage?collegeCode=COV_BOUND_COMPLETE","statusCode":200,"executionTimeMs":24.64,"cacheStatus":"n/a","filterParams":{},"paginationParams":{}}
{"level":30,"time":1781107215082,"pid":18708,"hostname":"preethika","requestId":"c11c4b6b-2d67-4144-84b8-9253a137fa34","method":"GET","url":"/api/coverage","statusCode":200,"executionTimeMs":360.75,"cacheStatus":"n/a","filterParams":{},"paginationParams":{}}
{"level":30,"time":1781107852535,"pid":8836,"hostname":"preethika","requestId":"0d33e077-c330-4227-9124-690d74db1d93","method":"GET","url":"/api/coverage?collegeCode=COV_FULL","statusCode":200,"executionTimeMs":80.65,"cacheStatus":"n/a","filterParams":{},"paginationParams":{}}
{"level":30,"time":1781107852580,"pid":8836,"hostname":"preethika","requestId":"c459d100-5a5e-454d-b4fa-0eb63fa405e4","method":"GET","url":"/api/coverage?collegeCode=COV_FULL","statusCode":200,"executionTimeMs":38.45,"cacheStatus":"n/a","filterParams":{},"paginationParams":{}}
{"level":30,"time":1781107852613,"pid":8836,"hostname":"preethika","requestId":"9427ada6-4e28-4894-8b84-09ebaa4686bb","method":"GET","url":"/api/coverage?collegeCode=COV_HIGH","statusCode":200,"executionTimeMs":32.13,"cacheStatus":"n/a","filterParams":{},"paginationParams":{}}
{"level":30,"time":1781107852646,"pid":8836,"hostname":"preethika","requestId":"be72d955-f915-4a7f-82a1-e21c902960b6","method":"GET","url":"/api/coverage?collegeCode=COV_HIGH","statusCode":200,"executionTimeMs":31.89,"cacheStatus":"n/a","filterParams":{},"paginationParams":{}}
{"level":30,"time":1781107852684,"pid":8836,"hostname":"preethika","requestId":"5d3d74fa-6be7-4f92-8610-86b686ece2a3","method":"GET","url":"/api/coverage?collegeCode=COV_MEDIUM","statusCode":200,"executionTimeMs":35.87,"cacheStatus":"n/a","filterParams":{},"paginationParams":{}}
{"level":30,"time":1781107852724,"pid":8836,"hostname":"preethika","requestId":"4579d6a0-67c1-4534-809f-f33e8e9faaee","method":"GET","url":"/api/coverage?collegeCode=COV_MEDIUM","statusCode":200,"executionTimeMs":37.51,"cacheStatus":"n/a","filterParams":{},"paginationParams":{}}
{"level":30,"time":1781107852761,"pid":8836,"hostname":"preethika","requestId":"358c9ddb-6d55-40a0-9c4f-d5e933f14f6a","method":"GET","url":"/api/coverage?collegeCode=COV_LOW","statusCode":200,"executionTimeMs":34.09,"cacheStatus":"n/a","filterParams":{},"paginationParams":{}}
{"level":30,"time":1781107852796,"pid":8836,"hostname":"preethika","requestId":"b3223707-fa1b-4352-8d01-97bfcafd12b2","method":"GET","url":"/api/coverage?collegeCode=COV_LOW","statusCode":200,"executionTimeMs":32.21,"cacheStatus":"n/a","filterParams":{},"paginationParams":{}}
{"level":30,"time":1781107852835,"pid":8836,"hostname":"preethika","requestId":"7a943754-1233-4fea-b1db-03221d39efcc","method":"GET","url":"/api/coverage?collegeCode=COV_NULL","statusCode":200,"executionTimeMs":34.68,"cacheStatus":"n/a","filterParams":{},"paginationParams":{}}
{"level":30,"time":1781107852871,"pid":8836,"hostname":"preethika","requestId":"fcb0aa4c-9e75-4a16-b318-a3d5bb1c83f1","method":"GET","url":"/api/coverage?collegeCode=COV_NULL","statusCode":200,"executionTimeMs":32.53,"cacheStatus":"n/a","filterParams":{},"paginationParams":{}}
{"level":30,"time":1781107852909,"pid":8836,"hostname":"preethika","requestId":"f50b9429-2222-4160-8dd8-61106d662bca","method":"GET","url":"/api/coverage?collegeCode=COV_UNDEF","statusCode":200,"executionTimeMs":35.89,"cacheStatus":"n/a","filterParams":{},"paginationParams":{}}
{"level":30,"time":1781107852947,"pid":8836,"hostname":"preethika","requestId":"dce750ce-9ff8-43df-ae8f-ce86304ba143","method":"GET","url":"/api/coverage?collegeCode=COV_UNDEF","statusCode":200,"executionTimeMs":36.07,"cacheStatus":"n/a","filterParams":{},"paginationParams":{}}
{"level":30,"time":1781107852980,"pid":8836,"hostname":"preethika","requestId":"15e29b7a-e2e9-4af6-afcb-605c3cf124b5","method":"GET","url":"/api/coverage?collegeCode=COV_EMPTY","statusCode":200,"executionTimeMs":32.52,"cacheStatus":"n/a","filterParams":{},"paginationParams":{}}
{"level":30,"time":1781107853012,"pid":8836,"hostname":"preethika","requestId":"322845f1-a774-44b2-a86b-537aacfa4dd5","method":"GET","url":"/api/coverage?collegeCode=COV_EMPTY","statusCode":200,"executionTimeMs":30.68,"cacheStatus":"n/a","filterParams":{},"paginationParams":{}}
{"level":30,"time":1781107853045,"pid":8836,"hostname":"preethika","requestId":"caec93ac-5fb4-406d-ba67-5114e98dc88d","method":"GET","url":"/api/coverage?collegeCode=COV_BOUND_MEDIUM","statusCode":200,"executionTimeMs":31.68,"cacheStatus":"n/a","filterParams":{},"paginationParams":{}}
{"level":30,"time":1781107853078,"pid":8836,"hostname":"preethika","requestId":"aa5aed04-fd0e-4292-8b98-ba1b12c6aea1","method":"GET","url":"/api/coverage?collegeCode=COV_BOUND_MEDIUM","statusCode":200,"executionTimeMs":31.23,"cacheStatus":"n/a","filterParams":{},"paginationParams":{}}
{"level":30,"time":1781107853113,"pid":8836,"hostname":"preethika","requestId":"f90434f4-f6ae-46d2-9a1e-230bb6c8f0c8","method":"GET","url":"/api/coverage?collegeCode=COV_BOUND_HIGH","statusCode":200,"executionTimeMs":33.54,"cacheStatus":"n/a","filterParams":{},"paginationParams":{}}
{"level":30,"time":1781107853150,"pid":8836,"hostname":"preethika","requestId":"9822dff6-f818-47a2-a5d3-1e5f6ea7b899","method":"GET","url":"/api/coverage?collegeCode=COV_BOUND_HIGH","statusCode":200,"executionTimeMs":35.27,"cacheStatus":"n/a","filterParams":{},"paginationParams":{}}
{"level":30,"time":1781107853182,"pid":8836,"hostname":"preethika","requestId":"b62320b8-f8e4-4def-8ca2-08065ecd5f06","method":"GET","url":"/api/coverage?collegeCode=COV_BOUND_COMPLETE","statusCode":200,"executionTimeMs":30.74,"cacheStatus":"n/a","filterParams":{},"paginationParams":{}}
{"level":30,"time":1781107853271,"pid":8836,"hostname":"preethika","requestId":"187d7adb-03cb-49f8-b23e-178d16780de2","method":"GET","url":"/api/coverage?collegeCode=COV_BOUND_COMPLETE","statusCode":200,"executionTimeMs":86.97,"cacheStatus":"n/a","filterParams":{},"paginationParams":{}}
{"level":30,"time":1781107853935,"pid":8836,"hostname":"preethika","requestId":"1f01c1b8-5aad-4622-924b-c6ddfbf5a7da","method":"GET","url":"/api/coverage","statusCode":200,"executionTimeMs":661.57,"cacheStatus":"n/a","filterParams":{},"paginationParams":{}}
{"level":30,"time":1781107910495,"pid":8836,"hostname":"preethika","requestId":"5404434b-1a40-4186-9a86-c04cb6f667b4","method":"GET","url":"/api/coverage?collegeCode=COV_FULL","statusCode":200,"executionTimeMs":34.71,"cacheStatus":"n/a","filterParams":{},"paginationParams":{}}
{"level":30,"time":1781107911037,"pid":8836,"hostname":"preethika","requestId":"b9996745-11bb-4cc5-b116-7607d04492a4","method":"GET","url":"/api/coverage?collegeCode=COV_FULL","statusCode":200,"executionTimeMs":536.74,"cacheStatus":"n/a","filterParams":{},"paginationParams":{}}
{"level":30,"time":1781107911068,"pid":8836,"hostname":"preethika","requestId":"1464b46c-c312-4e04-9600-deacdfca3e32","method":"GET","url":"/api/coverage?collegeCode=COV_HIGH","statusCode":200,"executionTimeMs":28.95,"cacheStatus":"n/a","filterParams":{},"paginationParams":{}}
{"level":30,"time":1781107911099,"pid":8836,"hostname":"preethika","requestId":"4f090a24-1872-4233-bdf2-d5030ad14a12","method":"GET","url":"/api/coverage?collegeCode=COV_HIGH","statusCode":200,"executionTimeMs":29.95,"cacheStatus":"n/a","filterParams":{},"paginationParams":{}}
{"level":30,"time":1781107911130,"pid":8836,"hostname":"preethika","requestId":"077509db-febe-4f1d-aae2-4de07a9cb3a0","method":"GET","url":"/api/coverage?collegeCode=COV_MEDIUM","statusCode":200,"executionTimeMs":29.48,"cacheStatus":"n/a","filterParams":{},"paginationParams":{}}
{"level":30,"time":1781107911160,"pid":8836,"hostname":"preethika","requestId":"08d0aff1-3c01-4e42-917b-f6ddb35663b2","method":"GET","url":"/api/coverage?collegeCode=COV_MEDIUM","statusCode":200,"executionTimeMs":29.33,"cacheStatus":"n/a","filterParams":{},"paginationParams":{}}
{"level":30,"time":1781107911193,"pid":8836,"hostname":"preethika","requestId":"9ea5c990-3b60-4dcb-9f5b-2b49a15c373c","method":"GET","url":"/api/coverage?collegeCode=COV_LOW","statusCode":200,"executionTimeMs":31.11,"cacheStatus":"n/a","filterParams":{},"paginationParams":{}}
{"level":30,"time":1781107911224,"pid":8836,"hostname":"preethika","requestId":"c4c31e28-d4d8-44a6-8982-ae72560e66d7","method":"GET","url":"/api/coverage?collegeCode=COV_LOW","statusCode":200,"executionTimeMs":29.73,"cacheStatus":"n/a","filterParams":{},"paginationParams":{}}
{"level":30,"time":1781107911255,"pid":8836,"hostname":"preethika","requestId":"504120a1-65cb-4ad2-b2fd-9b8b9f86d94d","method":"GET","url":"/api/coverage?collegeCode=COV_NULL","statusCode":200,"executionTimeMs":29.33,"cacheStatus":"n/a","filterParams":{},"paginationParams":{}}
{"level":30,"time":1781107911287,"pid":8836,"hostname":"preethika","requestId":"587fe320-969a-4405-b008-851b17129549","method":"GET","url":"/api/coverage?collegeCode=COV_NULL","statusCode":200,"executionTimeMs":29.8,"cacheStatus":"n/a","filterParams":{},"paginationParams":{}}
{"level":30,"time":1781107911350,"pid":8836,"hostname":"preethika","requestId":"e76712d6-1abe-410a-9448-148c6c16c6b0","method":"GET","url":"/api/coverage?collegeCode=COV_UNDEF","statusCode":200,"executionTimeMs":61.46,"cacheStatus":"n/a","filterParams":{},"paginationParams":{}}
{"level":30,"time":1781107911394,"pid":8836,"hostname":"preethika","requestId":"b7c84f96-af7c-4eef-8013-af00cd2a659f","method":"GET","url":"/api/coverage?collegeCode=COV_UNDEF","statusCode":200,"executionTimeMs":43.49,"cacheStatus":"n/a","filterParams":{},"paginationParams":{}}
{"level":30,"time":1781107911427,"pid":8836,"hostname":"preethika","requestId":"741bd039-45c0-450d-897e-0f190d3f33ac","method":"GET","url":"/api/coverage?collegeCode=COV_EMPTY","statusCode":200,"executionTimeMs":31.28,"cacheStatus":"n/a","filterParams":{},"paginationParams":{}}
{"level":30,"time":1781107911458,"pid":8836,"hostname":"preethika","requestId":"75b61995-7bbb-421b-9e2b-96eaa587930a","method":"GET","url":"/api/coverage?collegeCode=COV_EMPTY","statusCode":200,"executionTimeMs":29.54,"cacheStatus":"n/a","filterParams":{},"paginationParams":{}}
{"level":30,"time":1781107911490,"pid":8836,"hostname":"preethika","requestId":"e5a92a2f-9817-47b6-b756-0394a38fe509","method":"GET","url":"/api/coverage?collegeCode=COV_BOUND_MEDIUM","statusCode":200,"executionTimeMs":31.27,"cacheStatus":"n/a","filterParams":{},"paginationParams":{}}
{"level":30,"time":1781107911522,"pid":8836,"hostname":"preethika","requestId":"fc3e9a45-f29e-4209-b82c-a04fe8b40112","method":"GET","url":"/api/coverage?collegeCode=COV_BOUND_MEDIUM","statusCode":200,"executionTimeMs":29.64,"cacheStatus":"n/a","filterParams":{},"paginationParams":{}}
{"level":30,"time":1781107911553,"pid":8836,"hostname":"preethika","requestId":"21d2bf32-275e-42fb-a9ae-5d7f53130a81","method":"GET","url":"/api/coverage?collegeCode=COV_BOUND_HIGH","statusCode":200,"executionTimeMs":30.56,"cacheStatus":"n/a","filterParams":{},"paginationParams":{}}
{"level":30,"time":1781107911583,"pid":8836,"hostname":"preethika","requestId":"afa6a9d4-bfab-4936-bbe9-d9a12e07b430","method":"GET","url":"/api/coverage?collegeCode=COV_BOUND_HIGH","statusCode":200,"executionTimeMs":29.12,"cacheStatus":"n/a","filterParams":{},"paginationParams":{}}
{"level":30,"time":1781107911618,"pid":8836,"hostname":"preethika","requestId":"34591605-311a-4a36-8654-e14975236180","method":"GET","url":"/api/coverage?collegeCode=COV_BOUND_COMPLETE","statusCode":200,"executionTimeMs":33.27,"cacheStatus":"n/a","filterParams":{},"paginationParams":{}}
{"level":30,"time":1781107911648,"pid":8836,"hostname":"preethika","requestId":"98685eeb-a12d-4f66-af01-6c3a8fac1164","method":"GET","url":"/api/coverage?collegeCode=COV_BOUND_COMPLETE","statusCode":200,"executionTimeMs":29.38,"cacheStatus":"n/a","filterParams":{},"paginationParams":{}}
{"level":30,"time":1781107912840,"pid":8836,"hostname":"preethika","requestId":"bf4226dc-4ea8-42e1-b145-b3c94d76575b","method":"GET","url":"/api/coverage","statusCode":200,"executionTimeMs":1190.76,"cacheStatus":"n/a","filterParams":{},"paginationParams":{}}
{"level":30,"time":1781108343288,"pid":34920,"hostname":"preethika","requestId":"9cb16c33-ef00-48b0-8faf-c8489ef52f71","method":"GET","url":"/api/quality?collegeCode=QL_EXCELLENT","statusCode":200,"executionTimeMs":82.68,"cacheStatus":"n/a","filterParams":{},"paginationParams":{}}
{"level":30,"time":1781108343580,"pid":34920,"hostname":"preethika","requestId":"4cd66858-6a9e-4747-a8bf-2164426a8757","method":"GET","url":"/api/quality?collegeCode=QL_EXCELLENT","statusCode":200,"executionTimeMs":288.27,"cacheStatus":"n/a","filterParams":{},"paginationParams":{}}
{"level":30,"time":1781108343639,"pid":34920,"hostname":"preethika","requestId":"03f47772-a8c5-485e-aee9-710d18bdb9d3","method":"GET","url":"/api/quality?collegeCode=QL_GOOD","statusCode":200,"executionTimeMs":53.44,"cacheStatus":"n/a","filterParams":{},"paginationParams":{}}
{"level":30,"time":1781108343747,"pid":34920,"hostname":"preethika","requestId":"9cb585e9-4fc9-4f11-9dd9-eca1ec1aee58","method":"GET","url":"/api/quality?collegeCode=QL_GOOD","statusCode":200,"executionTimeMs":106.31,"cacheStatus":"n/a","filterParams":{},"paginationParams":{}}
{"level":30,"time":1781108343797,"pid":34920,"hostname":"preethika","requestId":"879c65f8-163f-4a2c-b34e-9b75517eff37","method":"GET","url":"/api/quality?collegeCode=QL_FAIR","statusCode":200,"executionTimeMs":46.05,"cacheStatus":"n/a","filterParams":{},"paginationParams":{}}
{"level":30,"time":1781108343856,"pid":34920,"hostname":"preethika","requestId":"95115399-97b0-48dc-afb2-eb6758f08669","method":"GET","url":"/api/quality?collegeCode=QL_FAIR","statusCode":200,"executionTimeMs":57.3,"cacheStatus":"n/a","filterParams":{},"paginationParams":{}}
{"level":30,"time":1781108343899,"pid":34920,"hostname":"preethika","requestId":"c2ef378f-96c7-453e-be7f-89e462f9498f","method":"GET","url":"/api/quality?collegeCode=QL_POOR","statusCode":200,"executionTimeMs":40.61,"cacheStatus":"n/a","filterParams":{},"paginationParams":{}}
{"level":30,"time":1781108343970,"pid":34920,"hostname":"preethika","requestId":"974c236e-ff25-4e8d-b78c-1af3069acf56","method":"GET","url":"/api/quality?collegeCode=QL_POOR","statusCode":200,"executionTimeMs":68.31,"cacheStatus":"n/a","filterParams":{},"paginationParams":{}}
{"level":30,"time":1781108344013,"pid":34920,"hostname":"preethika","requestId":"d4f238fd-164f-4da8-b008-b5fc73a2e9f9","method":"GET","url":"/api/quality?collegeCode=QL_NULL","statusCode":200,"executionTimeMs":40.72,"cacheStatus":"n/a","filterParams":{},"paginationParams":{}}
{"level":30,"time":1781108344057,"pid":34920,"hostname":"preethika","requestId":"637efff3-5d96-4e8c-b15c-e04ba6dcec33","method":"GET","url":"/api/quality?collegeCode=QL_NULL","statusCode":200,"executionTimeMs":41,"cacheStatus":"n/a","filterParams":{},"paginationParams":{}}
{"level":30,"time":1781108344099,"pid":34920,"hostname":"preethika","requestId":"617abce7-10d8-40dc-bb67-acafd7e3cc82","method":"GET","url":"/api/quality?collegeCode=QL_INVALID_CONF","statusCode":200,"executionTimeMs":40.3,"cacheStatus":"n/a","filterParams":{},"paginationParams":{}}
{"level":30,"time":1781108344140,"pid":34920,"hostname":"preethika","requestId":"9fabcd99-ddba-4fe8-bc6c-fb343afa2742","method":"GET","url":"/api/quality?collegeCode=QL_INVALID_CONF","statusCode":200,"executionTimeMs":40.31,"cacheStatus":"n/a","filterParams":{},"paginationParams":{}}
{"level":30,"time":1781108344192,"pid":34920,"hostname":"preethika","requestId":"c5c00578-165a-4b38-8082-1c33d879bc26","method":"GET","url":"/api/quality?collegeCode=QL_BOUND_EXCELLENT","statusCode":200,"executionTimeMs":50.78,"cacheStatus":"n/a","filterParams":{},"paginationParams":{}}
{"level":30,"time":1781108344244,"pid":34920,"hostname":"preethika","requestId":"faeb29a1-50e9-4d46-bbc4-74b00ac9c7f7","method":"GET","url":"/api/quality?collegeCode=QL_BOUND_EXCELLENT","statusCode":200,"executionTimeMs":50.93,"cacheStatus":"n/a","filterParams":{},"paginationParams":{}}
{"level":30,"time":1781108344284,"pid":34920,"hostname":"preethika","requestId":"39b9ef15-82a7-4d76-8511-bfe4058c2afb","method":"GET","url":"/api/quality?collegeCode=QL_BOUND_GOOD","statusCode":200,"executionTimeMs":38.55,"cacheStatus":"n/a","filterParams":{},"paginationParams":{}}
{"level":30,"time":1781108344323,"pid":34920,"hostname":"preethika","requestId":"0e52cdcc-d1cf-43f5-a59b-835827ebbc85","method":"GET","url":"/api/quality?collegeCode=QL_BOUND_GOOD","statusCode":200,"executionTimeMs":38.17,"cacheStatus":"n/a","filterParams":{},"paginationParams":{}}
{"level":30,"time":1781108344363,"pid":34920,"hostname":"preethika","requestId":"14fec331-1aad-45c0-88dd-e757d4ab6423","method":"GET","url":"/api/quality?collegeCode=QL_BOUND_FAIR","statusCode":200,"executionTimeMs":38.04,"cacheStatus":"n/a","filterParams":{},"paginationParams":{}}
{"level":30,"time":1781108344402,"pid":34920,"hostname":"preethika","requestId":"6a6dc3d6-6391-49c4-8546-daca62d9f550","method":"GET","url":"/api/quality?collegeCode=QL_BOUND_FAIR","statusCode":200,"executionTimeMs":38.21,"cacheStatus":"n/a","filterParams":{},"paginationParams":{}}
{"level":30,"time":1781108344756,"pid":34920,"hostname":"preethika","requestId":"308acd28-d639-4367-859c-4e37b35c58aa","method":"GET","url":"/api/quality","statusCode":200,"executionTimeMs":352.01,"cacheStatus":"n/a","filterParams":{},"paginationParams":{}}
{"level":30,"time":1781123090608,"pid":34920,"hostname":"preethika","requestId":"0be024ad-4058-4eba-be12-38f10bd62752","method":"GET","url":"/api/quality?collegeCode=QH_NULL_SCRAPED","statusCode":200,"executionTimeMs":48.39,"cacheStatus":"n/a","filterParams":{},"paginationParams":{}}
{"level":30,"time":1781123090643,"pid":34920,"hostname":"preethika","requestId":"027c3722-5ded-4b7a-8e78-b5612291901e","method":"GET","url":"/api/quality?collegeCode=QH_NULL_SCRAPED","statusCode":200,"executionTimeMs":28.83,"cacheStatus":"n/a","filterParams":{},"paginationParams":{}}
{"level":30,"time":1781123090679,"pid":34920,"hostname":"preethika","requestId":"b5fe850d-989e-484b-a62d-00d068a0ae07","method":"GET","url":"/api/quality?collegeCode=QH_MISSING_CONF","statusCode":200,"executionTimeMs":33.47,"cacheStatus":"n/a","filterParams":{},"paginationParams":{}}
{"level":30,"time":1781123090710,"pid":34920,"hostname":"preethika","requestId":"e50cfc4e-d26b-435b-9571-b8057fb3a90c","method":"GET","url":"/api/quality?collegeCode=QH_MISSING_CONF","statusCode":200,"executionTimeMs":29.03,"cacheStatus":"n/a","filterParams":{},"paginationParams":{}}
{"level":30,"time":1781123090742,"pid":34920,"hostname":"preethika","requestId":"a295a767-c748-41ba-bad2-e930b74d4b67","method":"GET","url":"/api/quality?collegeCode=QH_EMPTY_DATA","statusCode":200,"executionTimeMs":29.67,"cacheStatus":"n/a","filterParams":{},"paginationParams":{}}
{"level":30,"time":1781123090772,"pid":34920,"hostname":"preethika","requestId":"36080667-2200-4572-aac8-81f05f74eedd","method":"GET","url":"/api/quality?collegeCode=QH_EMPTY_DATA","statusCode":200,"executionTimeMs":28.61,"cacheStatus":"n/a","filterParams":{},"paginationParams":{}}
{"level":30,"time":1781123090802,"pid":34920,"hostname":"preethika","requestId":"7841c379-66e4-468b-b485-655f84e488ce","method":"GET","url":"/api/quality?collegeCode=QH_BOUND_POOR","statusCode":200,"executionTimeMs":29.31,"cacheStatus":"n/a","filterParams":{},"paginationParams":{}}
{"level":30,"time":1781123090836,"pid":34920,"hostname":"preethika","requestId":"41d4bc7d-58a4-4709-af1b-aa8dd4b3b819","method":"GET","url":"/api/quality?collegeCode=QH_BOUND_POOR","statusCode":200,"executionTimeMs":31.56,"cacheStatus":"n/a","filterParams":{},"paginationParams":{}}
{"level":30,"time":1781123090867,"pid":34920,"hostname":"preethika","requestId":"fc4c88c2-3e66-4696-8d25-67e33df19df1","method":"GET","url":"/api/quality?collegeCode=QH_BOUND_FAIR","statusCode":200,"executionTimeMs":28.74,"cacheStatus":"n/a","filterParams":{},"paginationParams":{}}
{"level":30,"time":1781123090898,"pid":34920,"hostname":"preethika","requestId":"0a45abc8-60d3-4540-be59-1616de94cb47","method":"GET","url":"/api/quality?collegeCode=QH_BOUND_FAIR","statusCode":200,"executionTimeMs":29.17,"cacheStatus":"n/a","filterParams":{},"paginationParams":{}}
{"level":30,"time":1781123090933,"pid":34920,"hostname":"preethika","requestId":"3fe5a052-aea7-40bf-be56-b14aeb59756d","method":"GET","url":"/api/quality?collegeCode=QH_BOUND_GOOD","statusCode":200,"executionTimeMs":32.5,"cacheStatus":"n/a","filterParams":{},"paginationParams":{}}
{"level":30,"time":1781123090963,"pid":34920,"hostname":"preethika","requestId":"2bf368d1-51d4-4524-90ae-ddad49353ae3","method":"GET","url":"/api/quality?collegeCode=QH_BOUND_GOOD","statusCode":200,"executionTimeMs":29.85,"cacheStatus":"n/a","filterParams":{},"paginationParams":{}}
{"level":30,"time":1781123090994,"pid":34920,"hostname":"preethika","requestId":"e7b7fb1f-d66c-4cb7-8dbc-f861a6642945","method":"GET","url":"/api/quality?collegeCode=QH_BOUND_EXCELLENT","statusCode":200,"executionTimeMs":28.74,"cacheStatus":"n/a","filterParams":{},"paginationParams":{}}
{"level":30,"time":1781123091025,"pid":34920,"hostname":"preethika","requestId":"238fcdb6-f05b-4282-bea7-4c84f789ca1b","method":"GET","url":"/api/quality?collegeCode=QH_BOUND_EXCELLENT","statusCode":200,"executionTimeMs":30.05,"cacheStatus":"n/a","filterParams":{},"paginationParams":{}}
{"level":30,"time":1781123091236,"pid":34920,"hostname":"preethika","requestId":"5aef81c5-039f-4c1c-8a0f-6945a5a3405e","method":"GET","url":"/api/quality","statusCode":200,"executionTimeMs":209.62,"cacheStatus":"n/a","filterParams":{},"paginationParams":{}}
{"level":30,"time":1781123412510,"pid":36016,"hostname":"preethika","requestId":"3eca384b-76f6-4099-8e36-5fefd7dcea0b","method":"GET","url":"/api/scraper-health?scraperName=SH_HEALTHY","statusCode":200,"executionTimeMs":38.53,"cacheStatus":"n/a","filterParams":{},"paginationParams":{}}
{"level":30,"time":1781123412542,"pid":36016,"hostname":"preethika","requestId":"142ec7a6-e376-44a0-90d5-3372ef462e9f","method":"GET","url":"/api/scraper-health?scraperName=SH_HEALTHY","statusCode":200,"executionTimeMs":29.62,"cacheStatus":"n/a","filterParams":{},"paginationParams":{}}
{"level":30,"time":1781123412576,"pid":36016,"hostname":"preethika","requestId":"54fd798c-5830-4088-be43-1bc1a97d8fb9","method":"GET","url":"/api/scraper-health?scraperName=SH_WARNING","statusCode":200,"executionTimeMs":33.06,"cacheStatus":"n/a","filterParams":{},"paginationParams":{}}
{"level":30,"time":1781123412609,"pid":36016,"hostname":"preethika","requestId":"456b5c50-9b6e-4582-b7ff-c657d1b29bf6","method":"GET","url":"/api/scraper-health?scraperName=SH_WARNING","statusCode":200,"executionTimeMs":31.44,"cacheStatus":"n/a","filterParams":{},"paginationParams":{}}
{"level":30,"time":1781123412640,"pid":36016,"hostname":"preethika","requestId":"fefc9ba3-0c33-426e-8ed1-2bc210383259","method":"GET","url":"/api/scraper-health?scraperName=SH_CRITICAL","statusCode":200,"executionTimeMs":30.18,"cacheStatus":"n/a","filterParams":{},"paginationParams":{}}
{"level":30,"time":1781123412670,"pid":36016,"hostname":"preethika","requestId":"1c8238b9-f9fe-437d-922d-5b0a1c5a87e4","method":"GET","url":"/api/scraper-health?scraperName=SH_CRITICAL","statusCode":200,"executionTimeMs":29.22,"cacheStatus":"n/a","filterParams":{},"paginationParams":{}}
{"level":30,"time":1781123412706,"pid":36016,"hostname":"preethika","requestId":"c6fe613a-dc89-451d-9498-aad62a411821","method":"GET","url":"/api/scraper-health?scraperName=SH_NULL_DATES","statusCode":200,"executionTimeMs":34.22,"cacheStatus":"n/a","filterParams":{},"paginationParams":{}}
{"level":30,"time":1781123412735,"pid":36016,"hostname":"preethika","requestId":"7d30ebba-bed6-47bd-9378-96ca8c2cf5be","method":"GET","url":"/api/scraper-health?scraperName=SH_NULL_DATES","statusCode":200,"executionTimeMs":28.39,"cacheStatus":"n/a","filterParams":{},"paginationParams":{}}
{"level":30,"time":1781123412812,"pid":36016,"hostname":"preethika","requestId":"0cb42b92-7722-42ab-b33d-091bc8271d8d","method":"GET","url":"/api/scraper-health","statusCode":200,"executionTimeMs":75.67,"cacheStatus":"n/a","filterParams":{},"paginationParams":{}}
{"level":30,"time":1781123579148,"pid":36016,"hostname":"preethika","requestId":"162bc213-f901-4f41-9429-c0c39c3d1b67","method":"GET","url":"/api/scraper-health?scraperName=EMPTY_SCRAPER","statusCode":200,"executionTimeMs":27.8,"cacheStatus":"n/a","filterParams":{},"paginationParams":{}}
{"level":30,"time":1781123580270,"pid":36016,"hostname":"preethika","requestId":"3cd229da-340b-4e52-ad39-1a9f6bd4d1a5","method":"GET","url":"/api/scraper-health","statusCode":200,"executionTimeMs":63.15,"cacheStatus":"n/a","filterParams":{},"paginationParams":{}}
{"level":30,"time":1781123685483,"pid":36016,"hostname":"preethika","requestId":"8dce8a41-7c5f-4171-b62b-0b7d412a0b8e","method":"GET","url":"/api/scraper-health?scraperName=EMPTY_SCRAPER","statusCode":200,"executionTimeMs":30.44,"cacheStatus":"n/a","filterParams":{},"paginationParams":{}}
{"level":30,"time":1781123686628,"pid":36016,"hostname":"preethika","requestId":"d8f4b67f-fbaa-4cc1-93a9-9a72af01c2a0","method":"GET","url":"/api/scraper-health","statusCode":200,"executionTimeMs":68.68,"cacheStatus":"n/a","filterParams":{},"paginationParams":{}}
{"level":30,"time":1781124172683,"pid":2152,"hostname":"preethika","requestId":"e941c32b-a8bb-4b94-b8c0-6f4b03138d14","method":"GET","url":"/api/scraper-execution?scraperName=SE_MIXED","statusCode":200,"executionTimeMs":38.36,"cacheStatus":"n/a","filterParams":{},"paginationParams":{}}
{"level":30,"time":1781124172715,"pid":2152,"hostname":"preethika","requestId":"42f3d88b-6980-457c-ab2e-b206a2e85053","method":"GET","url":"/api/scraper-execution?scraperName=SE_MIXED","statusCode":200,"executionTimeMs":29.45,"cacheStatus":"n/a","filterParams":{},"paginationParams":{}}
{"level":30,"time":1781124172749,"pid":2152,"hostname":"preethika","requestId":"343df9f1-e897-4f02-bd99-a48a1b00ddb6","method":"GET","url":"/api/scraper-execution?scraperName=SE_ALL_FAIL","statusCode":200,"executionTimeMs":32.24,"cacheStatus":"n/a","filterParams":{},"paginationParams":{}}
{"level":30,"time":1781124172779,"pid":2152,"hostname":"preethika","requestId":"e91f22b7-625c-48ea-be04-eb308b476f2d","method":"GET","url":"/api/scraper-execution?scraperName=SE_ALL_FAIL","statusCode":200,"executionTimeMs":29.29,"cacheStatus":"n/a","filterParams":{},"paginationParams":{}}
{"level":30,"time":1781124172811,"pid":2152,"hostname":"preethika","requestId":"34ae6cec-3c9c-4e95-bd8d-0c28972155bd","method":"GET","url":"/api/scraper-execution?scraperName=SE_ALL_SUCCESS","statusCode":200,"executionTimeMs":31,"cacheStatus":"n/a","filterParams":{},"paginationParams":{}}
{"level":30,"time":1781124172842,"pid":2152,"hostname":"preethika","requestId":"bc1bd64b-74da-49e8-8b2c-f542ed3aa3e2","method":"GET","url":"/api/scraper-execution?scraperName=SE_ALL_SUCCESS","statusCode":200,"executionTimeMs":30.54,"cacheStatus":"n/a","filterParams":{},"paginationParams":{}}
{"level":30,"time":1781124172873,"pid":2152,"hostname":"preethika","requestId":"bf0504c6-74c5-46cc-8fc4-0f660349d39d","method":"GET","url":"/api/scraper-execution?scraperName=SE_EMPTY","statusCode":200,"executionTimeMs":29.53,"cacheStatus":"n/a","filterParams":{},"paginationParams":{}}
{"level":30,"time":1781124172904,"pid":2152,"hostname":"preethika","requestId":"dcb5639e-6bf1-4933-ae86-c0cb9eaf4347","method":"GET","url":"/api/scraper-execution?scraperName=SE_EMPTY","statusCode":200,"executionTimeMs":29.78,"cacheStatus":"n/a","filterParams":{},"paginationParams":{}}
{"level":30,"time":1781124172978,"pid":2152,"hostname":"preethika","requestId":"ab4e9d0a-db6d-47ae-9a6e-3727a3981322","method":"GET","url":"/api/scraper-execution","statusCode":200,"executionTimeMs":72.77,"cacheStatus":"n/a","filterParams":{},"paginationParams":{}}
{"level":30,"time":1781124493167,"pid":22576,"hostname":"preethika","requestId":"cc550bb9-d8ed-4968-a3f2-699a5f3264b4","method":"GET","url":"/api/scraper-trends?scraperName=ST_TREND","statusCode":200,"executionTimeMs":48.52,"cacheStatus":"n/a","filterParams":{},"paginationParams":{}}
{"level":30,"time":1781124493199,"pid":22576,"hostname":"preethika","requestId":"71aaa32c-d4cf-4cef-b785-12471a220cb6","method":"GET","url":"/api/scraper-trends?scraperName=ST_TREND","statusCode":200,"executionTimeMs":29.41,"cacheStatus":"n/a","filterParams":{},"paginationParams":{}}
{"level":30,"time":1781124493229,"pid":22576,"hostname":"preethika","requestId":"e8457951-e7bd-465e-b51c-f79908c184e3","method":"GET","url":"/api/scraper-trends?scraperName=ST_EMPTY","statusCode":200,"executionTimeMs":28.29,"cacheStatus":"n/a","filterParams":{},"paginationParams":{}}
{"level":30,"time":1781124493259,"pid":22576,"hostname":"preethika","requestId":"2870c86a-946f-4906-90cc-bddf6095413f","method":"GET","url":"/api/scraper-trends?scraperName=ST_EMPTY","statusCode":200,"executionTimeMs":28.45,"cacheStatus":"n/a","filterParams":{},"paginationParams":{}}
{"level":30,"time":1781124493324,"pid":22576,"hostname":"preethika","requestId":"7c13dc52-c558-417a-801e-659ef7aa7305","method":"GET","url":"/api/scraper-trends","statusCode":200,"executionTimeMs":64.1,"cacheStatus":"n/a","filterParams":{},"paginationParams":{}}
{"level":30,"time":1781124683489,"pid":11220,"hostname":"preethika","requestId":"95d574e3-7f11-4d78-a8bc-c415c803efea","method":"GET","url":"/api/scraper-failures?scraperName=SF_SCRAPER_A","statusCode":200,"executionTimeMs":43.53,"cacheStatus":"n/a","filterParams":{},"paginationParams":{}}
{"level":30,"time":1781124683520,"pid":11220,"hostname":"preethika","requestId":"b82f4a25-4c40-4f35-8f5a-8673a98245a8","method":"GET","url":"/api/scraper-failures?scraperName=SF_SCRAPER_A","statusCode":200,"executionTimeMs":29.13,"cacheStatus":"n/a","filterParams":{},"paginationParams":{}}
{"level":30,"time":1781124683554,"pid":11220,"hostname":"preethika","requestId":"43b3cea4-1ba6-49c1-83dd-81de9b613830","method":"GET","url":"/api/scraper-failures?scraperName=SF_SCRAPER_B","statusCode":200,"executionTimeMs":32.22,"cacheStatus":"n/a","filterParams":{},"paginationParams":{}}
{"level":30,"time":1781124683591,"pid":11220,"hostname":"preethika","requestId":"2dd92add-6abb-4fbc-b988-edb54059101f","method":"GET","url":"/api/scraper-failures?scraperName=SF_SCRAPER_B","statusCode":200,"executionTimeMs":34.84,"cacheStatus":"n/a","filterParams":{},"paginationParams":{}}
{"level":30,"time":1781124683621,"pid":11220,"hostname":"preethika","requestId":"b16b1755-184d-472f-8a14-b8781481faba","method":"GET","url":"/api/scraper-failures?scraperName=SF_EMPTY","statusCode":200,"executionTimeMs":28.2,"cacheStatus":"n/a","filterParams":{},"paginationParams":{}}
{"level":30,"time":1781124683650,"pid":11220,"hostname":"preethika","requestId":"045abc68-454f-4bc5-aab0-1bb8cd6cceab","method":"GET","url":"/api/scraper-failures?scraperName=SF_EMPTY","statusCode":200,"executionTimeMs":28.59,"cacheStatus":"n/a","filterParams":{},"paginationParams":{}}
{"level":30,"time":1781124683696,"pid":11220,"hostname":"preethika","requestId":"047b24ac-bd85-4f6d-b468-027935fafe14","method":"GET","url":"/api/scraper-failures","statusCode":200,"executionTimeMs":44.73,"cacheStatus":"n/a","filterParams":{},"paginationParams":{}}
{"level":30,"time":1781124712899,"pid":11220,"hostname":"preethika","requestId":"98f2f1dd-ff89-45fe-99fa-4dd533899c20","method":"GET","url":"/api/scraper-failures?scraperName=SF_SCRAPER_A","statusCode":200,"executionTimeMs":28.95,"cacheStatus":"n/a","filterParams":{},"paginationParams":{}}
{"level":30,"time":1781124712934,"pid":11220,"hostname":"preethika","requestId":"7cd2c4e9-e2c5-4efa-a9db-e394878d586b","method":"GET","url":"/api/scraper-failures?scraperName=SF_SCRAPER_A","statusCode":200,"executionTimeMs":30.99,"cacheStatus":"n/a","filterParams":{},"paginationParams":{}}
{"level":30,"time":1781124712966,"pid":11220,"hostname":"preethika","requestId":"f8d4435f-68d6-4e61-b658-5c6149f8d6ac","method":"GET","url":"/api/scraper-failures?scraperName=SF_SCRAPER_B","statusCode":200,"executionTimeMs":29.66,"cacheStatus":"n/a","filterParams":{},"paginationParams":{}}
{"level":30,"time":1781124712995,"pid":11220,"hostname":"preethika","requestId":"da4027c6-2313-4e8f-b763-5d0bc33a1132","method":"GET","url":"/api/scraper-failures?scraperName=SF_SCRAPER_B","statusCode":200,"executionTimeMs":28.76,"cacheStatus":"n/a","filterParams":{},"paginationParams":{}}
{"level":30,"time":1781124713025,"pid":11220,"hostname":"preethika","requestId":"949869b5-e3de-4239-a8e4-c76e53ce723a","method":"GET","url":"/api/scraper-failures?scraperName=SF_EMPTY","statusCode":200,"executionTimeMs":28.23,"cacheStatus":"n/a","filterParams":{},"paginationParams":{}}
{"level":30,"time":1781124713053,"pid":11220,"hostname":"preethika","requestId":"927f927f-1a7c-41a9-87f5-66ec63fd5a10","method":"GET","url":"/api/scraper-failures?scraperName=SF_EMPTY","statusCode":200,"executionTimeMs":27.7,"cacheStatus":"n/a","filterParams":{},"paginationParams":{}}
{"level":30,"time":1781124713090,"pid":11220,"hostname":"preethika","requestId":"47b60367-3c67-47cb-97fc-026792bfd14d","method":"GET","url":"/api/scraper-failures","statusCode":200,"executionTimeMs":35.83,"cacheStatus":"n/a","filterParams":{},"paginationParams":{}}
{"level":30,"time":1781124755523,"pid":11220,"hostname":"preethika","requestId":"8a2ac3d4-f100-4881-b4d0-e8fea82cd8df","method":"GET","url":"/api/scraper-failures?scraperName=SF_SCRAPER_A","statusCode":200,"executionTimeMs":28.92,"cacheStatus":"n/a","filterParams":{},"paginationParams":{}}
{"level":30,"time":1781124755556,"pid":11220,"hostname":"preethika","requestId":"b32a6767-5e29-4283-9b7d-e48c41a8ba8a","method":"GET","url":"/api/scraper-failures?scraperName=SF_SCRAPER_A","statusCode":200,"executionTimeMs":29.14,"cacheStatus":"n/a","filterParams":{},"paginationParams":{}}
{"level":30,"time":1781124755606,"pid":11220,"hostname":"preethika","requestId":"6ffdd1ed-55b7-4a74-a59d-872445082f0d","method":"GET","url":"/api/scraper-failures?scraperName=SF_SCRAPER_B","statusCode":200,"executionTimeMs":47.77,"cacheStatus":"n/a","filterParams":{},"paginationParams":{}}
{"level":30,"time":1781124755636,"pid":11220,"hostname":"preethika","requestId":"6ed94588-eea6-4089-b5a1-bde44d9587bf","method":"GET","url":"/api/scraper-failures?scraperName=SF_SCRAPER_B","statusCode":200,"executionTimeMs":28.75,"cacheStatus":"n/a","filterParams":{},"paginationParams":{}}
{"level":30,"time":1781124755667,"pid":11220,"hostname":"preethika","requestId":"1a893a09-c599-498c-a087-7436cc243731","method":"GET","url":"/api/scraper-failures?scraperName=SF_EMPTY","statusCode":200,"executionTimeMs":29.5,"cacheStatus":"n/a","filterParams":{},"paginationParams":{}}
{"level":30,"time":1781124755695,"pid":11220,"hostname":"preethika","requestId":"3580aa2a-b1fd-46ac-9df8-5dbc5ef12c5a","method":"GET","url":"/api/scraper-failures?scraperName=SF_EMPTY","statusCode":200,"executionTimeMs":27.72,"cacheStatus":"n/a","filterParams":{},"paginationParams":{}}
{"level":30,"time":1781124755754,"pid":11220,"hostname":"preethika","requestId":"81f5d996-63d1-48da-a443-275a10737543","method":"GET","url":"/api/scraper-failures","statusCode":200,"executionTimeMs":58,"cacheStatus":"n/a","filterParams":{},"paginationParams":{}}
{"level":30,"time":1781125012575,"pid":36008,"hostname":"preethika","requestId":"039b6390-53cc-41c1-9533-9aa665603bc8","method":"GET","url":"/api/scraper-sources?scraperName=SS_DOMAIN_TEST","statusCode":200,"executionTimeMs":46.79,"cacheStatus":"n/a","filterParams":{},"paginationParams":{}}
{"level":30,"time":1781125012606,"pid":36008,"hostname":"preethika","requestId":"ce5f2b07-fdcc-458e-a2fc-7b354a83a713","method":"GET","url":"/api/scraper-sources?scraperName=SS_DOMAIN_TEST","statusCode":200,"executionTimeMs":28.9,"cacheStatus":"n/a","filterParams":{},"paginationParams":{}}
{"level":30,"time":1781125012648,"pid":36008,"hostname":"preethika","requestId":"4d785467-371f-4e63-b208-fe9c2edeb731","method":"GET","url":"/api/scraper-sources?scraperName=SS_EMPTY","statusCode":200,"executionTimeMs":38.22,"cacheStatus":"n/a","filterParams":{},"paginationParams":{}}
{"level":30,"time":1781125012677,"pid":36008,"hostname":"preethika","requestId":"dcff690b-a831-41bd-9043-089578052590","method":"GET","url":"/api/scraper-sources?scraperName=SS_EMPTY","statusCode":200,"executionTimeMs":27.93,"cacheStatus":"n/a","filterParams":{},"paginationParams":{}}
{"level":30,"time":1781125012738,"pid":36008,"hostname":"preethika","requestId":"146ce6c4-39e8-42ac-b99d-f411e6c06417","method":"GET","url":"/api/scraper-sources","statusCode":200,"executionTimeMs":60.25,"cacheStatus":"n/a","filterParams":{},"paginationParams":{}}
{"level":30,"time":1781125313840,"pid":17912,"hostname":"preethika","requestId":"f722448d-d37f-46b5-b9f9-ed961f0cce2d","method":"GET","url":"/api/scraper-coverage","statusCode":200,"executionTimeMs":4238.49,"cacheStatus":"n/a","filterParams":{},"paginationParams":{}}
{"level":30,"time":1781125317682,"pid":17912,"hostname":"preethika","requestId":"a47f8434-0194-4094-bdd6-2a554af2b02e","method":"GET","url":"/api/scraper-coverage","statusCode":200,"executionTimeMs":3839.1,"cacheStatus":"n/a","filterParams":{},"paginationParams":{}}
{"level":30,"time":1781125588403,"pid":36592,"hostname":"preethika","requestId":"58afeeb4-e86c-4275-b230-4d49a8d4bf4a","method":"GET","url":"/api/scraper-queue?scraperName=SQ_Q1","statusCode":200,"executionTimeMs":40.2,"cacheStatus":"n/a","filterParams":{},"paginationParams":{}}
{"level":30,"time":1781125588439,"pid":36592,"hostname":"preethika","requestId":"4a12facb-bbd3-431f-b1ed-aa126e088759","method":"GET","url":"/api/scraper-queue?scraperName=SQ_Q1","statusCode":200,"executionTimeMs":33.95,"cacheStatus":"n/a","filterParams":{},"paginationParams":{}}
{"level":30,"time":1781125588473,"pid":36592,"hostname":"preethika","requestId":"990b6b39-ecc9-41b5-9e0c-0a21cc172fe8","method":"GET","url":"/api/scraper-queue?scraperName=SQ_EMPTY","statusCode":200,"executionTimeMs":30.23,"cacheStatus":"n/a","filterParams":{},"paginationParams":{}}
{"level":30,"time":1781125588503,"pid":36592,"hostname":"preethika","requestId":"8617d6b2-570b-4eef-b0e6-5ee7adb445d0","method":"GET","url":"/api/scraper-queue?scraperName=SQ_EMPTY","statusCode":200,"executionTimeMs":29.1,"cacheStatus":"n/a","filterParams":{},"paginationParams":{}}
{"level":30,"time":1781125588535,"pid":36592,"hostname":"preethika","requestId":"824ddb46-c8cd-40bb-b409-65fc00004a7d","method":"GET","url":"/api/scraper-queue","statusCode":200,"executionTimeMs":31.42,"cacheStatus":"n/a","filterParams":{},"paginationParams":{}}
{"level":30,"time":1781126051299,"pid":15840,"hostname":"preethika","requestId":"352d09a0-d36e-4a42-80dc-de6cd0380631","method":"GET","url":"/api/scraper-scheduler?scraperName=SSCHED_1","statusCode":200,"executionTimeMs":38.47,"cacheStatus":"n/a","filterParams":{},"paginationParams":{}}
{"level":30,"time":1781126051332,"pid":15840,"hostname":"preethika","requestId":"07ec3841-6894-4fae-8400-3ce62733215f","method":"GET","url":"/api/scraper-scheduler?scraperName=SSCHED_1","statusCode":200,"executionTimeMs":30.11,"cacheStatus":"n/a","filterParams":{},"paginationParams":{}}
{"level":30,"time":1781126051363,"pid":15840,"hostname":"preethika","requestId":"5ea4cd01-76ea-476a-9ca3-1951cfaee93c","method":"GET","url":"/api/scraper-scheduler?scraperName=SSCHED_EMPTY","statusCode":200,"executionTimeMs":29.4,"cacheStatus":"n/a","filterParams":{},"paginationParams":{}}
{"level":30,"time":1781126051393,"pid":15840,"hostname":"preethika","requestId":"5000db90-9d12-440c-a57e-24b4f9835e69","method":"GET","url":"/api/scraper-scheduler?scraperName=SSCHED_EMPTY","statusCode":200,"executionTimeMs":29.36,"cacheStatus":"n/a","filterParams":{},"paginationParams":{}}
{"level":30,"time":1781126051424,"pid":15840,"hostname":"preethika","requestId":"cc5e1d7a-ffae-489a-9144-6708be60c088","method":"GET","url":"/api/scraper-scheduler","statusCode":200,"executionTimeMs":30.07,"cacheStatus":"n/a","filterParams":{},"paginationParams":{}}
{"level":30,"time":1781126309186,"pid":12804,"hostname":"preethika","requestId":"be799bcc-c4e3-478e-92ea-30a51da74c20","method":"GET","url":"/api/scraper-alerts?scraperName=SALERT_1","statusCode":200,"executionTimeMs":41.21,"cacheStatus":"n/a","filterParams":{},"paginationParams":{}}
{"level":30,"time":1781126309218,"pid":12804,"hostname":"preethika","requestId":"dc6b9e49-4ee5-4ea2-8f9c-d84f4048a7e3","method":"GET","url":"/api/scraper-alerts?scraperName=SALERT_1","statusCode":200,"executionTimeMs":29.88,"cacheStatus":"n/a","filterParams":{},"paginationParams":{}}
{"level":30,"time":1781126309248,"pid":12804,"hostname":"preethika","requestId":"80a1f83b-6079-4584-bfeb-60d5b6111fdd","method":"GET","url":"/api/scraper-alerts?scraperName=SALERT_EMPTY","statusCode":200,"executionTimeMs":28.93,"cacheStatus":"n/a","filterParams":{},"paginationParams":{}}
{"level":30,"time":1781126309278,"pid":12804,"hostname":"preethika","requestId":"eab58f46-bc89-49e6-9f69-c0c9912c5191","method":"GET","url":"/api/scraper-alerts?scraperName=SALERT_EMPTY","statusCode":200,"executionTimeMs":28.23,"cacheStatus":"n/a","filterParams":{},"paginationParams":{}}
{"level":30,"time":1781126309310,"pid":12804,"hostname":"preethika","requestId":"ebed9b7e-00b6-4176-863f-73c2506e38a3","method":"GET","url":"/api/scraper-alerts","statusCode":200,"executionTimeMs":30.82,"cacheStatus":"n/a","filterParams":{},"paginationParams":{}}
{"level":30,"time":1781126332208,"pid":12804,"hostname":"preethika","requestId":"ed960530-7ace-445f-9448-50002f7f95b5","method":"GET","url":"/api/scraper-alerts?scraperName=SALERT_1","statusCode":200,"executionTimeMs":277.23,"cacheStatus":"n/a","filterParams":{},"paginationParams":{}}
{"level":30,"time":1781126332242,"pid":12804,"hostname":"preethika","requestId":"48567323-829c-4405-94ca-d3dd696858e5","method":"GET","url":"/api/scraper-alerts?scraperName=SALERT_1","statusCode":200,"executionTimeMs":30.18,"cacheStatus":"n/a","filterParams":{},"paginationParams":{}}
{"level":30,"time":1781126332272,"pid":12804,"hostname":"preethika","requestId":"84d32460-a908-4fc7-89c3-0479cdc1da87","method":"GET","url":"/api/scraper-alerts?scraperName=SALERT_EMPTY","statusCode":200,"executionTimeMs":27.89,"cacheStatus":"n/a","filterParams":{},"paginationParams":{}}
{"level":30,"time":1781126332302,"pid":12804,"hostname":"preethika","requestId":"eb64f884-de60-4725-8036-e53884b4eeac","method":"GET","url":"/api/scraper-alerts?scraperName=SALERT_EMPTY","statusCode":200,"executionTimeMs":28.77,"cacheStatus":"n/a","filterParams":{},"paginationParams":{}}
{"level":30,"time":1781126332333,"pid":12804,"hostname":"preethika","requestId":"cd0a700f-8ae5-48eb-8e7f-78aca6e90fdd","method":"GET","url":"/api/scraper-alerts","statusCode":200,"executionTimeMs":29.91,"cacheStatus":"n/a","filterParams":{},"paginationParams":{}}
{"level":30,"time":1781126398707,"pid":12804,"hostname":"preethika","requestId":"1263a19f-9727-4922-99a1-8495fd95ba32","method":"GET","url":"/api/scraper-alerts?scraperName=SALERT_1","statusCode":200,"executionTimeMs":27.98,"cacheStatus":"n/a","filterParams":{},"paginationParams":{}}
{"level":30,"time":1781126398738,"pid":12804,"hostname":"preethika","requestId":"ce32dfb9-a89f-4706-9741-ac5c2f43bbe3","method":"GET","url":"/api/scraper-alerts?scraperName=SALERT_1","statusCode":200,"executionTimeMs":27.5,"cacheStatus":"n/a","filterParams":{},"paginationParams":{}}
{"level":30,"time":1781126398767,"pid":12804,"hostname":"preethika","requestId":"45fd6e67-22a0-4a8f-acc4-0417f3eaa1d2","method":"GET","url":"/api/scraper-alerts?scraperName=SALERT_EMPTY","statusCode":200,"executionTimeMs":27.43,"cacheStatus":"n/a","filterParams":{},"paginationParams":{}}
{"level":30,"time":1781126398796,"pid":12804,"hostname":"preethika","requestId":"3e3c2a5d-4411-4ada-adf6-2f32a79d326c","method":"GET","url":"/api/scraper-alerts?scraperName=SALERT_EMPTY","statusCode":200,"executionTimeMs":27.65,"cacheStatus":"n/a","filterParams":{},"paginationParams":{}}
{"level":30,"time":1781126399070,"pid":12804,"hostname":"preethika","requestId":"930dcdaa-24b4-4dee-ab22-0b9a46711cef","method":"GET","url":"/api/scraper-alerts","statusCode":200,"executionTimeMs":272.92,"cacheStatus":"n/a","filterParams":{},"paginationParams":{}}
{"level":30,"time":1781126611475,"pid":28712,"hostname":"preethika","requestId":"fc63c5c4-55f4-49d1-a020-c607978e6cd4","method":"GET","url":"/api/scraper-sla?scraperName=SSLA_1","statusCode":200,"executionTimeMs":37.02,"cacheStatus":"n/a","filterParams":{},"paginationParams":{}}
{"level":30,"time":1781126611506,"pid":28712,"hostname":"preethika","requestId":"1c252a89-4ebb-4cd1-a99f-810df80f17fd","method":"GET","url":"/api/scraper-sla?scraperName=SSLA_1","statusCode":200,"executionTimeMs":28.68,"cacheStatus":"n/a","filterParams":{},"paginationParams":{}}
{"level":30,"time":1781126611536,"pid":28712,"hostname":"preethika","requestId":"01bb6a8b-b86a-4f23-8cc8-bddee37e047b","method":"GET","url":"/api/scraper-sla?scraperName=SSLA_2","statusCode":200,"executionTimeMs":28.01,"cacheStatus":"n/a","filterParams":{},"paginationParams":{}}
{"level":30,"time":1781126611564,"pid":28712,"hostname":"preethika","requestId":"dc998979-a1da-41a5-9a24-7e93037b2551","method":"GET","url":"/api/scraper-sla?scraperName=SSLA_2","statusCode":200,"executionTimeMs":27.96,"cacheStatus":"n/a","filterParams":{},"paginationParams":{}}
{"level":30,"time":1781126611598,"pid":28712,"hostname":"preethika","requestId":"8dd086ab-e33c-458a-889d-48a7cbaad929","method":"GET","url":"/api/scraper-sla?scraperName=SSLA_EMPTY","statusCode":200,"executionTimeMs":32.1,"cacheStatus":"n/a","filterParams":{},"paginationParams":{}}
{"level":30,"time":1781126611628,"pid":28712,"hostname":"preethika","requestId":"b011e746-f74c-4305-a3d8-33c28d75b760","method":"GET","url":"/api/scraper-sla?scraperName=SSLA_EMPTY","statusCode":200,"executionTimeMs":28.73,"cacheStatus":"n/a","filterParams":{},"paginationParams":{}}
{"level":30,"time":1781126611668,"pid":28712,"hostname":"preethika","requestId":"d6965eea-dfc4-49c5-b2e0-e86541722133","method":"GET","url":"/api/scraper-sla","statusCode":200,"executionTimeMs":38.48,"cacheStatus":"n/a","filterParams":{},"paginationParams":{}}
{"level":30,"time":1781126926363,"pid":8952,"hostname":"preethika","requestId":"399df5c4-0600-4de1-b0fd-50655516423d","method":"GET","url":"/api/scraper-capacity?scraperName=SCAP_1","statusCode":200,"executionTimeMs":37.02,"cacheStatus":"n/a","filterParams":{},"paginationParams":{}}
{"level":30,"time":1781126926394,"pid":8952,"hostname":"preethika","requestId":"7880cab5-1b07-4224-be0f-e76a81363e4e","method":"GET","url":"/api/scraper-capacity?scraperName=SCAP_1","statusCode":200,"executionTimeMs":28.12,"cacheStatus":"n/a","filterParams":{},"paginationParams":{}}
{"level":30,"time":1781126926434,"pid":8952,"hostname":"preethika","requestId":"71255cc7-6c28-4bae-8765-06723ad2db05","method":"GET","url":"/api/scraper-capacity?scraperName=SCAP_2","statusCode":200,"executionTimeMs":38.82,"cacheStatus":"n/a","filterParams":{},"paginationParams":{}}
{"level":30,"time":1781126926703,"pid":8952,"hostname":"preethika","requestId":"1cc9a98a-ea18-4211-823f-374aa019f337","method":"GET","url":"/api/scraper-capacity?scraperName=SCAP_2","statusCode":200,"executionTimeMs":268.18,"cacheStatus":"n/a","filterParams":{},"paginationParams":{}}
{"level":30,"time":1781126926998,"pid":8952,"hostname":"preethika","requestId":"3ba24885-88f2-496b-ad1b-30682e21af96","method":"GET","url":"/api/scraper-capacity?scraperName=SCAP_EMPTY","statusCode":200,"executionTimeMs":293.27,"cacheStatus":"n/a","filterParams":{},"paginationParams":{}}
{"level":30,"time":1781126927027,"pid":8952,"hostname":"preethika","requestId":"76b5f56c-b1e4-439b-8791-79f2f6fa6603","method":"GET","url":"/api/scraper-capacity?scraperName=SCAP_EMPTY","statusCode":200,"executionTimeMs":28.64,"cacheStatus":"n/a","filterParams":{},"paginationParams":{}}
{"level":30,"time":1781126927068,"pid":8952,"hostname":"preethika","requestId":"b584fe26-9969-45ca-bb26-3f6f184e2da2","method":"GET","url":"/api/scraper-capacity","statusCode":200,"executionTimeMs":39.15,"cacheStatus":"n/a","filterParams":{},"paginationParams":{}}
{"level":30,"time":1781127211333,"pid":20772,"hostname":"preethika","requestId":"06e594d8-05ac-46ad-9f88-3ffffcc8f16a","method":"GET","url":"/api/scraper-cost?scraperName=SCOST_1","statusCode":200,"executionTimeMs":38.76,"cacheStatus":"n/a","filterParams":{},"paginationParams":{}}
{"level":30,"time":1781127211367,"pid":20772,"hostname":"preethika","requestId":"50a090b0-9b04-480c-b186-2580ff903d50","method":"GET","url":"/api/scraper-cost?scraperName=SCOST_1","statusCode":200,"executionTimeMs":30.71,"cacheStatus":"n/a","filterParams":{},"paginationParams":{}}
{"level":30,"time":1781127211397,"pid":20772,"hostname":"preethika","requestId":"fa82366d-bbd6-4d26-8029-ed5e51d8009f","method":"GET","url":"/api/scraper-cost?scraperName=SCOST_EMPTY","statusCode":200,"executionTimeMs":28.19,"cacheStatus":"n/a","filterParams":{},"paginationParams":{}}
{"level":30,"time":1781127211426,"pid":20772,"hostname":"preethika","requestId":"d5b4fe68-4331-4252-9740-4210193da675","method":"GET","url":"/api/scraper-cost?scraperName=SCOST_EMPTY","statusCode":200,"executionTimeMs":27.82,"cacheStatus":"n/a","filterParams":{},"paginationParams":{}}
{"level":30,"time":1781127211456,"pid":20772,"hostname":"preethika","requestId":"64945620-be7e-4e56-9df7-46405b0eda7b","method":"GET","url":"/api/scraper-cost","statusCode":200,"executionTimeMs":28.47,"cacheStatus":"n/a","filterParams":{},"paginationParams":{}}
{"level":30,"time":1781127610672,"pid":13500,"hostname":"preethika","requestId":"8f830525-b0c2-457b-8c4d-8b9ecdde75ef","method":"GET","url":"/api/scraper-roi?scraperName=SROI_HIGH","statusCode":200,"executionTimeMs":41.19,"cacheStatus":"n/a","filterParams":{},"paginationParams":{}}
{"level":30,"time":1781127610705,"pid":13500,"hostname":"preethika","requestId":"dafe9b7b-3428-42bd-bc9c-73747b7ff0a6","method":"GET","url":"/api/scraper-roi?scraperName=SROI_HIGH","statusCode":200,"executionTimeMs":29.86,"cacheStatus":"n/a","filterParams":{},"paginationParams":{}}
{"level":30,"time":1781127610737,"pid":13500,"hostname":"preethika","requestId":"1d33209e-ffb3-4866-ba7f-1de11a548a6b","method":"GET","url":"/api/scraper-roi?scraperName=SROI_LOW","statusCode":200,"executionTimeMs":30.19,"cacheStatus":"n/a","filterParams":{},"paginationParams":{}}
{"level":30,"time":1781127610771,"pid":13500,"hostname":"preethika","requestId":"2c5047ea-8ae1-44e1-8d3a-2455cad58f44","method":"GET","url":"/api/scraper-roi?scraperName=SROI_LOW","statusCode":200,"executionTimeMs":32.6,"cacheStatus":"n/a","filterParams":{},"paginationParams":{}}
{"level":30,"time":1781127610804,"pid":13500,"hostname":"preethika","requestId":"bc30a9b2-76dc-4c32-a93f-b15fb6fb1d79","method":"GET","url":"/api/scraper-roi?scraperName=SROI_EMPTY","statusCode":200,"executionTimeMs":29.99,"cacheStatus":"n/a","filterParams":{},"paginationParams":{}}
{"level":30,"time":1781127610837,"pid":13500,"hostname":"preethika","requestId":"f3f76a6c-0d22-4855-b9e6-2195c564589f","method":"GET","url":"/api/scraper-roi?scraperName=SROI_EMPTY","statusCode":200,"executionTimeMs":32.5,"cacheStatus":"n/a","filterParams":{},"paginationParams":{}}
{"level":30,"time":1781127610889,"pid":13500,"hostname":"preethika","requestId":"97eb3760-8a39-4e02-8401-b4868d0114db","method":"GET","url":"/api/scraper-roi","statusCode":200,"executionTimeMs":49.54,"cacheStatus":"n/a","filterParams":{},"paginationParams":{}}
{"level":30,"time":1781128041720,"pid":36256,"hostname":"preethika","requestId":"5a0aef88-6ef8-46c0-beb4-ea8596177761","method":"GET","url":"/api/scraper-optimization?scraperName=SOPT_URGENT","statusCode":200,"executionTimeMs":47.31,"cacheStatus":"n/a","filterParams":{},"paginationParams":{}}
{"level":30,"time":1781128041756,"pid":36256,"hostname":"preethika","requestId":"67dff2ed-007d-4744-83a2-5aa5703207bf","method":"GET","url":"/api/scraper-optimization?scraperName=SOPT_URGENT","statusCode":200,"executionTimeMs":32.4,"cacheStatus":"n/a","filterParams":{},"paginationParams":{}}
{"level":30,"time":1781128041787,"pid":36256,"hostname":"preethika","requestId":"22a63643-ffb1-45bf-9e08-a8b098111d15","method":"GET","url":"/api/scraper-optimization?scraperName=SOPT_HEALTHY","statusCode":200,"executionTimeMs":28.49,"cacheStatus":"n/a","filterParams":{},"paginationParams":{}}
{"level":30,"time":1781128041816,"pid":36256,"hostname":"preethika","requestId":"874c0052-e9a1-44d5-bf82-26d25c58cec3","method":"GET","url":"/api/scraper-optimization?scraperName=SOPT_HEALTHY","statusCode":200,"executionTimeMs":27.68,"cacheStatus":"n/a","filterParams":{},"paginationParams":{}}
{"level":30,"time":1781128041974,"pid":36256,"hostname":"preethika","requestId":"7b5ecb0b-b820-478b-969e-d53d322658ca","method":"GET","url":"/api/scraper-optimization?scraperName=SOPT_EMPTY","statusCode":200,"executionTimeMs":156.44,"cacheStatus":"n/a","filterParams":{},"paginationParams":{}}
{"level":30,"time":1781128042003,"pid":36256,"hostname":"preethika","requestId":"39bf5106-0a9b-48fd-934e-f7637f849d55","method":"GET","url":"/api/scraper-optimization?scraperName=SOPT_EMPTY","statusCode":200,"executionTimeMs":28.3,"cacheStatus":"n/a","filterParams":{},"paginationParams":{}}
{"level":30,"time":1781128042034,"pid":36256,"hostname":"preethika","requestId":"7c17f673-434d-47e3-ba5a-512d0459d353","method":"GET","url":"/api/scraper-optimization","statusCode":200,"executionTimeMs":28.75,"cacheStatus":"n/a","filterParams":{},"paginationParams":{}}
{"level":30,"time":1781128302115,"pid":35288,"hostname":"preethika","requestId":"140f88ab-3652-48f6-a50c-a6b5824e6617","method":"GET","url":"/api/scraper-benchmarks?scraperName=SBENCH_TOP","statusCode":200,"executionTimeMs":223.74,"cacheStatus":"n/a","filterParams":{},"paginationParams":{}}
{"level":30,"time":1781128302148,"pid":35288,"hostname":"preethika","requestId":"446d7473-9c90-4e5d-ab2b-00f4c82fbd1e","method":"GET","url":"/api/scraper-benchmarks?scraperName=SBENCH_TOP","statusCode":200,"executionTimeMs":30.39,"cacheStatus":"n/a","filterParams":{},"paginationParams":{}}
{"level":30,"time":1781128302187,"pid":35288,"hostname":"preethika","requestId":"1b8500ff-19e8-4a29-813f-7117691ea21e","method":"GET","url":"/api/scraper-benchmarks?scraperName=SBENCH_BOTTOM","statusCode":200,"executionTimeMs":37.38,"cacheStatus":"n/a","filterParams":{},"paginationParams":{}}
{"level":30,"time":1781128302218,"pid":35288,"hostname":"preethika","requestId":"7a5ea75b-8b48-4cf5-b7f4-4c0f2ba3cf7b","method":"GET","url":"/api/scraper-benchmarks?scraperName=SBENCH_BOTTOM","statusCode":200,"executionTimeMs":29.94,"cacheStatus":"n/a","filterParams":{},"paginationParams":{}}
{"level":30,"time":1781128302254,"pid":35288,"hostname":"preethika","requestId":"0a573d2a-38db-4268-9989-e2d9b79e7b29","method":"GET","url":"/api/scraper-benchmarks?scraperName=SBENCH_EMPTY","statusCode":200,"executionTimeMs":33.78,"cacheStatus":"n/a","filterParams":{},"paginationParams":{}}
{"level":30,"time":1781128302293,"pid":35288,"hostname":"preethika","requestId":"9768c77f-b31b-446b-a5b9-38b737840a36","method":"GET","url":"/api/scraper-benchmarks?scraperName=SBENCH_EMPTY","statusCode":200,"executionTimeMs":38.12,"cacheStatus":"n/a","filterParams":{},"paginationParams":{}}
{"level":30,"time":1781128302323,"pid":35288,"hostname":"preethika","requestId":"bbb25c87-5cbe-4c93-b6fd-ca3202dd7335","method":"GET","url":"/api/scraper-benchmarks","statusCode":200,"executionTimeMs":28.96,"cacheStatus":"n/a","filterParams":{},"paginationParams":{}}
{"level":30,"time":1781128360324,"pid":35288,"hostname":"preethika","requestId":"d1d31605-2972-4b03-961e-cc8f211f112a","method":"GET","url":"/api/scraper-benchmarks?scraperName=SBENCH_TOP","statusCode":200,"executionTimeMs":29.14,"cacheStatus":"n/a","filterParams":{},"paginationParams":{}}
{"level":30,"time":1781128360358,"pid":35288,"hostname":"preethika","requestId":"489ec972-7bd6-4df1-9539-1f7fbf40b09d","method":"GET","url":"/api/scraper-benchmarks?scraperName=SBENCH_TOP","statusCode":200,"executionTimeMs":30.17,"cacheStatus":"n/a","filterParams":{},"paginationParams":{}}
{"level":30,"time":1781128360388,"pid":35288,"hostname":"preethika","requestId":"2a848b44-2a14-4ab8-a18c-d8dde9bdaf89","method":"GET","url":"/api/scraper-benchmarks?scraperName=SBENCH_BOTTOM","statusCode":200,"executionTimeMs":28.94,"cacheStatus":"n/a","filterParams":{},"paginationParams":{}}
{"level":30,"time":1781128360422,"pid":35288,"hostname":"preethika","requestId":"3d82e560-817e-49ab-b070-0127b662441e","method":"GET","url":"/api/scraper-benchmarks?scraperName=SBENCH_BOTTOM","statusCode":200,"executionTimeMs":33.12,"cacheStatus":"n/a","filterParams":{},"paginationParams":{}}
{"level":30,"time":1781128360453,"pid":35288,"hostname":"preethika","requestId":"d80f099a-b1b6-437e-88dc-6272c630aa7e","method":"GET","url":"/api/scraper-benchmarks?scraperName=SBENCH_EMPTY","statusCode":200,"executionTimeMs":28.97,"cacheStatus":"n/a","filterParams":{},"paginationParams":{}}
{"level":30,"time":1781128360482,"pid":35288,"hostname":"preethika","requestId":"d52f22b1-278f-48fe-bd34-a6820f0f122c","method":"GET","url":"/api/scraper-benchmarks?scraperName=SBENCH_EMPTY","statusCode":200,"executionTimeMs":28.89,"cacheStatus":"n/a","filterParams":{},"paginationParams":{}}
{"level":30,"time":1781128360512,"pid":35288,"hostname":"preethika","requestId":"67b4db3e-6e81-4687-920d-5804af960782","method":"GET","url":"/api/scraper-benchmarks","statusCode":200,"executionTimeMs":28.97,"cacheStatus":"n/a","filterParams":{},"paginationParams":{}}
{"level":30,"time":1781128619466,"pid":10176,"hostname":"preethika","requestId":"d4d25f6c-64a9-4170-be88-e7b7866167c3","method":"GET","url":"/api/scraper-benchmarks?scraperName=SHARDEN_TOP_1","statusCode":200,"executionTimeMs":45.15,"cacheStatus":"n/a","filterParams":{},"paginationParams":{}}
{"level":30,"time":1781128619508,"pid":10176,"hostname":"preethika","requestId":"3d22c50c-7cf4-4937-978f-2c42e46628e7","method":"GET","url":"/api/scraper-benchmarks?scraperName=SHARDEN_TOP_2","statusCode":200,"executionTimeMs":39.17,"cacheStatus":"n/a","filterParams":{},"paginationParams":{}}
{"level":30,"time":1781128619539,"pid":10176,"hostname":"preethika","requestId":"758eaa87-22a7-4358-b811-7a21b6504410","method":"GET","url":"/api/scraper-benchmarks?scraperName=SHARDEN_LOW_RUNS","statusCode":200,"executionTimeMs":29.43,"cacheStatus":"n/a","filterParams":{},"paginationParams":{}}
{"level":30,"time":1781128619571,"pid":10176,"hostname":"preethika","requestId":"70bbf68d-3a28-412c-a858-6fc04c893324","method":"GET","url":"/api/scraper-benchmarks?scraperName=SHARDEN_OUTLIER","statusCode":200,"executionTimeMs":29.53,"cacheStatus":"n/a","filterParams":{},"paginationParams":{}}
{"level":30,"time":1781128619616,"pid":10176,"hostname":"preethika","requestId":"2ae58756-c206-4c34-be45-8d16fa508d85","method":"GET","url":"/api/scraper-benchmarks","statusCode":200,"executionTimeMs":43.54,"cacheStatus":"n/a","filterParams":{},"paginationParams":{}}
{"level":30,"time":1781128839494,"pid":37844,"hostname":"preethika","requestId":"3c2cc981-182d-4a92-9b62-bb4d81a1ebdd","method":"GET","url":"/api/benchmark-dashboard","statusCode":200,"executionTimeMs":49.92,"cacheStatus":"n/a","filterParams":{},"paginationParams":{}}
{"level":30,"time":1781128839528,"pid":37844,"hostname":"preethika","requestId":"04d994f9-1ce9-41a6-8199-e099fd9ca10d","method":"GET","url":"/api/benchmark-dashboard","statusCode":200,"executionTimeMs":31.26,"cacheStatus":"n/a","filterParams":{},"paginationParams":{}}
{"level":30,"time":1781129113888,"pid":620,"hostname":"preethika","requestId":"d3ab29ed-99d4-4533-9562-59557fe84ac7","method":"GET","url":"/api/benchmark-snapshots?scraperName=SSNAP_FULL","statusCode":200,"executionTimeMs":231.03,"cacheStatus":"n/a","filterParams":{},"paginationParams":{}}
{"level":30,"time":1781129113923,"pid":620,"hostname":"preethika","requestId":"547714bd-2a24-42a3-a49f-dc4171f5179f","method":"GET","url":"/api/benchmark-snapshots?scraperName=SSNAP_FULL","statusCode":200,"executionTimeMs":32.31,"cacheStatus":"n/a","filterParams":{},"paginationParams":{}}
{"level":30,"time":1781129113953,"pid":620,"hostname":"preethika","requestId":"80932258-6647-46db-9391-116d2fa774b3","method":"GET","url":"/api/benchmark-snapshots?scraperName=SSNAP_EMPTY","statusCode":200,"executionTimeMs":28.7,"cacheStatus":"n/a","filterParams":{},"paginationParams":{}}
{"level":30,"time":1781129113984,"pid":620,"hostname":"preethika","requestId":"7991ad82-0d34-4673-bdf6-0ee2413d851f","method":"GET","url":"/api/benchmark-snapshots?scraperName=SSNAP_EMPTY","statusCode":200,"executionTimeMs":29.33,"cacheStatus":"n/a","filterParams":{},"paginationParams":{}}
{"level":30,"time":1781129580766,"pid":32612,"hostname":"preethika","requestId":"95e0215f-57ab-457e-a2bc-34bff425cd6f","method":"GET","url":"/api/colleges?search=&page=1&limit=12","statusCode":200,"executionTimeMs":201.41,"cacheStatus":"n/a","filterParams":{},"paginationParams":{"page":"1","limit":"12"}}
{"level":30,"time":1781129583834,"pid":32612,"hostname":"preethika","requestId":"964a4e22-197f-4cb6-9eef-d12899fea0a7","method":"GET","url":"/api/colleges/details/ACEG","statusCode":200,"executionTimeMs":437.99,"cacheStatus":"n/a","filterParams":{},"paginationParams":{}}
{"level":30,"time":1781129584181,"pid":32612,"hostname":"preethika","requestId":"2ad35ff8-404e-40c6-b4ce-72e397ec447a","method":"GET","url":"/api/colleges/details/ACEG","statusCode":304,"executionTimeMs":345.56,"cacheStatus":"n/a","filterParams":{},"paginationParams":{}}
{"level":30,"time":1781129599408,"pid":32612,"hostname":"preethika","requestId":"2055693b-91b9-4032-9002-89cb046f72d8","method":"GET","url":"/api/colleges?search=&page=1&limit=12","statusCode":304,"executionTimeMs":126.1,"cacheStatus":"n/a","filterParams":{},"paginationParams":{"page":"1","limit":"12"}}
{"level":30,"time":1781129603008,"pid":32612,"hostname":"preethika","requestId":"4a8ce6c4-3514-476f-85bc-dd84983500af","method":"GET","url":"/api/current-phase","statusCode":304,"executionTimeMs":1.21,"cacheStatus":"n/a","filterParams":{},"paginationParams":{}}
{"level":30,"time":1781129603010,"pid":32612,"hostname":"preethika","requestId":"50e87040-3e59-4e76-9f04-286bc314f773","method":"GET","url":"/api/current-phase","statusCode":304,"executionTimeMs":0.97,"cacheStatus":"n/a","filterParams":{},"paginationParams":{}}
{"level":30,"time":1781129603050,"pid":32612,"hostname":"preethika","requestId":"462be0d7-1536-4641-9501-e35bc9b1b4db","method":"GET","url":"/api/saved-options","statusCode":304,"executionTimeMs":37.84,"cacheStatus":"n/a","filterParams":{},"paginationParams":{}}
{"level":30,"time":1781129603083,"pid":32612,"hostname":"preethika","requestId":"4e4ccb9a-f7c8-4ed7-bafe-039efd91c3f9","method":"GET","url":"/api/saved-options","statusCode":304,"executionTimeMs":31.81,"cacheStatus":"n/a","filterParams":{},"paginationParams":{}}
{"level":30,"time":1781129610699,"pid":32612,"hostname":"preethika","requestId":"2b8870ec-909b-4033-9a83-205953455610","method":"POST","url":"/api/auth/login","statusCode":200,"executionTimeMs":215.92,"cacheStatus":"n/a","filterParams":{},"paginationParams":{}}
{"level":30,"time":1781129610789,"pid":32612,"hostname":"preethika","requestId":"19dd28e1-2291-4b63-9992-932e21197d5b","method":"GET","url":"/api/institution/my-college","statusCode":200,"executionTimeMs":41.08,"cacheStatus":"n/a","filterParams":{},"paginationParams":{}}
{"level":30,"time":1781129610823,"pid":32612,"hostname":"preethika","requestId":"f4d97669-8964-43d5-b1f4-a16fe20d55ab","method":"GET","url":"/api/institution/my-college","statusCode":304,"executionTimeMs":32.59,"cacheStatus":"n/a","filterParams":{},"paginationParams":{}}
{"level":30,"time":1781129621136,"pid":32612,"hostname":"preethika","requestId":"bfb77805-491a-46d9-ae77-b062deb57a7e","method":"GET","url":"/api/colleges?search=&page=1&limit=12","statusCode":304,"executionTimeMs":133.16,"cacheStatus":"n/a","filterParams":{},"paginationParams":{"page":"1","limit":"12"}}
{"level":30,"time":1781129624027,"pid":32612,"hostname":"preethika","requestId":"3a2e043d-4d13-4b29-a0ad-2af96f23663e","method":"GET","url":"/api/colleges/details/ACEG","statusCode":304,"executionTimeMs":511.4,"cacheStatus":"n/a","filterParams":{},"paginationParams":{}}
{"level":30,"time":1781129624284,"pid":32612,"hostname":"preethika","requestId":"d44f3de7-4b1e-45f9-9e8c-e173361bbb63","method":"GET","url":"/api/colleges/details/ACEG","statusCode":304,"executionTimeMs":255.68,"cacheStatus":"n/a","filterParams":{},"paginationParams":{}}
{"level":30,"time":1781129638304,"pid":32612,"hostname":"preethika","requestId":"570225dc-652a-4622-b198-c5a129bfa233","method":"GET","url":"/api/institution/my-college","statusCode":304,"executionTimeMs":38.07,"cacheStatus":"n/a","filterParams":{},"paginationParams":{}}
{"level":30,"time":1781129638352,"pid":32612,"hostname":"preethika","requestId":"a92023c4-f1a8-4b06-9c13-b2c058a60dc5","method":"GET","url":"/api/institution/my-college","statusCode":304,"executionTimeMs":44.72,"cacheStatus":"n/a","filterParams":{},"paginationParams":{}}
{"level":30,"time":1781129640204,"pid":32612,"hostname":"preethika","requestId":"139d743c-a8d3-4fe0-acb4-d4ee0e738422","method":"GET","url":"/api/institution/my-college","statusCode":304,"executionTimeMs":36.24,"cacheStatus":"n/a","filterParams":{},"paginationParams":{}}
{"level":30,"time":1781129640249,"pid":32612,"hostname":"preethika","requestId":"17f87097-03e5-4c83-9b2a-bc0922134f85","method":"GET","url":"/api/institution/my-college","statusCode":304,"executionTimeMs":44.12,"cacheStatus":"n/a","filterParams":{},"paginationParams":{}}
{"level":30,"time":1781129648849,"pid":32612,"hostname":"preethika","requestId":"8e14f5f3-10a6-4272-9f49-1dd30b384f3d","method":"GET","url":"/api/colleges?search=&page=1&limit=12","statusCode":304,"executionTimeMs":150.53,"cacheStatus":"n/a","filterParams":{},"paginationParams":{"page":"1","limit":"12"}}
{"level":30,"time":1781129649416,"pid":32612,"hostname":"preethika","requestId":"01eb2217-1db1-4262-9daa-9aad55f14fe7","method":"GET","url":"/api/institution/my-college","statusCode":304,"executionTimeMs":33.03,"cacheStatus":"n/a","filterParams":{},"paginationParams":{}}
{"level":30,"time":1781129649447,"pid":32612,"hostname":"preethika","requestId":"810855ac-9a41-45ad-aa53-07ebeebb7230","method":"GET","url":"/api/institution/my-college","statusCode":304,"executionTimeMs":30.39,"cacheStatus":"n/a","filterParams":{},"paginationParams":{}}
{"level":30,"time":1781129656257,"pid":32612,"hostname":"preethika","requestId":"77853567-be05-4017-adba-65232f080e24","method":"GET","url":"/api/institution/my-college","statusCode":304,"executionTimeMs":45.68,"cacheStatus":"n/a","filterParams":{},"paginationParams":{}}
{"level":30,"time":1781129656290,"pid":32612,"hostname":"preethika","requestId":"bcb56c4e-bfea-47f8-9f71-56139758e1b9","method":"GET","url":"/api/institution/my-college","statusCode":304,"executionTimeMs":31.7,"cacheStatus":"n/a","filterParams":{},"paginationParams":{}}
{"level":30,"time":1781129667225,"pid":32612,"hostname":"preethika","requestId":"abd8a617-2cca-4a35-8de4-3eb7b2578f08","method":"POST","url":"/api/auth/google","statusCode":200,"executionTimeMs":294.46,"cacheStatus":"n/a","filterParams":{},"paginationParams":{}}
{"level":30,"time":1781129667306,"pid":32612,"hostname":"preethika","requestId":"f5a3fd4c-86e6-40d8-83b3-db366a22c664","method":"GET","url":"/api/current-phase","statusCode":304,"executionTimeMs":0.79,"cacheStatus":"n/a","filterParams":{},"paginationParams":{}}
{"level":30,"time":1781129667309,"pid":32612,"hostname":"preethika","requestId":"6703bbc0-2751-4edd-b0e0-a0303db9641d","method":"GET","url":"/api/current-phase","statusCode":304,"executionTimeMs":1.01,"cacheStatus":"n/a","filterParams":{},"paginationParams":{}}
{"level":30,"time":1781129667344,"pid":32612,"hostname":"preethika","requestId":"f01847a7-1a5f-42f2-a0df-8982954421b5","method":"GET","url":"/api/saved-options","statusCode":304,"executionTimeMs":34.27,"cacheStatus":"n/a","filterParams":{},"paginationParams":{}}
{"level":30,"time":1781129667381,"pid":32612,"hostname":"preethika","requestId":"79abcddd-c211-493d-9d88-41678b49ee23","method":"GET","url":"/api/saved-options","statusCode":304,"executionTimeMs":33.77,"cacheStatus":"n/a","filterParams":{},"paginationParams":{}}
{"level":30,"time":1781129673049,"pid":32612,"hostname":"preethika","requestId":"94783d81-623b-4c90-9664-ad66bf1ad2ba","method":"GET","url":"/api/colleges/branches","statusCode":304,"executionTimeMs":46.41,"cacheStatus":"n/a","filterParams":{},"paginationParams":{}}
{"level":30,"time":1781129673087,"pid":32612,"hostname":"preethika","requestId":"737b2c89-9fd7-4f5a-bd9f-36af1e09266b","method":"GET","url":"/api/districts","statusCode":304,"executionTimeMs":81.75,"cacheStatus":"n/a","filterParams":{},"paginationParams":{}}
{"level":30,"time":1781129673097,"pid":32612,"hostname":"preethika","requestId":"0fa36b5b-5810-43ac-bae2-30965794fbe1","method":"GET","url":"/api/colleges/branches","statusCode":304,"executionTimeMs":46.13,"cacheStatus":"n/a","filterParams":{},"paginationParams":{}}
{"level":30,"time":1781129673164,"pid":32612,"hostname":"preethika","requestId":"589b8437-403a-447c-b2a2-9b94c9e64c1b","method":"GET","url":"/api/districts","statusCode":304,"executionTimeMs":75.49,"cacheStatus":"n/a","filterParams":{},"paginationParams":{}}
{"level":30,"time":1781129675960,"pid":32612,"hostname":"preethika","requestId":"c9b27820-a0b0-448f-b5b4-5742b2c29fa7","method":"GET","url":"/api/colleges?search=&page=1&limit=12","statusCode":304,"executionTimeMs":125.6,"cacheStatus":"n/a","filterParams":{},"paginationParams":{"page":"1","limit":"12"}}
{"level":30,"time":1781154345778,"pid":5044,"hostname":"preethika","requestId":"09b80c4c-dfeb-4452-8873-5497cf423b23","method":"GET","url":"/api/benchmark-snapshots?scraperName=SSNAP_FULL","statusCode":200,"executionTimeMs":82.76,"cacheStatus":"n/a","filterParams":{},"paginationParams":{}}
{"level":30,"time":1781154345839,"pid":5044,"hostname":"preethika","requestId":"929e8aa1-e696-4704-a08c-eec3517a455c","method":"GET","url":"/api/benchmark-snapshots?scraperName=SSNAP_EMPTY","statusCode":200,"executionTimeMs":54.33,"cacheStatus":"n/a","filterParams":{},"paginationParams":{}}
{"level":30,"time":1781154345899,"pid":5044,"hostname":"preethika","requestId":"db371b2b-65e5-4620-8175-148a0c278003","method":"GET","url":"/api/benchmark-snapshots?scraperName=SSNAP_MISSING_7D","statusCode":200,"executionTimeMs":57.72,"cacheStatus":"n/a","filterParams":{},"paginationParams":{}}
{"level":30,"time":1781154345959,"pid":5044,"hostname":"preethika","requestId":"1984b1bf-b05d-4b7f-b824-03655742223d","method":"GET","url":"/api/benchmark-snapshots?scraperName=SSNAP_MISSING_30D","statusCode":200,"executionTimeMs":57.89,"cacheStatus":"n/a","filterParams":{},"paginationParams":{}}
{"level":30,"time":1781154462406,"pid":12900,"hostname":"preethika","requestId":"ffd9e2fa-3da2-48cf-849f-d8daec7b57b4","method":"GET","url":"/api/benchmark-snapshots?scraperName=SSNAP_FULL","statusCode":200,"executionTimeMs":68.29,"cacheStatus":"n/a","filterParams":{},"paginationParams":{}}
{"level":30,"time":1781154462466,"pid":12900,"hostname":"preethika","requestId":"32832fce-3784-43ee-a92c-db0e3f721594","method":"GET","url":"/api/benchmark-snapshots?scraperName=SSNAP_EMPTY","statusCode":200,"executionTimeMs":52.63,"cacheStatus":"n/a","filterParams":{},"paginationParams":{}}
{"level":30,"time":1781154462515,"pid":12900,"hostname":"preethika","requestId":"ac68b8a2-24e6-4197-b48e-bcc596c7b3de","method":"GET","url":"/api/benchmark-snapshots?scraperName=SSNAP_MISSING_7D","statusCode":200,"executionTimeMs":46.33,"cacheStatus":"n/a","filterParams":{},"paginationParams":{}}
{"level":30,"time":1781154462570,"pid":12900,"hostname":"preethika","requestId":"78a5801a-28f2-4c52-93ff-0c3bb73a8c64","method":"GET","url":"/api/benchmark-snapshots?scraperName=SSNAP_MISSING_30D","statusCode":200,"executionTimeMs":53.5,"cacheStatus":"n/a","filterParams":{},"paginationParams":{}}
{"level":30,"time":1781155526157,"pid":13300,"hostname":"preethika","requestId":"93301de2-9458-4196-a414-1bd4d61c52a5","method":"GET","url":"/api/benchmark-forecast?scraperName=FCST_UPWARD","statusCode":200,"executionTimeMs":74.79,"cacheStatus":"n/a","filterParams":{},"paginationParams":{}}
{"level":30,"time":1781155526223,"pid":13300,"hostname":"preethika","requestId":"c4e17f18-9707-4130-97c5-1c1e1e7d5aa8","method":"GET","url":"/api/benchmark-forecast?scraperName=FCST_UPWARD","statusCode":200,"executionTimeMs":62.44,"cacheStatus":"n/a","filterParams":{},"paginationParams":{}}
{"level":30,"time":1781155526283,"pid":13300,"hostname":"preethika","requestId":"27925ad3-7d86-4944-ad28-e7e8f5cf8c4f","method":"GET","url":"/api/benchmark-forecast?scraperName=FCST_DOWNWARD","statusCode":200,"executionTimeMs":58.3,"cacheStatus":"n/a","filterParams":{},"paginationParams":{}}
{"level":30,"time":1781155526342,"pid":13300,"hostname":"preethika","requestId":"c2cfb6f6-5654-4898-9948-cac1373bc615","method":"GET","url":"/api/benchmark-forecast?scraperName=FCST_DOWNWARD","statusCode":200,"executionTimeMs":56.86,"cacheStatus":"n/a","filterParams":{},"paginationParams":{}}
{"level":30,"time":1781155526392,"pid":13300,"hostname":"preethika","requestId":"88fe159f-bbb5-4d19-884f-66253c205939","method":"GET","url":"/api/benchmark-forecast?scraperName=FCST_FLAT","statusCode":200,"executionTimeMs":47.59,"cacheStatus":"n/a","filterParams":{},"paginationParams":{}}
{"level":30,"time":1781155526450,"pid":13300,"hostname":"preethika","requestId":"4d1cec4f-5618-4829-a837-6078d52c2949","method":"GET","url":"/api/benchmark-forecast?scraperName=FCST_FLAT","statusCode":200,"executionTimeMs":55.99,"cacheStatus":"n/a","filterParams":{},"paginationParams":{}}
{"level":30,"time":1781155526506,"pid":13300,"hostname":"preethika","requestId":"b67ca709-fd33-4852-9365-3fb579cb044d","method":"GET","url":"/api/benchmark-forecast?scraperName=FCST_INSUFFICIENT","statusCode":200,"executionTimeMs":53.73,"cacheStatus":"n/a","filterParams":{},"paginationParams":{}}
{"level":30,"time":1781155526568,"pid":13300,"hostname":"preethika","requestId":"38238792-aa95-46ca-8e46-7dfadb0b41a2","method":"GET","url":"/api/benchmark-forecast?scraperName=FCST_INSUFFICIENT","statusCode":200,"executionTimeMs":60.59,"cacheStatus":"n/a","filterParams":{},"paginationParams":{}}
{"level":30,"time":1781155934762,"pid":18176,"hostname":"preethika","requestId":"0b2d4b22-faad-438f-bad5-80b2c97ad846","method":"GET","url":"/api/benchmark-forecast?scraperName=FCST_OUTLIER","statusCode":200,"executionTimeMs":64.33,"cacheStatus":"n/a","filterParams":{},"paginationParams":{}}
{"level":30,"time":1781155934818,"pid":18176,"hostname":"preethika","requestId":"fe14248e-edf6-4f91-89f7-1e289d0d6b5a","method":"GET","url":"/api/benchmark-forecast?scraperName=FCST_OUTLIER&useEma=true","statusCode":200,"executionTimeMs":49.83,"cacheStatus":"n/a","filterParams":{},"paginationParams":{}}
{"level":30,"time":1781155934877,"pid":18176,"hostname":"preethika","requestId":"becfec57-bc2f-45db-a079-9ffc6ba2716d","method":"GET","url":"/api/benchmark-forecast?scraperName=FCST_STALE","statusCode":200,"executionTimeMs":56.19,"cacheStatus":"n/a","filterParams":{},"paginationParams":{}}
{"level":30,"time":1781155934932,"pid":18176,"hostname":"preethika","requestId":"bec71a5c-7e5e-45e0-8ad8-062e2fc9c03a","method":"GET","url":"/api/benchmark-forecast?scraperName=FCST_STALE&useEma=true","statusCode":200,"executionTimeMs":52.33,"cacheStatus":"n/a","filterParams":{},"paginationParams":{}}
{"level":30,"time":1781155934986,"pid":18176,"hostname":"preethika","requestId":"35a12a6e-93f8-4098-b6a3-ad7865a69915","method":"GET","url":"/api/benchmark-forecast?scraperName=FCST_BOUNDS","statusCode":200,"executionTimeMs":52.05,"cacheStatus":"n/a","filterParams":{},"paginationParams":{}}
{"level":30,"time":1781155935036,"pid":18176,"hostname":"preethika","requestId":"d7491eb4-291b-45e6-8cf9-2fa7df8f98a6","method":"GET","url":"/api/benchmark-forecast?scraperName=FCST_BOUNDS&useEma=true","statusCode":200,"executionTimeMs":48.53,"cacheStatus":"n/a","filterParams":{},"paginationParams":{}}
{"level":30,"time":1781155935087,"pid":18176,"hostname":"preethika","requestId":"74749c87-b272-4701-8013-70fb3f03fe5b","method":"GET","url":"/api/benchmark-forecast?scraperName=FCST_EMA","statusCode":200,"executionTimeMs":48.44,"cacheStatus":"n/a","filterParams":{},"paginationParams":{}}
{"level":30,"time":1781155935137,"pid":18176,"hostname":"preethika","requestId":"46e5ba92-23c6-4b92-aa42-80123b83db94","method":"GET","url":"/api/benchmark-forecast?scraperName=FCST_EMA&useEma=true","statusCode":200,"executionTimeMs":47.47,"cacheStatus":"n/a","filterParams":{},"paginationParams":{}}
{"level":30,"time":1781156069052,"pid":10788,"hostname":"preethika","requestId":"436926a2-50ad-4703-8cc3-6cff5d671384","method":"GET","url":"/api/benchmark-forecast?scraperName=FCST_OUTLIER","statusCode":200,"executionTimeMs":74.05,"cacheStatus":"n/a","filterParams":{},"paginationParams":{}}
{"level":30,"time":1781156069115,"pid":10788,"hostname":"preethika","requestId":"c7544059-e7ca-491c-ab44-c4f3c512d0d2","method":"GET","url":"/api/benchmark-forecast?scraperName=FCST_OUTLIER&useEma=true","statusCode":200,"executionTimeMs":58.36,"cacheStatus":"n/a","filterParams":{},"paginationParams":{}}
{"level":30,"time":1781156069194,"pid":10788,"hostname":"preethika","requestId":"d47d3df8-8ed6-4d20-b48f-16cc93c5f49b","method":"GET","url":"/api/benchmark-forecast?scraperName=FCST_STALE","statusCode":200,"executionTimeMs":76.51,"cacheStatus":"n/a","filterParams":{},"paginationParams":{}}
{"level":30,"time":1781156069253,"pid":10788,"hostname":"preethika","requestId":"c00a812f-b542-41fa-a4c0-cd55b2e4cd7e","method":"GET","url":"/api/benchmark-forecast?scraperName=FCST_STALE&useEma=true","statusCode":200,"executionTimeMs":56.6,"cacheStatus":"n/a","filterParams":{},"paginationParams":{}}
{"level":30,"time":1781156069313,"pid":10788,"hostname":"preethika","requestId":"cf8b690f-3697-479e-858a-fde12916025b","method":"GET","url":"/api/benchmark-forecast?scraperName=FCST_BOUNDS","statusCode":200,"executionTimeMs":57.43,"cacheStatus":"n/a","filterParams":{},"paginationParams":{}}
{"level":30,"time":1781156069368,"pid":10788,"hostname":"preethika","requestId":"c20a5103-ff65-4f50-afed-bfbb8e2f971d","method":"GET","url":"/api/benchmark-forecast?scraperName=FCST_BOUNDS&useEma=true","statusCode":200,"executionTimeMs":52.96,"cacheStatus":"n/a","filterParams":{},"paginationParams":{}}
{"level":30,"time":1781156069433,"pid":10788,"hostname":"preethika","requestId":"9992a440-b567-44a3-94d4-811ff1d78507","method":"GET","url":"/api/benchmark-forecast?scraperName=FCST_EMA","statusCode":200,"executionTimeMs":61.27,"cacheStatus":"n/a","filterParams":{},"paginationParams":{}}
{"level":30,"time":1781156069488,"pid":10788,"hostname":"preethika","requestId":"00df9302-d3f4-4143-bc72-48aa1843d54e","method":"GET","url":"/api/benchmark-forecast?scraperName=FCST_EMA&useEma=true","statusCode":200,"executionTimeMs":52.49,"cacheStatus":"n/a","filterParams":{},"paginationParams":{}}
{"level":30,"time":1781156843423,"pid":11024,"hostname":"preethika","requestId":"2133a07e-3947-4f6e-b832-eee388f01e22","method":"GET","url":"/api/benchmark-forecast?scraperName=FCST_OUTLIER","statusCode":200,"executionTimeMs":69.44,"cacheStatus":"n/a","filterParams":{},"paginationParams":{}}
{"level":30,"time":1781156843484,"pid":11024,"hostname":"preethika","requestId":"3bd953c9-8c1f-443e-9673-57f93091de54","method":"GET","url":"/api/benchmark-forecast?scraperName=FCST_OUTLIER&useEma=true","statusCode":200,"executionTimeMs":53.04,"cacheStatus":"n/a","filterParams":{},"paginationParams":{}}
{"level":30,"time":1781156843541,"pid":11024,"hostname":"preethika","requestId":"7ad4aa59-65c3-4d51-b832-b306732fbe59","method":"GET","url":"/api/benchmark-forecast?scraperName=FCST_STALE","statusCode":200,"executionTimeMs":54.53,"cacheStatus":"n/a","filterParams":{},"paginationParams":{}}
{"level":30,"time":1781156843600,"pid":11024,"hostname":"preethika","requestId":"834e6a4b-64a0-44e3-9182-774785a9f6e6","method":"GET","url":"/api/benchmark-forecast?scraperName=FCST_STALE&useEma=true","statusCode":200,"executionTimeMs":56.75,"cacheStatus":"n/a","filterParams":{},"paginationParams":{}}
{"level":30,"time":1781156843653,"pid":11024,"hostname":"preethika","requestId":"a6fd327e-50d2-421c-a3fd-0f8bc2b4234b","method":"GET","url":"/api/benchmark-forecast?scraperName=FCST_BOUNDS","statusCode":200,"executionTimeMs":51.36,"cacheStatus":"n/a","filterParams":{},"paginationParams":{}}
{"level":30,"time":1781156843713,"pid":11024,"hostname":"preethika","requestId":"40480e85-5bd7-468d-a944-bbf0b83715c7","method":"GET","url":"/api/benchmark-forecast?scraperName=FCST_BOUNDS&useEma=true","statusCode":200,"executionTimeMs":57.26,"cacheStatus":"n/a","filterParams":{},"paginationParams":{}}
{"level":30,"time":1781156843768,"pid":11024,"hostname":"preethika","requestId":"4d3967b7-7a88-4df9-b89e-d3d48e70f927","method":"GET","url":"/api/benchmark-forecast?scraperName=FCST_EMA","statusCode":200,"executionTimeMs":52.9,"cacheStatus":"n/a","filterParams":{},"paginationParams":{}}
{"level":30,"time":1781156843824,"pid":11024,"hostname":"preethika","requestId":"a2f52e27-3a45-4cd2-b499-e43a2e1a1adb","method":"GET","url":"/api/benchmark-forecast?scraperName=FCST_EMA&useEma=true","statusCode":200,"executionTimeMs":54.36,"cacheStatus":"n/a","filterParams":{},"paginationParams":{}}
{"level":30,"time":1781156843878,"pid":11024,"hostname":"preethika","requestId":"885a6615-84dc-4168-bbe0-4341dd864274","method":"GET","url":"/api/benchmark-forecast?scraperName=FCST_NEG_CONF","statusCode":200,"executionTimeMs":50.91,"cacheStatus":"n/a","filterParams":{},"paginationParams":{}}
{"level":30,"time":1781156843932,"pid":11024,"hostname":"preethika","requestId":"c9dd2386-50a7-4b40-817d-fc3bf1fdae77","method":"GET","url":"/api/benchmark-forecast?scraperName=FCST_NEG_CONF&useEma=true","statusCode":200,"executionTimeMs":51.7,"cacheStatus":"n/a","filterParams":{},"paginationParams":{}}
{"level":30,"time":1781157168167,"pid":12608,"hostname":"preethika","requestId":"46adeeba-f70d-4c81-8d2e-4286aa52be71","method":"GET","url":"/api/forecast-dashboard","statusCode":200,"executionTimeMs":246.66,"cacheStatus":"n/a","filterParams":{},"paginationParams":{}}
{"level":30,"time":1781157168293,"pid":12608,"hostname":"preethika","requestId":"5d25c0da-cc37-4b64-bb6f-57e75b6efd3d","method":"GET","url":"/api/forecast-dashboard","statusCode":200,"executionTimeMs":120.08,"cacheStatus":"n/a","filterParams":{},"paginationParams":{}}
{"level":30,"time":1781157168426,"pid":12608,"hostname":"preethika","requestId":"9a7d7fea-c8a5-4d01-aed0-94b886b2f2ae","method":"GET","url":"/api/forecast-dashboard?limit=2","statusCode":200,"executionTimeMs":128.47,"cacheStatus":"n/a","filterParams":{},"paginationParams":{"limit":"2"}}
{"level":30,"time":1781157168548,"pid":12608,"hostname":"preethika","requestId":"cbe88e84-59d7-4437-a030-d17881c7089c","method":"GET","url":"/api/forecast-dashboard?useEma=true","statusCode":200,"executionTimeMs":119.45,"cacheStatus":"n/a","filterParams":{},"paginationParams":{}}
{"level":30,"time":1781157754180,"pid":19028,"hostname":"preethika","requestId":"6313f74d-99c5-4bc0-830d-ed6bf8be180e","method":"POST","url":"/api/orchestration/run","statusCode":200,"executionTimeMs":999.14,"cacheStatus":"n/a","filterParams":{},"paginationParams":{}}
{"level":30,"time":1781157754692,"pid":19028,"hostname":"preethika","requestId":"7f2596bf-cbde-4273-a9f2-83738868f105","method":"POST","url":"/api/orchestration/run","statusCode":200,"executionTimeMs":503.34,"cacheStatus":"n/a","filterParams":{},"paginationParams":{}}
{"level":30,"time":1781157756278,"pid":19028,"hostname":"preethika","requestId":"c62067dd-5e67-4677-9fd0-107d7fc27efe","method":"POST","url":"/api/orchestration/run","statusCode":200,"executionTimeMs":226.84,"cacheStatus":"n/a","filterParams":{},"paginationParams":{}}
{"level":30,"time":1781157757199,"pid":19028,"hostname":"preethika","requestId":"ef6b0af8-bb9a-4617-a2e3-79f58361fed8","method":"POST","url":"/api/orchestration/run","statusCode":200,"executionTimeMs":275.39,"cacheStatus":"n/a","filterParams":{},"paginationParams":{}}
{"level":30,"time":1781157759507,"pid":19028,"hostname":"preethika","requestId":"0b5ab4e1-ea2c-4ebc-ba9b-c854f95965f1","method":"POST","url":"/api/orchestration/run","statusCode":200,"executionTimeMs":1208.84,"cacheStatus":"n/a","filterParams":{},"paginationParams":{}}
{"level":30,"time":1781157760962,"pid":19028,"hostname":"preethika","requestId":"976b40ef-353e-4aeb-b70b-019fcfba0ba9","method":"POST","url":"/api/orchestration/run","statusCode":200,"executionTimeMs":774.84,"cacheStatus":"n/a","filterParams":{},"paginationParams":{}}
{"level":30,"time":1781157761770,"pid":19028,"hostname":"preethika","requestId":"ced12fb8-d5cc-4300-858d-40fa2ad9b84b","method":"GET","url":"/api/orchestration/status","statusCode":200,"executionTimeMs":172.06,"cacheStatus":"n/a","filterParams":{},"paginationParams":{}}
{"level":30,"time":1781157761912,"pid":19028,"hostname":"preethika","requestId":"cbc7fc00-2684-407d-9c4b-d0ca7b23b8ed","method":"GET","url":"/api/orchestration/status","statusCode":200,"executionTimeMs":139,"cacheStatus":"n/a","filterParams":{},"paginationParams":{}}
{"level":30,"time":1781158025145,"pid":19028,"hostname":"preethika","requestId":"83487a23-0d3a-4a01-97b9-12d9fb7294ec","method":"POST","url":"/api/orchestration/run","statusCode":409,"executionTimeMs":1.95,"cacheStatus":"n/a","filterParams":{},"paginationParams":{}}
{"level":30,"time":1781158026062,"pid":19028,"hostname":"preethika","requestId":"cdd73f66-4b71-4dfc-b1e0-793afdae775d","method":"POST","url":"/api/orchestration/run","statusCode":200,"executionTimeMs":921.47,"cacheStatus":"n/a","filterParams":{},"paginationParams":{}}
{"level":30,"time":1781158028351,"pid":19028,"hostname":"preethika","requestId":"79ff3a51-058b-44e0-80a3-f241304e0d59","method":"POST","url":"/api/orchestration/run","statusCode":200,"executionTimeMs":414.5,"cacheStatus":"n/a","filterParams":{},"paginationParams":{}}
{"level":30,"time":1781158029291,"pid":19028,"hostname":"preethika","requestId":"a276b2ee-9bfa-4a6a-8179-edca2e5d76c5","method":"POST","url":"/api/orchestration/run","statusCode":200,"executionTimeMs":301.81,"cacheStatus":"n/a","filterParams":{},"paginationParams":{}}
{"level":30,"time":1781158030221,"pid":19028,"hostname":"preethika","requestId":"5c4d9d79-bd17-477d-aafd-94ef95dfe90e","method":"POST","url":"/api/orchestration/run","statusCode":200,"executionTimeMs":292.68,"cacheStatus":"n/a","filterParams":{},"paginationParams":{}}
{"level":30,"time":1781158031679,"pid":19028,"hostname":"preethika","requestId":"34e6f09d-473d-4261-9098-2340fbf231f1","method":"POST","url":"/api/orchestration/run","statusCode":200,"executionTimeMs":580.02,"cacheStatus":"n/a","filterParams":{},"paginationParams":{}}
{"level":30,"time":1781158032523,"pid":19028,"hostname":"preethika","requestId":"68d95af6-3ca2-4daa-99d7-0d1c693910f5","method":"GET","url":"/api/orchestration/status","statusCode":200,"executionTimeMs":326.08,"cacheStatus":"n/a","filterParams":{},"paginationParams":{}}
{"level":30,"time":1781158032589,"pid":19028,"hostname":"preethika","requestId":"a591a34a-6b76-47a1-9cb8-f644a54e1525","method":"GET","url":"/api/orchestration/status","statusCode":200,"executionTimeMs":62.91,"cacheStatus":"n/a","filterParams":{},"paginationParams":{}}
